frame.number,_ws.col.Time,frame.len,tcp.seq,ip.dst,tcp.dstport,tcp.time_relative,tcp.len,tcp.ack,tcp.srcport,frame.time_relative
"1","14:42:27.024072","76",,,,,,,,"0.000000000"
"2","14:42:27.080640","60","0","100.64.0.5","48192","0.000000000","0","1","5000","0.056568000"
"3","14:42:27.080687","52","1","172.26.191.172","5000","0.000047000","0","1","48192","0.056615000"
"4","14:42:27.080995","100","1","172.26.191.172","5000","0.000355000","48","1","48192","0.056923000"
"5","14:42:27.081006","100","49","172.26.191.172","5000","0.000366000","48","1","48192","0.056934000"
"6","14:42:27.081021","100","97","172.26.191.172","5000","0.000381000","48","1","48192","0.056949000"
"7","14:42:27.081023","100","145","172.26.191.172","5000","0.000383000","48","1","48192","0.056951000"
"8","14:42:27.081030","100","193","172.26.191.172","5000","0.000390000","48","1","48192","0.056958000"
"9","14:42:27.081031","100","241","172.26.191.172","5000","0.000391000","48","1","48192","0.056959000"
"10","14:42:27.081038","100","289","172.26.191.172","5000","0.000398000","48","1","48192","0.056966000"
"11","14:42:27.081040","100","337","172.26.191.172","5000","0.000400000","48","1","48192","0.056968000"
"12","14:42:27.081046","100","385","172.26.191.172","5000","0.000406000","48","1","48192","0.056974000"
"13","14:42:27.081048","100","433","172.26.191.172","5000","0.000408000","48","1","48192","0.056976000"
"14","14:42:27.171046","52","1","100.64.0.5","48192","0.090406000","0","97","5000","0.146974000"
"15","14:42:27.171089","100","481","172.26.191.172","5000","0.090449000","48","1","48192","0.147017000"
"16","14:42:27.171099","100","529","172.26.191.172","5000","0.090459000","48","1","48192","0.147027000"
"17","14:42:27.171111","100","577","172.26.191.172","5000","0.090471000","48","1","48192","0.147039000"
"18","14:42:27.171113","100","625","172.26.191.172","5000","0.090473000","48","1","48192","0.147041000"
"19","14:42:27.171125","52","1","100.64.0.5","48192","0.090485000","0","193","5000","0.147053000"
"20","14:42:27.171138","100","673","172.26.191.172","5000","0.090498000","48","1","48192","0.147066000"
"21","14:42:27.171140","100","721","172.26.191.172","5000","0.090500000","48","1","48192","0.147068000"
"22","14:42:27.171147","100","769","172.26.191.172","5000","0.090507000","48","1","48192","0.147075000"
"23","14:42:27.171149","100","817","172.26.191.172","5000","0.090509000","48","1","48192","0.147077000"
"24","14:42:27.171156","52","1","100.64.0.5","48192","0.090516000","0","289","5000","0.147084000"
"25","14:42:27.171166","100","865","172.26.191.172","5000","0.090526000","48","1","48192","0.147094000"
"26","14:42:27.171167","100","913","172.26.191.172","5000","0.090527000","48","1","48192","0.147095000"
"27","14:42:27.171175","100","961","172.26.191.172","5000","0.090535000","48","1","48192","0.147103000"
"28","14:42:27.171176","100","1009","172.26.191.172","5000","0.090536000","48","1","48192","0.147104000"
"29","14:42:27.171182","52","1","100.64.0.5","48192","0.090542000","0","337","5000","0.147110000"
"30","14:42:27.171192","100","1057","172.26.191.172","5000","0.090552000","48","1","48192","0.147120000"
"31","14:42:27.171193","100","1105","172.26.191.172","5000","0.090553000","48","1","48192","0.147121000"
"32","14:42:27.171200","52","1","100.64.0.5","48192","0.090560000","0","385","5000","0.147128000"
"33","14:42:27.171210","100","1153","172.26.191.172","5000","0.090570000","48","1","48192","0.147138000"
"34","14:42:27.171211","100","1201","172.26.191.172","5000","0.090571000","48","1","48192","0.147139000"
"35","14:42:27.171218","52","1","100.64.0.5","48192","0.090578000","0","481","5000","0.147146000"
"36","14:42:27.171227","100","1249","172.26.191.172","5000","0.090587000","48","1","48192","0.147155000"
"37","14:42:27.171229","100","1297","172.26.191.172","5000","0.090589000","48","1","48192","0.147157000"
"38","14:42:27.171247","100","1345","172.26.191.172","5000","0.090607000","48","1","48192","0.147175000"
"39","14:42:27.171249","100","1393","172.26.191.172","5000","0.090609000","48","1","48192","0.147177000"
"40","14:42:27.231821","76",,,,,,,,"0.207749000"
"41","14:42:27.261365","52","1","100.64.0.5","48192","0.180725000","0","577","5000","0.237293000"
"42","14:42:27.261407","100","1441","172.26.191.172","5000","0.180767000","48","1","48192","0.237335000"
"43","14:42:27.261422","100","1489","172.26.191.172","5000","0.180782000","48","1","48192","0.237350000"
"44","14:42:27.261440","100","1537","172.26.191.172","5000","0.180800000","48","1","48192","0.237368000"
"45","14:42:27.261442","100","1585","172.26.191.172","5000","0.180802000","48","1","48192","0.237370000"
"46","14:42:27.261461","52","1","100.64.0.5","48192","0.180821000","0","673","5000","0.237389000"
"47","14:42:27.261479","100","1633","172.26.191.172","5000","0.180839000","48","1","48192","0.237407000"
"48","14:42:27.261482","100","1681","172.26.191.172","5000","0.180842000","48","1","48192","0.237410000"
"49","14:42:27.261494","100","1729","172.26.191.172","5000","0.180854000","48","1","48192","0.237422000"
"50","14:42:27.261496","100","1777","172.26.191.172","5000","0.180856000","48","1","48192","0.237424000"
"51","14:42:27.261507","52","1","100.64.0.5","48192","0.180867000","0","769","5000","0.237435000"
"52","14:42:27.261523","100","1825","172.26.191.172","5000","0.180883000","48","1","48192","0.237451000"
"53","14:42:27.261526","100","1873","172.26.191.172","5000","0.180886000","48","1","48192","0.237454000"
"54","14:42:27.261539","100","1921","172.26.191.172","5000","0.180899000","48","1","48192","0.237467000"
"55","14:42:27.261542","100","1969","172.26.191.172","5000","0.180902000","48","1","48192","0.237470000"
"56","14:42:27.261553","52","1","100.64.0.5","48192","0.180913000","0","865","5000","0.237481000"
"57","14:42:27.261569","100","2017","172.26.191.172","5000","0.180929000","48","1","48192","0.237497000"
"58","14:42:27.261571","100","2065","172.26.191.172","5000","0.180931000","48","1","48192","0.237499000"
"59","14:42:27.261584","100","2113","172.26.191.172","5000","0.180944000","48","1","48192","0.237512000"
"60","14:42:27.261587","100","2161","172.26.191.172","5000","0.180947000","48","1","48192","0.237515000"
"61","14:42:27.261598","52","1","100.64.0.5","48192","0.180958000","0","961","5000","0.237526000"
"62","14:42:27.261613","100","2209","172.26.191.172","5000","0.180973000","48","1","48192","0.237541000"
"63","14:42:27.261615","100","2257","172.26.191.172","5000","0.180975000","48","1","48192","0.237543000"
"64","14:42:27.261628","100","2305","172.26.191.172","5000","0.180988000","48","1","48192","0.237556000"
"65","14:42:27.261630","100","2353","172.26.191.172","5000","0.180990000","48","1","48192","0.237558000"
"66","14:42:27.261640","52","1","100.64.0.5","48192","0.181000000","0","1057","5000","0.237568000"
"67","14:42:27.261656","100","2401","172.26.191.172","5000","0.181016000","48","1","48192","0.237584000"
"68","14:42:27.261658","100","2449","172.26.191.172","5000","0.181018000","48","1","48192","0.237586000"
"69","14:42:27.261671","100","2497","172.26.191.172","5000","0.181031000","48","1","48192","0.237599000"
"70","14:42:27.261673","100","2545","172.26.191.172","5000","0.181033000","48","1","48192","0.237601000"
"71","14:42:27.261684","52","1","100.64.0.5","48192","0.181044000","0","1153","5000","0.237612000"
"72","14:42:27.261699","100","2593","172.26.191.172","5000","0.181059000","48","1","48192","0.237627000"
"73","14:42:27.261702","100","2641","172.26.191.172","5000","0.181062000","48","1","48192","0.237630000"
"74","14:42:27.261728","100","2689","172.26.191.172","5000","0.181088000","48","1","48192","0.237656000"
"75","14:42:27.261730","100","2737","172.26.191.172","5000","0.181090000","48","1","48192","0.237658000"
"76","14:42:27.292632","52","1","100.64.0.5","48192","0.211992000","0","1249","5000","0.268560000"
"77","14:42:27.292673","100","2785","172.26.191.172","5000","0.212033000","48","1","48192","0.268601000"
"78","14:42:27.292686","100","2833","172.26.191.172","5000","0.212046000","48","1","48192","0.268614000"
"79","14:42:27.292714","100","2881","172.26.191.172","5000","0.212074000","48","1","48192","0.268642000"
"80","14:42:27.292716","100","2929","172.26.191.172","5000","0.212076000","48","1","48192","0.268644000"
"81","14:42:27.292736","52","1","100.64.0.5","48192","0.212096000","0","1345","5000","0.268664000"
"82","14:42:27.292758","100","2977","172.26.191.172","5000","0.212118000","48","1","48192","0.268686000"
"83","14:42:27.292761","100","3025","172.26.191.172","5000","0.212121000","48","1","48192","0.268689000"
"84","14:42:27.292776","100","3073","172.26.191.172","5000","0.212136000","48","1","48192","0.268704000"
"85","14:42:27.292779","100","3121","172.26.191.172","5000","0.212139000","48","1","48192","0.268707000"
"86","14:42:27.292790","52","1","100.64.0.5","48192","0.212150000","0","1393","5000","0.268718000"
"87","14:42:27.292807","100","3169","172.26.191.172","5000","0.212167000","48","1","48192","0.268735000"
"88","14:42:27.292809","100","3217","172.26.191.172","5000","0.212169000","48","1","48192","0.268737000"
"89","14:42:27.351551","64","1","100.64.0.5","48192","0.270911000","0","1393","5000","0.327479000"
"90","14:42:27.351581","100","1393","172.26.191.172","5000","0.270941000","48","1","48192","0.327509000"
"91","14:42:27.351604","64","1","100.64.0.5","48192","0.270964000","0","1393","5000","0.327532000"
"92","14:42:27.351619","100","3265","172.26.191.172","5000","0.270979000","48","1","48192","0.327547000"
"93","14:42:27.351627","64","1","100.64.0.5","48192","0.270987000","0","1393","5000","0.327555000"
"94","14:42:27.351634","100","3313","172.26.191.172","5000","0.270994000","48","1","48192","0.327562000"
"95","14:42:27.351639","64","1","100.64.0.5","48192","0.270999000","0","1393","5000","0.327567000"
"96","14:42:27.351656","100","3361","172.26.191.172","5000","0.271016000","48","1","48192","0.327584000"
"97","14:42:27.351657","100","3409","172.26.191.172","5000","0.271017000","48","1","48192","0.327585000"
"98","14:42:27.351663","100","3457","172.26.191.172","5000","0.271023000","48","1","48192","0.327591000"
"99","14:42:27.351664","100","3505","172.26.191.172","5000","0.271024000","48","1","48192","0.327592000"
"100","14:42:27.383385","72","1","100.64.0.5","48192","0.302745000","0","1393","5000","0.359313000"
"101","14:42:27.383430","100","2353","172.26.191.172","5000","0.302790000","48","1","48192","0.359358000"
"102","14:42:27.383452","100","2401","172.26.191.172","5000","0.302812000","48","1","48192","0.359380000"
"103","14:42:27.383454","100","2449","172.26.191.172","5000","0.302814000","48","1","48192","0.359382000"
"104","14:42:27.383460","100","2497","172.26.191.172","5000","0.302820000","48","1","48192","0.359388000"
"105","14:42:27.383461","100","2545","172.26.191.172","5000","0.302821000","48","1","48192","0.359389000"
"106","14:42:27.383467","100","2593","172.26.191.172","5000","0.302827000","48","1","48192","0.359395000"
"107","14:42:27.383468","100","2641","172.26.191.172","5000","0.302828000","48","1","48192","0.359396000"
"108","14:42:27.383475","100","2689","172.26.191.172","5000","0.302835000","48","1","48192","0.359403000"
"109","14:42:27.383476","100","2737","172.26.191.172","5000","0.302836000","48","1","48192","0.359404000"
"110","14:42:27.383485","100","3553","172.26.191.172","5000","0.302845000","48","1","48192","0.359413000"
"111","14:42:27.383487","100","3601","172.26.191.172","5000","0.302847000","48","1","48192","0.359415000"
"112","14:42:27.413252","72","1","100.64.0.5","48192","0.332612000","0","1393","5000","0.389180000"
"113","14:42:27.413292","100","3649","172.26.191.172","5000","0.332652000","48","1","48192","0.389220000"
"114","14:42:27.443737","64","1","100.64.0.5","48192","0.363097000","0","2353","5000","0.419665000"
"115","14:42:27.443777","100","3697","172.26.191.172","5000","0.363137000","48","1","48192","0.419705000"
"116","14:42:27.443798","64","1","100.64.0.5","48192","0.363158000","0","2353","5000","0.419726000"
"117","14:42:27.443819","100","3745","172.26.191.172","5000","0.363179000","48","1","48192","0.419747000"
"118","14:42:27.443820","100","3793","172.26.191.172","5000","0.363180000","48","1","48192","0.419748000"
"119","14:42:27.443828","100","3841","172.26.191.172","5000","0.363188000","48","1","48192","0.419756000"
"120","14:42:27.443829","100","3889","172.26.191.172","5000","0.363189000","48","1","48192","0.419757000"
"121","14:42:27.443836","64","1","100.64.0.5","48192","0.363196000","0","2353","5000","0.419764000"
"122","14:42:27.443846","100","3937","172.26.191.172","5000","0.363206000","48","1","48192","0.419774000"
"123","14:42:27.443847","100","3985","172.26.191.172","5000","0.363207000","48","1","48192","0.419775000"
"124","14:42:27.473842","64","1","100.64.0.5","48192","0.393202000","0","2497","5000","0.449770000"
"125","14:42:27.473891","100","4033","172.26.191.172","5000","0.393251000","48","1","48192","0.449819000"
"126","14:42:27.473901","100","4081","172.26.191.172","5000","0.393261000","48","1","48192","0.449829000"
"127","14:42:27.473910","100","4129","172.26.191.172","5000","0.393270000","48","1","48192","0.449838000"
"128","14:42:27.473923","64","1","100.64.0.5","48192","0.393283000","0","2593","5000","0.449851000"
"129","14:42:27.473936","100","4177","172.26.191.172","5000","0.393296000","48","1","48192","0.449864000"
"130","14:42:27.473938","100","4225","172.26.191.172","5000","0.393298000","48","1","48192","0.449866000"
"131","14:42:27.473945","64","1","100.64.0.5","48192","0.393305000","0","2689","5000","0.449873000"
"132","14:42:27.473955","100","4273","172.26.191.172","5000","0.393315000","48","1","48192","0.449883000"
"133","14:42:27.473957","100","4321","172.26.191.172","5000","0.393317000","48","1","48192","0.449885000"
"134","14:42:27.473964","52","1","100.64.0.5","48192","0.393324000","0","3553","5000","0.449892000"
"135","14:42:27.473979","100","4369","172.26.191.172","5000","0.393339000","48","1","48192","0.449907000"
"136","14:42:27.473980","100","4417","172.26.191.172","5000","0.393340000","48","1","48192","0.449908000"
"137","14:42:27.473989","52","1","100.64.0.5","48192","0.393349000","0","3649","5000","0.449917000"
"138","14:42:27.473999","100","4465","172.26.191.172","5000","0.393359000","48","1","48192","0.449927000"
"139","14:42:27.474000","100","4513","172.26.191.172","5000","0.393360000","48","1","48192","0.449928000"
"140","14:42:27.503864","52","1","100.64.0.5","48192","0.423224000","0","3697","5000","0.479792000"
"141","14:42:27.503900","100","4561","172.26.191.172","5000","0.423260000","48","1","48192","0.479828000"
"142","14:42:27.533562","52","1","100.64.0.5","48192","0.452922000","0","4033","5000","0.509490000"
"143","14:42:27.533602","100","4609","172.26.191.172","5000","0.452962000","48","1","48192","0.509530000"
"144","14:42:27.533610","100","4657","172.26.191.172","5000","0.452970000","48","1","48192","0.509538000"
"145","14:42:27.533621","100","4705","172.26.191.172","5000","0.452981000","48","1","48192","0.509549000"
"146","14:42:27.533622","100","4753","172.26.191.172","5000","0.452982000","48","1","48192","0.509550000"
"147","14:42:27.533629","100","4801","172.26.191.172","5000","0.452989000","48","1","48192","0.509557000"
"148","14:42:27.533630","100","4849","172.26.191.172","5000","0.452990000","48","1","48192","0.509558000"
"149","14:42:27.564260","52","1","100.64.0.5","48192","0.483620000","0","4561","5000","0.540188000"
"150","14:42:27.564304","100","4897","172.26.191.172","5000","0.483664000","48","1","48192","0.540232000"
"151","14:42:27.564314","100","4945","172.26.191.172","5000","0.483674000","48","1","48192","0.540242000"
"152","14:42:27.564352","100","4993","172.26.191.172","5000","0.483712000","48","1","48192","0.540280000"
"153","14:42:27.564354","100","5041","172.26.191.172","5000","0.483714000","48","1","48192","0.540282000"
"154","14:42:27.564361","100","5089","172.26.191.172","5000","0.483721000","48","1","48192","0.540289000"
"155","14:42:27.564362","100","5137","172.26.191.172","5000","0.483722000","48","1","48192","0.540290000"
"156","14:42:27.564368","100","5185","172.26.191.172","5000","0.483728000","48","1","48192","0.540296000"
"157","14:42:27.564369","100","5233","172.26.191.172","5000","0.483729000","48","1","48192","0.540297000"
"158","14:42:27.564375","100","5281","172.26.191.172","5000","0.483735000","48","1","48192","0.540303000"
"159","14:42:27.564376","100","5329","172.26.191.172","5000","0.483736000","48","1","48192","0.540304000"
"160","14:42:27.564381","100","5377","172.26.191.172","5000","0.483741000","48","1","48192","0.540309000"
"161","14:42:27.564383","100","5425","172.26.191.172","5000","0.483743000","48","1","48192","0.540311000"
"162","14:42:27.594825","52","1","100.64.0.5","48192","0.514185000","0","4609","5000","0.570753000"
"163","14:42:27.594864","100","5473","172.26.191.172","5000","0.514224000","48","1","48192","0.570792000"
"164","14:42:27.594873","100","5521","172.26.191.172","5000","0.514233000","48","1","48192","0.570801000"
"165","14:42:27.625384","52","1","100.64.0.5","48192","0.544744000","0","4897","5000","0.601312000"
"166","14:42:27.625419","100","5569","172.26.191.172","5000","0.544779000","48","1","48192","0.601347000"
"167","14:42:27.625429","100","5617","172.26.191.172","5000","0.544789000","48","1","48192","0.601357000"
"168","14:42:27.625440","100","5665","172.26.191.172","5000","0.544800000","48","1","48192","0.601368000"
"169","14:42:27.625442","100","5713","172.26.191.172","5000","0.544802000","48","1","48192","0.601370000"
"170","14:42:27.625448","100","5761","172.26.191.172","5000","0.544808000","48","1","48192","0.601376000"
"171","14:42:27.625449","100","5809","172.26.191.172","5000","0.544809000","48","1","48192","0.601377000"
"172","14:42:27.655019","52","1","100.64.0.5","48192","0.574379000","0","5473","5000","0.630947000"
"173","14:42:27.655062","100","5857","172.26.191.172","5000","0.574422000","48","1","48192","0.630990000"
"174","14:42:27.655071","100","5905","172.26.191.172","5000","0.574431000","48","1","48192","0.630999000"
"175","14:42:27.655084","100","5953","172.26.191.172","5000","0.574444000","48","1","48192","0.631012000"
"176","14:42:27.655086","100","6001","172.26.191.172","5000","0.574446000","48","1","48192","0.631014000"
"177","14:42:27.655095","100","6049","172.26.191.172","5000","0.574455000","48","1","48192","0.631023000"
"178","14:42:27.655097","100","6097","172.26.191.172","5000","0.574457000","48","1","48192","0.631025000"
"179","14:42:27.655104","100","6145","172.26.191.172","5000","0.574464000","48","1","48192","0.631032000"
"180","14:42:27.655106","100","6193","172.26.191.172","5000","0.574466000","48","1","48192","0.631034000"
"181","14:42:27.655117","100","6241","172.26.191.172","5000","0.574477000","48","1","48192","0.631045000"
"182","14:42:27.655118","100","6289","172.26.191.172","5000","0.574478000","48","1","48192","0.631046000"
"183","14:42:27.655129","100","6337","172.26.191.172","5000","0.574489000","48","1","48192","0.631057000"
"184","14:42:27.655130","100","6385","172.26.191.172","5000","0.574490000","48","1","48192","0.631058000"
"185","14:42:27.686639","52","1","100.64.0.5","48192","0.605999000","0","5569","5000","0.662567000"
"186","14:42:27.686681","100","6433","172.26.191.172","5000","0.606041000","48","1","48192","0.662609000"
"187","14:42:27.686692","100","6481","172.26.191.172","5000","0.606052000","48","1","48192","0.662620000"
"188","14:42:27.715968","52","1","100.64.0.5","48192","0.635328000","0","5857","5000","0.691896000"
"189","14:42:27.716013","100","6529","172.26.191.172","5000","0.635373000","48","1","48192","0.691941000"
"190","14:42:27.716025","100","6577","172.26.191.172","5000","0.635385000","48","1","48192","0.691953000"
"191","14:42:27.716042","100","6625","172.26.191.172","5000","0.635402000","48","1","48192","0.691970000"
"192","14:42:27.716045","100","6673","172.26.191.172","5000","0.635405000","48","1","48192","0.691973000"
"193","14:42:27.716055","100","6721","172.26.191.172","5000","0.635415000","48","1","48192","0.691983000"
"194","14:42:27.716056","100","6769","172.26.191.172","5000","0.635416000","48","1","48192","0.691984000"
"195","14:42:27.745851","52","1","100.64.0.5","48192","0.665211000","0","6433","5000","0.721779000"
"196","14:42:27.745897","100","6817","172.26.191.172","5000","0.665257000","48","1","48192","0.721825000"
"197","14:42:27.745907","100","6865","172.26.191.172","5000","0.665267000","48","1","48192","0.721835000"
"198","14:42:27.745922","100","6913","172.26.191.172","5000","0.665282000","48","1","48192","0.721850000"
"199","14:42:27.745924","100","6961","172.26.191.172","5000","0.665284000","48","1","48192","0.721852000"
"200","14:42:27.745935","100","7009","172.26.191.172","5000","0.665295000","48","1","48192","0.721863000"
"201","14:42:27.745937","100","7057","172.26.191.172","5000","0.665297000","48","1","48192","0.721865000"
"202","14:42:27.745946","100","7105","172.26.191.172","5000","0.665306000","48","1","48192","0.721874000"
"203","14:42:27.745948","100","7153","172.26.191.172","5000","0.665308000","48","1","48192","0.721876000"
"204","14:42:27.745958","100","7201","172.26.191.172","5000","0.665318000","48","1","48192","0.721886000"
"205","14:42:27.745959","100","7249","172.26.191.172","5000","0.665319000","48","1","48192","0.721887000"
"206","14:42:27.745971","100","7297","172.26.191.172","5000","0.665331000","48","1","48192","0.721899000"
"207","14:42:27.745973","100","7345","172.26.191.172","5000","0.665333000","48","1","48192","0.721901000"
"208","14:42:27.745986","100","7393","172.26.191.172","5000","0.665346000","48","1","48192","0.721914000"
"209","14:42:27.745988","100","7441","172.26.191.172","5000","0.665348000","48","1","48192","0.721916000"
"210","14:42:27.777177","52","1","100.64.0.5","48192","0.696537000","0","6529","5000","0.753105000"
"211","14:42:27.777207","100","7489","172.26.191.172","5000","0.696567000","48","1","48192","0.753135000"
"212","14:42:27.777220","100","7537","172.26.191.172","5000","0.696580000","48","1","48192","0.753148000"
"213","14:42:27.807447","52","1","100.64.0.5","48192","0.726807000","0","6865","5000","0.783375000"
"214","14:42:27.807488","100","7585","172.26.191.172","5000","0.726848000","48","1","48192","0.783416000"
"215","14:42:27.807497","100","7633","172.26.191.172","5000","0.726857000","48","1","48192","0.783425000"
"216","14:42:27.807509","100","7681","172.26.191.172","5000","0.726869000","48","1","48192","0.783437000"
"217","14:42:27.807511","100","7729","172.26.191.172","5000","0.726871000","48","1","48192","0.783439000"
"218","14:42:27.807517","100","7777","172.26.191.172","5000","0.726877000","48","1","48192","0.783445000"
"219","14:42:27.807519","100","7825","172.26.191.172","5000","0.726879000","48","1","48192","0.783447000"
"220","14:42:27.807530","52","1","100.64.0.5","48192","0.726890000","0","7009","5000","0.783458000"
"221","14:42:27.807541","100","7873","172.26.191.172","5000","0.726901000","48","1","48192","0.783469000"
"222","14:42:27.807542","100","7921","172.26.191.172","5000","0.726902000","48","1","48192","0.783470000"
"223","14:42:27.807549","100","7969","172.26.191.172","5000","0.726909000","48","1","48192","0.783477000"
"224","14:42:27.807551","100","8017","172.26.191.172","5000","0.726911000","48","1","48192","0.783479000"
"225","14:42:27.837153","52","1","100.64.0.5","48192","0.756513000","0","7489","5000","0.813081000"
"226","14:42:27.837195","100","8065","172.26.191.172","5000","0.756555000","48","1","48192","0.813123000"
"227","14:42:27.837204","100","8113","172.26.191.172","5000","0.756564000","48","1","48192","0.813132000"
"228","14:42:27.837215","100","8161","172.26.191.172","5000","0.756575000","48","1","48192","0.813143000"
"229","14:42:27.837216","100","8209","172.26.191.172","5000","0.756576000","48","1","48192","0.813144000"
"230","14:42:27.837222","100","8257","172.26.191.172","5000","0.756582000","48","1","48192","0.813150000"
"231","14:42:27.837224","100","8305","172.26.191.172","5000","0.756584000","48","1","48192","0.813152000"
"232","14:42:27.837232","100","8353","172.26.191.172","5000","0.756592000","48","1","48192","0.813160000"
"233","14:42:27.837233","100","8401","172.26.191.172","5000","0.756593000","48","1","48192","0.813161000"
"234","14:42:27.837239","100","8449","172.26.191.172","5000","0.756599000","48","1","48192","0.813167000"
"235","14:42:27.837240","100","8497","172.26.191.172","5000","0.756600000","48","1","48192","0.813168000"
"236","14:42:27.867868","52","1","100.64.0.5","48192","0.787228000","0","7585","5000","0.843796000"
"237","14:42:27.867906","100","8545","172.26.191.172","5000","0.787266000","48","1","48192","0.843834000"
"238","14:42:27.867915","100","8593","172.26.191.172","5000","0.787275000","48","1","48192","0.843843000"
"239","14:42:27.898503","52","1","100.64.0.5","48192","0.817863000","0","8065","5000","0.874431000"
"240","14:42:27.898543","100","8641","172.26.191.172","5000","0.817903000","48","1","48192","0.874471000"
"241","14:42:27.898552","100","8689","172.26.191.172","5000","0.817912000","48","1","48192","0.874480000"
"242","14:42:27.898563","100","8737","172.26.191.172","5000","0.817923000","48","1","48192","0.874491000"
"243","14:42:27.898564","100","8785","172.26.191.172","5000","0.817924000","48","1","48192","0.874492000"
"244","14:42:27.898570","100","8833","172.26.191.172","5000","0.817930000","48","1","48192","0.874498000"
"245","14:42:27.898571","100","8881","172.26.191.172","5000","0.817931000","48","1","48192","0.874499000"
"246","14:42:27.898577","100","8929","172.26.191.172","5000","0.817937000","48","1","48192","0.874505000"
"247","14:42:27.898579","100","8977","172.26.191.172","5000","0.817939000","48","1","48192","0.874507000"
"248","14:42:27.898585","100","9025","172.26.191.172","5000","0.817945000","48","1","48192","0.874513000"
"249","14:42:27.898586","100","9073","172.26.191.172","5000","0.817946000","48","1","48192","0.874514000"
"250","14:42:27.928454","52","1","100.64.0.5","48192","0.847814000","0","8545","5000","0.904382000"
"251","14:42:27.928496","100","9121","172.26.191.172","5000","0.847856000","48","1","48192","0.904424000"
"252","14:42:27.928505","100","9169","172.26.191.172","5000","0.847865000","48","1","48192","0.904433000"
"253","14:42:27.928515","100","9217","172.26.191.172","5000","0.847875000","48","1","48192","0.904443000"
"254","14:42:27.928517","100","9265","172.26.191.172","5000","0.847877000","48","1","48192","0.904445000"
"255","14:42:27.928523","100","9313","172.26.191.172","5000","0.847883000","48","1","48192","0.904451000"
"256","14:42:27.928524","100","9361","172.26.191.172","5000","0.847884000","48","1","48192","0.904452000"
"257","14:42:27.928532","100","9409","172.26.191.172","5000","0.847892000","48","1","48192","0.904460000"
"258","14:42:27.928533","100","9457","172.26.191.172","5000","0.847893000","48","1","48192","0.904461000"
"259","14:42:27.928539","100","9505","172.26.191.172","5000","0.847899000","48","1","48192","0.904467000"
"260","14:42:27.928540","100","9553","172.26.191.172","5000","0.847900000","48","1","48192","0.904468000"
"261","14:42:27.928546","100","9601","172.26.191.172","5000","0.847906000","48","1","48192","0.904474000"
"262","14:42:27.928547","100","9649","172.26.191.172","5000","0.847907000","48","1","48192","0.904475000"
"263","14:42:27.958091","52","1","100.64.0.5","48192","0.877451000","0","8641","5000","0.934019000"
"264","14:42:27.958129","100","9697","172.26.191.172","5000","0.877489000","48","1","48192","0.934057000"
"265","14:42:27.958138","100","9745","172.26.191.172","5000","0.877498000","48","1","48192","0.934066000"
"266","14:42:27.988646","52","1","100.64.0.5","48192","0.908006000","0","9121","5000","0.964574000"
"267","14:42:27.988691","100","9793","172.26.191.172","5000","0.908051000","48","1","48192","0.964619000"
"268","14:42:27.988701","100","9841","172.26.191.172","5000","0.908061000","48","1","48192","0.964629000"
"269","14:42:27.988713","100","9889","172.26.191.172","5000","0.908073000","48","1","48192","0.964641000"
"270","14:42:27.988715","100","9937","172.26.191.172","5000","0.908075000","48","1","48192","0.964643000"
"271","14:42:27.988723","100","9985","172.26.191.172","5000","0.908083000","48","1","48192","0.964651000"
"272","14:42:27.988724","100","10033","172.26.191.172","5000","0.908084000","48","1","48192","0.964652000"
"273","14:42:27.988731","100","10081","172.26.191.172","5000","0.908091000","48","1","48192","0.964659000"
"274","14:42:27.988733","100","10129","172.26.191.172","5000","0.908093000","48","1","48192","0.964661000"
"275","14:42:27.988739","100","10177","172.26.191.172","5000","0.908099000","48","1","48192","0.964667000"
"276","14:42:27.988741","100","10225","172.26.191.172","5000","0.908101000","48","1","48192","0.964669000"
"277","14:42:28.019295","52","1","100.64.0.5","48192","0.938655000","0","9697","5000","0.995223000"
"278","14:42:28.019339","100","10273","172.26.191.172","5000","0.938699000","48","1","48192","0.995267000"
"279","14:42:28.019349","100","10321","172.26.191.172","5000","0.938709000","48","1","48192","0.995277000"
"280","14:42:28.019364","100","10369","172.26.191.172","5000","0.938724000","48","1","48192","0.995292000"
"281","14:42:28.019367","100","10417","172.26.191.172","5000","0.938727000","48","1","48192","0.995295000"
"282","14:42:28.019375","100","10465","172.26.191.172","5000","0.938735000","48","1","48192","0.995303000"
"283","14:42:28.019378","100","10513","172.26.191.172","5000","0.938738000","48","1","48192","0.995306000"
"284","14:42:28.019385","100","10561","172.26.191.172","5000","0.938745000","48","1","48192","0.995313000"
"285","14:42:28.019387","100","10609","172.26.191.172","5000","0.938747000","48","1","48192","0.995315000"
"286","14:42:28.019395","100","10657","172.26.191.172","5000","0.938755000","48","1","48192","0.995323000"
"287","14:42:28.019397","100","10705","172.26.191.172","5000","0.938757000","48","1","48192","0.995325000"
"288","14:42:28.019407","100","10753","172.26.191.172","5000","0.938767000","48","1","48192","0.995335000"
"289","14:42:28.019409","100","10801","172.26.191.172","5000","0.938769000","48","1","48192","0.995337000"
"290","14:42:28.048933","52","1","100.64.0.5","48192","0.968293000","0","9793","5000","1.024861000"
"291","14:42:28.048971","100","10849","172.26.191.172","5000","0.968331000","48","1","48192","1.024899000"
"292","14:42:28.048980","100","10897","172.26.191.172","5000","0.968340000","48","1","48192","1.024908000"
"293","14:42:28.080409","52","1","100.64.0.5","48192","0.999769000","0","10273","5000","1.056337000"
"294","14:42:28.080457","100","10945","172.26.191.172","5000","0.999817000","48","1","48192","1.056385000"
"295","14:42:28.080467","100","10993","172.26.191.172","5000","0.999827000","48","1","48192","1.056395000"
"296","14:42:28.080479","100","11041","172.26.191.172","5000","0.999839000","48","1","48192","1.056407000"
"297","14:42:28.080481","100","11089","172.26.191.172","5000","0.999841000","48","1","48192","1.056409000"
"298","14:42:28.080488","100","11137","172.26.191.172","5000","0.999848000","48","1","48192","1.056416000"
"299","14:42:28.080490","100","11185","172.26.191.172","5000","0.999850000","48","1","48192","1.056418000"
"300","14:42:28.080497","100","11233","172.26.191.172","5000","0.999857000","48","1","48192","1.056425000"
"301","14:42:28.080499","100","11281","172.26.191.172","5000","0.999859000","48","1","48192","1.056427000"
"302","14:42:28.080505","100","11329","172.26.191.172","5000","0.999865000","48","1","48192","1.056433000"
"303","14:42:28.080506","100","11377","172.26.191.172","5000","0.999866000","48","1","48192","1.056434000"
"304","14:42:28.110318","52","1","100.64.0.5","48192","1.029678000","0","10849","5000","1.086246000"
"305","14:42:28.110359","100","11425","172.26.191.172","5000","1.029719000","48","1","48192","1.086287000"
"306","14:42:28.110368","100","11473","172.26.191.172","5000","1.029728000","48","1","48192","1.086296000"
"307","14:42:28.110379","100","11521","172.26.191.172","5000","1.029739000","48","1","48192","1.086307000"
"308","14:42:28.110381","100","11569","172.26.191.172","5000","1.029741000","48","1","48192","1.086309000"
"309","14:42:28.110388","100","11617","172.26.191.172","5000","1.029748000","48","1","48192","1.086316000"
"310","14:42:28.110390","100","11665","172.26.191.172","5000","1.029750000","48","1","48192","1.086318000"
"311","14:42:28.110396","100","11713","172.26.191.172","5000","1.029756000","48","1","48192","1.086324000"
"312","14:42:28.110397","100","11761","172.26.191.172","5000","1.029757000","48","1","48192","1.086325000"
"313","14:42:28.110403","100","11809","172.26.191.172","5000","1.029763000","48","1","48192","1.086331000"
"314","14:42:28.110404","100","11857","172.26.191.172","5000","1.029764000","48","1","48192","1.086332000"
"315","14:42:28.110410","100","11905","172.26.191.172","5000","1.029770000","48","1","48192","1.086338000"
"316","14:42:28.110411","100","11953","172.26.191.172","5000","1.029771000","48","1","48192","1.086339000"
"317","14:42:28.110417","100","12001","172.26.191.172","5000","1.029777000","48","1","48192","1.086345000"
"318","14:42:28.110418","100","12049","172.26.191.172","5000","1.029778000","48","1","48192","1.086346000"
"319","14:42:28.140511","52","1","100.64.0.5","48192","1.059871000","0","10897","5000","1.116439000"
"320","14:42:28.140546","100","12097","172.26.191.172","5000","1.059906000","48","1","48192","1.116474000"
"321","14:42:28.140570","52","1","100.64.0.5","48192","1.059930000","0","10945","5000","1.116498000"
"322","14:42:28.171344","52","1","100.64.0.5","48192","1.090704000","0","11425","5000","1.147272000"
"323","14:42:28.171385","100","12145","172.26.191.172","5000","1.090745000","48","1","48192","1.147313000"
"324","14:42:28.171394","100","12193","172.26.191.172","5000","1.090754000","48","1","48192","1.147322000"
"325","14:42:28.171405","100","12241","172.26.191.172","5000","1.090765000","48","1","48192","1.147333000"
"326","14:42:28.171406","100","12289","172.26.191.172","5000","1.090766000","48","1","48192","1.147334000"
"327","14:42:28.171412","100","12337","172.26.191.172","5000","1.090772000","48","1","48192","1.147340000"
"328","14:42:28.171413","100","12385","172.26.191.172","5000","1.090773000","48","1","48192","1.147341000"
"329","14:42:28.171422","100","12433","172.26.191.172","5000","1.090782000","48","1","48192","1.147350000"
"330","14:42:28.171423","100","12481","172.26.191.172","5000","1.090783000","48","1","48192","1.147351000"
"331","14:42:28.171430","100","12529","172.26.191.172","5000","1.090790000","48","1","48192","1.147358000"
"332","14:42:28.171431","100","12577","172.26.191.172","5000","1.090791000","48","1","48192","1.147359000"
"333","14:42:28.201394","52","1","100.64.0.5","48192","1.120754000","0","12049","5000","1.177322000"
"334","14:42:28.201438","100","12625","172.26.191.172","5000","1.120798000","48","1","48192","1.177366000"
"335","14:42:28.201447","100","12673","172.26.191.172","5000","1.120807000","48","1","48192","1.177375000"
"336","14:42:28.201458","100","12721","172.26.191.172","5000","1.120818000","48","1","48192","1.177386000"
"337","14:42:28.201460","100","12769","172.26.191.172","5000","1.120820000","48","1","48192","1.177388000"
"338","14:42:28.201466","100","12817","172.26.191.172","5000","1.120826000","48","1","48192","1.177394000"
"339","14:42:28.201467","100","12865","172.26.191.172","5000","1.120827000","48","1","48192","1.177395000"
"340","14:42:28.201473","100","12913","172.26.191.172","5000","1.120833000","48","1","48192","1.177401000"
"341","14:42:28.201474","100","12961","172.26.191.172","5000","1.120834000","48","1","48192","1.177402000"
"342","14:42:28.201480","100","13009","172.26.191.172","5000","1.120840000","48","1","48192","1.177408000"
"343","14:42:28.201481","100","13057","172.26.191.172","5000","1.120841000","48","1","48192","1.177409000"
"344","14:42:28.201487","100","13105","172.26.191.172","5000","1.120847000","48","1","48192","1.177415000"
"345","14:42:28.201488","100","13153","172.26.191.172","5000","1.120848000","48","1","48192","1.177416000"
"346","14:42:28.201494","100","13201","172.26.191.172","5000","1.120854000","48","1","48192","1.177422000"
"347","14:42:28.201496","100","13249","172.26.191.172","5000","1.120856000","48","1","48192","1.177424000"
"348","14:42:28.201507","52","1","100.64.0.5","48192","1.120867000","0","12097","5000","1.177435000"
"349","14:42:28.201517","100","13297","172.26.191.172","5000","1.120877000","48","1","48192","1.177445000"
"350","14:42:28.201519","100","13345","172.26.191.172","5000","1.120879000","48","1","48192","1.177447000"
"351","14:42:28.230804","52","1","100.64.0.5","48192","1.150164000","0","12145","5000","1.206732000"
"352","14:42:28.230838","100","13393","172.26.191.172","5000","1.150198000","48","1","48192","1.206766000"
"353","14:42:28.261605","52","1","100.64.0.5","48192","1.180965000","0","12625","5000","1.237533000"
"354","14:42:28.261651","100","13441","172.26.191.172","5000","1.181011000","48","1","48192","1.237579000"
"355","14:42:28.261661","100","13489","172.26.191.172","5000","1.181021000","48","1","48192","1.237589000"
"356","14:42:28.261676","100","13537","172.26.191.172","5000","1.181036000","48","1","48192","1.237604000"
"357","14:42:28.261677","100","13585","172.26.191.172","5000","1.181037000","48","1","48192","1.237605000"
"358","14:42:28.261685","100","13633","172.26.191.172","5000","1.181045000","48","1","48192","1.237613000"
"359","14:42:28.261686","100","13681","172.26.191.172","5000","1.181046000","48","1","48192","1.237614000"
"360","14:42:28.261693","100","13729","172.26.191.172","5000","1.181053000","48","1","48192","1.237621000"
"361","14:42:28.261694","100","13777","172.26.191.172","5000","1.181054000","48","1","48192","1.237622000"
"362","14:42:28.261701","100","13825","172.26.191.172","5000","1.181061000","48","1","48192","1.237629000"
"363","14:42:28.261702","100","13873","172.26.191.172","5000","1.181062000","48","1","48192","1.237630000"
"364","14:42:28.292557","52","1","100.64.0.5","48192","1.211917000","0","13297","5000","1.268485000"
"365","14:42:28.292601","100","13921","172.26.191.172","5000","1.211961000","48","1","48192","1.268529000"
"366","14:42:28.292609","100","13969","172.26.191.172","5000","1.211969000","48","1","48192","1.268537000"
"367","14:42:28.292620","100","14017","172.26.191.172","5000","1.211980000","48","1","48192","1.268548000"
"368","14:42:28.292621","100","14065","172.26.191.172","5000","1.211981000","48","1","48192","1.268549000"
"369","14:42:28.292627","100","14113","172.26.191.172","5000","1.211987000","48","1","48192","1.268555000"
"370","14:42:28.292628","100","14161","172.26.191.172","5000","1.211988000","48","1","48192","1.268556000"
"371","14:42:28.292635","100","14209","172.26.191.172","5000","1.211995000","48","1","48192","1.268563000"
"372","14:42:28.292636","100","14257","172.26.191.172","5000","1.211996000","48","1","48192","1.268564000"
"373","14:42:28.292642","100","14305","172.26.191.172","5000","1.212002000","48","1","48192","1.268570000"
"374","14:42:28.292643","100","14353","172.26.191.172","5000","1.212003000","48","1","48192","1.268571000"
"375","14:42:28.292651","100","14401","172.26.191.172","5000","1.212011000","48","1","48192","1.268579000"
"376","14:42:28.292652","100","14449","172.26.191.172","5000","1.212012000","48","1","48192","1.268580000"
"377","14:42:28.292659","100","14497","172.26.191.172","5000","1.212019000","48","1","48192","1.268587000"
"378","14:42:28.292660","100","14545","172.26.191.172","5000","1.212020000","48","1","48192","1.268588000"
"379","14:42:28.321796","52","1","100.64.0.5","48192","1.241156000","0","13441","5000","1.297724000"
"380","14:42:28.321840","100","14593","172.26.191.172","5000","1.241200000","48","1","48192","1.297768000"
"381","14:42:28.321849","100","14641","172.26.191.172","5000","1.241209000","48","1","48192","1.297777000"
"382","14:42:28.321862","100","14689","172.26.191.172","5000","1.241222000","48","1","48192","1.297790000"
"383","14:42:28.321864","100","14737","172.26.191.172","5000","1.241224000","48","1","48192","1.297792000"
"384","14:42:28.351889","52","1","100.64.0.5","48192","1.271249000","0","13921","5000","1.327817000"
"385","14:42:28.351936","100","14785","172.26.191.172","5000","1.271296000","48","1","48192","1.327864000"
"386","14:42:28.351946","100","14833","172.26.191.172","5000","1.271306000","48","1","48192","1.327874000"
"387","14:42:28.351960","100","14881","172.26.191.172","5000","1.271320000","48","1","48192","1.327888000"
"388","14:42:28.351962","100","14929","172.26.191.172","5000","1.271322000","48","1","48192","1.327890000"
"389","14:42:28.351969","100","14977","172.26.191.172","5000","1.271329000","48","1","48192","1.327897000"
"390","14:42:28.351971","100","15025","172.26.191.172","5000","1.271331000","48","1","48192","1.327899000"
"391","14:42:28.351977","100","15073","172.26.191.172","5000","1.271337000","48","1","48192","1.327905000"
"392","14:42:28.351979","100","15121","172.26.191.172","5000","1.271339000","48","1","48192","1.327907000"
"393","14:42:28.351986","100","15169","172.26.191.172","5000","1.271346000","48","1","48192","1.327914000"
"394","14:42:28.351987","100","15217","172.26.191.172","5000","1.271347000","48","1","48192","1.327915000"
"395","14:42:28.383526","52","1","100.64.0.5","48192","1.302886000","0","14593","5000","1.359454000"
"396","14:42:28.383570","100","15265","172.26.191.172","5000","1.302930000","48","1","48192","1.359498000"
"397","14:42:28.383579","100","15313","172.26.191.172","5000","1.302939000","48","1","48192","1.359507000"
"398","14:42:28.383590","100","15361","172.26.191.172","5000","1.302950000","48","1","48192","1.359518000"
"399","14:42:28.383591","100","15409","172.26.191.172","5000","1.302951000","48","1","48192","1.359519000"
"400","14:42:28.383598","100","15457","172.26.191.172","5000","1.302958000","48","1","48192","1.359526000"
"401","14:42:28.383600","100","15505","172.26.191.172","5000","1.302960000","48","1","48192","1.359528000"
"402","14:42:28.383606","100","15553","172.26.191.172","5000","1.302966000","48","1","48192","1.359534000"
"403","14:42:28.383607","100","15601","172.26.191.172","5000","1.302967000","48","1","48192","1.359535000"
"404","14:42:28.383613","100","15649","172.26.191.172","5000","1.302973000","48","1","48192","1.359541000"
"405","14:42:28.383615","100","15697","172.26.191.172","5000","1.302975000","48","1","48192","1.359543000"
"406","14:42:28.383620","100","15745","172.26.191.172","5000","1.302980000","48","1","48192","1.359548000"
"407","14:42:28.383622","100","15793","172.26.191.172","5000","1.302982000","48","1","48192","1.359550000"
"408","14:42:28.383628","100","15841","172.26.191.172","5000","1.302988000","48","1","48192","1.359556000"
"409","14:42:28.383629","100","15889","172.26.191.172","5000","1.302989000","48","1","48192","1.359557000"
"410","14:42:28.413121","52","1","100.64.0.5","48192","1.332481000","0","14785","5000","1.389049000"
"411","14:42:28.413160","100","15937","172.26.191.172","5000","1.332520000","48","1","48192","1.389088000"
"412","14:42:28.413169","100","15985","172.26.191.172","5000","1.332529000","48","1","48192","1.389097000"
"413","14:42:28.413180","100","16033","172.26.191.172","5000","1.332540000","48","1","48192","1.389108000"
"414","14:42:28.413181","100","16081","172.26.191.172","5000","1.332541000","48","1","48192","1.389109000"
"415","14:42:28.442728","52","1","100.64.0.5","48192","1.362088000","0","15265","5000","1.418656000"
"416","14:42:28.442771","100","16129","172.26.191.172","5000","1.362131000","48","1","48192","1.418699000"
"417","14:42:28.442779","100","16177","172.26.191.172","5000","1.362139000","48","1","48192","1.418707000"
"418","14:42:28.442791","100","16225","172.26.191.172","5000","1.362151000","48","1","48192","1.418719000"
"419","14:42:28.442792","100","16273","172.26.191.172","5000","1.362152000","48","1","48192","1.418720000"
"420","14:42:28.442798","100","16321","172.26.191.172","5000","1.362158000","48","1","48192","1.418726000"
"421","14:42:28.442800","100","16369","172.26.191.172","5000","1.362160000","48","1","48192","1.418728000"
"422","14:42:28.442806","100","16417","172.26.191.172","5000","1.362166000","48","1","48192","1.418734000"
"423","14:42:28.442807","100","16465","172.26.191.172","5000","1.362167000","48","1","48192","1.418735000"
"424","14:42:28.442814","100","16513","172.26.191.172","5000","1.362174000","48","1","48192","1.418742000"
"425","14:42:28.442815","100","16561","172.26.191.172","5000","1.362175000","48","1","48192","1.418743000"
"426","14:42:28.474513","52","1","100.64.0.5","48192","1.393873000","0","15841","5000","1.450441000"
"427","14:42:28.474556","100","16609","172.26.191.172","5000","1.393916000","48","1","48192","1.450484000"
"428","14:42:28.474565","100","16657","172.26.191.172","5000","1.393925000","48","1","48192","1.450493000"
"429","14:42:28.474576","100","16705","172.26.191.172","5000","1.393936000","48","1","48192","1.450504000"
"430","14:42:28.474577","100","16753","172.26.191.172","5000","1.393937000","48","1","48192","1.450505000"
"431","14:42:28.474583","100","16801","172.26.191.172","5000","1.393943000","48","1","48192","1.450511000"
"432","14:42:28.474584","100","16849","172.26.191.172","5000","1.393944000","48","1","48192","1.450512000"
"433","14:42:28.474590","100","16897","172.26.191.172","5000","1.393950000","48","1","48192","1.450518000"
"434","14:42:28.474592","100","16945","172.26.191.172","5000","1.393952000","48","1","48192","1.450520000"
"435","14:42:28.474597","100","16993","172.26.191.172","5000","1.393957000","48","1","48192","1.450525000"
"436","14:42:28.474599","100","17041","172.26.191.172","5000","1.393959000","48","1","48192","1.450527000"
"437","14:42:28.474604","100","17089","172.26.191.172","5000","1.393964000","48","1","48192","1.450532000"
"438","14:42:28.474606","100","17137","172.26.191.172","5000","1.393966000","48","1","48192","1.450534000"
"439","14:42:28.474618","52","1","100.64.0.5","48192","1.393978000","0","15937","5000","1.450546000"
"440","14:42:28.474628","100","17185","172.26.191.172","5000","1.393988000","48","1","48192","1.450556000"
"441","14:42:28.474629","100","17233","172.26.191.172","5000","1.393989000","48","1","48192","1.450557000"
"442","14:42:28.504083","52","1","100.64.0.5","48192","1.423443000","0","16129","5000","1.480011000"
"443","14:42:28.504124","100","17281","172.26.191.172","5000","1.423484000","48","1","48192","1.480052000"
"444","14:42:28.504133","100","17329","172.26.191.172","5000","1.423493000","48","1","48192","1.480061000"
"445","14:42:28.504144","100","17377","172.26.191.172","5000","1.423504000","48","1","48192","1.480072000"
"446","14:42:28.504145","100","17425","172.26.191.172","5000","1.423505000","48","1","48192","1.480073000"
"447","14:42:28.504151","100","17473","172.26.191.172","5000","1.423511000","48","1","48192","1.480079000"
"448","14:42:28.504153","100","17521","172.26.191.172","5000","1.423513000","48","1","48192","1.480081000"
"449","14:42:28.533823","52","1","100.64.0.5","48192","1.453183000","0","16609","5000","1.509751000"
"450","14:42:28.533864","100","17569","172.26.191.172","5000","1.453224000","48","1","48192","1.509792000"
"451","14:42:28.533874","100","17617","172.26.191.172","5000","1.453234000","48","1","48192","1.509802000"
"452","14:42:28.533884","100","17665","172.26.191.172","5000","1.453244000","48","1","48192","1.509812000"
"453","14:42:28.533886","100","17713","172.26.191.172","5000","1.453246000","48","1","48192","1.509814000"
"454","14:42:28.533892","100","17761","172.26.191.172","5000","1.453252000","48","1","48192","1.509820000"
"455","14:42:28.533893","100","17809","172.26.191.172","5000","1.453253000","48","1","48192","1.509821000"
"456","14:42:28.533899","100","17857","172.26.191.172","5000","1.453259000","48","1","48192","1.509827000"
"457","14:42:28.533901","100","17905","172.26.191.172","5000","1.453261000","48","1","48192","1.509829000"
"458","14:42:28.533908","100","17953","172.26.191.172","5000","1.453268000","48","1","48192","1.509836000"
"459","14:42:28.533909","100","18001","172.26.191.172","5000","1.453269000","48","1","48192","1.509837000"
"460","14:42:28.564271","52","1","100.64.0.5","48192","1.483631000","0","17281","5000","1.540199000"
"461","14:42:28.564313","100","18049","172.26.191.172","5000","1.483673000","48","1","48192","1.540241000"
"462","14:42:28.564322","100","18097","172.26.191.172","5000","1.483682000","48","1","48192","1.540250000"
"463","14:42:28.564345","100","18145","172.26.191.172","5000","1.483705000","48","1","48192","1.540273000"
"464","14:42:28.564346","100","18193","172.26.191.172","5000","1.483706000","48","1","48192","1.540274000"
"465","14:42:28.564353","100","18241","172.26.191.172","5000","1.483713000","48","1","48192","1.540281000"
"466","14:42:28.564354","100","18289","172.26.191.172","5000","1.483714000","48","1","48192","1.540282000"
"467","14:42:28.564360","100","18337","172.26.191.172","5000","1.483720000","48","1","48192","1.540288000"
"468","14:42:28.564362","100","18385","172.26.191.172","5000","1.483722000","48","1","48192","1.540290000"
"469","14:42:28.564368","100","18433","172.26.191.172","5000","1.483728000","48","1","48192","1.540296000"
"470","14:42:28.564369","100","18481","172.26.191.172","5000","1.483729000","48","1","48192","1.540297000"
"471","14:42:28.564377","100","18529","172.26.191.172","5000","1.483737000","48","1","48192","1.540305000"
"472","14:42:28.564378","100","18577","172.26.191.172","5000","1.483738000","48","1","48192","1.540306000"
"473","14:42:28.564384","100","18625","172.26.191.172","5000","1.483744000","48","1","48192","1.540312000"
"474","14:42:28.564385","100","18673","172.26.191.172","5000","1.483745000","48","1","48192","1.540313000"
"475","14:42:28.595356","52","1","100.64.0.5","48192","1.514716000","0","17569","5000","1.571284000"
"476","14:42:28.595398","100","18721","172.26.191.172","5000","1.514758000","48","1","48192","1.571326000"
"477","14:42:28.595407","100","18769","172.26.191.172","5000","1.514767000","48","1","48192","1.571335000"
"478","14:42:28.595418","100","18817","172.26.191.172","5000","1.514778000","48","1","48192","1.571346000"
"479","14:42:28.595419","100","18865","172.26.191.172","5000","1.514779000","48","1","48192","1.571347000"
"480","14:42:28.595425","100","18913","172.26.191.172","5000","1.514785000","48","1","48192","1.571353000"
"481","14:42:28.595426","100","18961","172.26.191.172","5000","1.514786000","48","1","48192","1.571354000"
"482","14:42:28.625080","52","1","100.64.0.5","48192","1.544440000","0","18049","5000","1.601008000"
"483","14:42:28.625122","100","19009","172.26.191.172","5000","1.544482000","48","1","48192","1.601050000"
"484","14:42:28.625131","100","19057","172.26.191.172","5000","1.544491000","48","1","48192","1.601059000"
"485","14:42:28.625142","100","19105","172.26.191.172","5000","1.544502000","48","1","48192","1.601070000"
"486","14:42:28.625143","100","19153","172.26.191.172","5000","1.544503000","48","1","48192","1.601071000"
"487","14:42:28.625149","100","19201","172.26.191.172","5000","1.544509000","48","1","48192","1.601077000"
"488","14:42:28.625151","100","19249","172.26.191.172","5000","1.544511000","48","1","48192","1.601079000"
"489","14:42:28.625156","100","19297","172.26.191.172","5000","1.544516000","48","1","48192","1.601084000"
"490","14:42:28.625158","100","19345","172.26.191.172","5000","1.544518000","48","1","48192","1.601086000"
"491","14:42:28.625165","100","19393","172.26.191.172","5000","1.544525000","48","1","48192","1.601093000"
"492","14:42:28.625167","100","19441","172.26.191.172","5000","1.544527000","48","1","48192","1.601095000"
"493","14:42:28.654835","52","1","100.64.0.5","48192","1.574195000","0","18721","5000","1.630763000"
"494","14:42:28.654877","100","19489","172.26.191.172","5000","1.574237000","48","1","48192","1.630805000"
"495","14:42:28.654886","100","19537","172.26.191.172","5000","1.574246000","48","1","48192","1.630814000"
"496","14:42:28.654898","100","19585","172.26.191.172","5000","1.574258000","48","1","48192","1.630826000"
"497","14:42:28.654900","100","19633","172.26.191.172","5000","1.574260000","48","1","48192","1.630828000"
"498","14:42:28.654906","100","19681","172.26.191.172","5000","1.574266000","48","1","48192","1.630834000"
"499","14:42:28.654907","100","19729","172.26.191.172","5000","1.574267000","48","1","48192","1.630835000"
"500","14:42:28.654913","100","19777","172.26.191.172","5000","1.574273000","48","1","48192","1.630841000"
"501","14:42:28.654914","100","19825","172.26.191.172","5000","1.574274000","48","1","48192","1.630842000"
"502","14:42:28.654920","100","19873","172.26.191.172","5000","1.574280000","48","1","48192","1.630848000"
"503","14:42:28.654921","100","19921","172.26.191.172","5000","1.574281000","48","1","48192","1.630849000"
"504","14:42:28.654927","100","19969","172.26.191.172","5000","1.574287000","48","1","48192","1.630855000"
"505","14:42:28.654929","100","20017","172.26.191.172","5000","1.574289000","48","1","48192","1.630857000"
"506","14:42:28.654934","100","20065","172.26.191.172","5000","1.574294000","48","1","48192","1.630862000"
"507","14:42:28.654936","100","20113","172.26.191.172","5000","1.574296000","48","1","48192","1.630864000"
"508","14:42:28.686328","52","1","100.64.0.5","48192","1.605688000","0","19009","5000","1.662256000"
"509","14:42:28.686367","100","20161","172.26.191.172","5000","1.605727000","48","1","48192","1.662295000"
"510","14:42:28.686376","100","20209","172.26.191.172","5000","1.605736000","48","1","48192","1.662304000"
"511","14:42:28.686387","100","20257","172.26.191.172","5000","1.605747000","48","1","48192","1.662315000"
"512","14:42:28.686389","100","20305","172.26.191.172","5000","1.605749000","48","1","48192","1.662317000"
"513","14:42:28.686395","100","20353","172.26.191.172","5000","1.605755000","48","1","48192","1.662323000"
"514","14:42:28.686396","100","20401","172.26.191.172","5000","1.605756000","48","1","48192","1.662324000"
"515","14:42:28.716239","52","1","100.64.0.5","48192","1.635599000","0","19633","5000","1.692167000"
"516","14:42:28.716281","100","20449","172.26.191.172","5000","1.635641000","48","1","48192","1.692209000"
"517","14:42:28.716292","100","20497","172.26.191.172","5000","1.635652000","48","1","48192","1.692220000"
"518","14:42:28.716303","100","20545","172.26.191.172","5000","1.635663000","48","1","48192","1.692231000"
"519","14:42:28.716304","100","20593","172.26.191.172","5000","1.635664000","48","1","48192","1.692232000"
"520","14:42:28.716311","100","20641","172.26.191.172","5000","1.635671000","48","1","48192","1.692239000"
"521","14:42:28.716312","100","20689","172.26.191.172","5000","1.635672000","48","1","48192","1.692240000"
"522","14:42:28.716318","100","20737","172.26.191.172","5000","1.635678000","48","1","48192","1.692246000"
"523","14:42:28.716320","100","20785","172.26.191.172","5000","1.635680000","48","1","48192","1.692248000"
"524","14:42:28.716327","100","20833","172.26.191.172","5000","1.635687000","48","1","48192","1.692255000"
"525","14:42:28.716328","100","20881","172.26.191.172","5000","1.635688000","48","1","48192","1.692256000"
"526","14:42:28.716350","100","20929","172.26.191.172","5000","1.635710000","48","1","48192","1.692278000"
"527","14:42:28.716352","100","20977","172.26.191.172","5000","1.635712000","48","1","48192","1.692280000"
"528","14:42:28.716358","100","21025","172.26.191.172","5000","1.635718000","48","1","48192","1.692286000"
"529","14:42:28.716359","100","21073","172.26.191.172","5000","1.635719000","48","1","48192","1.692287000"
"530","14:42:28.716380","52","1","100.64.0.5","48192","1.635740000","0","19681","5000","1.692308000"
"531","14:42:28.716393","100","21121","172.26.191.172","5000","1.635753000","48","1","48192","1.692321000"
"532","14:42:28.716395","100","21169","172.26.191.172","5000","1.635755000","48","1","48192","1.692323000"
"533","14:42:28.746344","52","1","100.64.0.5","48192","1.665704000","0","20161","5000","1.722272000"
"534","14:42:28.746386","100","21217","172.26.191.172","5000","1.665746000","48","1","48192","1.722314000"
"535","14:42:28.746395","100","21265","172.26.191.172","5000","1.665755000","48","1","48192","1.722323000"
"536","14:42:28.746406","100","21313","172.26.191.172","5000","1.665766000","48","1","48192","1.722334000"
"537","14:42:28.746407","100","21361","172.26.191.172","5000","1.665767000","48","1","48192","1.722335000"
"538","14:42:28.746415","100","21409","172.26.191.172","5000","1.665775000","48","1","48192","1.722343000"
"539","14:42:28.746416","100","21457","172.26.191.172","5000","1.665776000","48","1","48192","1.722344000"
"540","14:42:28.746422","100","21505","172.26.191.172","5000","1.665782000","48","1","48192","1.722350000"
"541","14:42:28.746424","100","21553","172.26.191.172","5000","1.665784000","48","1","48192","1.722352000"
"542","14:42:28.746429","100","21601","172.26.191.172","5000","1.665789000","48","1","48192","1.722357000"
"543","14:42:28.746430","100","21649","172.26.191.172","5000","1.665790000","48","1","48192","1.722358000"
"544","14:42:28.776916","52","1","100.64.0.5","48192","1.696276000","0","20449","5000","1.752844000"
"545","14:42:28.776968","100","21697","172.26.191.172","5000","1.696328000","48","1","48192","1.752896000"
"546","14:42:28.776983","100","21745","172.26.191.172","5000","1.696343000","48","1","48192","1.752911000"
"547","14:42:28.777001","100","21793","172.26.191.172","5000","1.696361000","48","1","48192","1.752929000"
"548","14:42:28.777004","100","21841","172.26.191.172","5000","1.696364000","48","1","48192","1.752932000"
"549","14:42:28.777015","100","21889","172.26.191.172","5000","1.696375000","48","1","48192","1.752943000"
"550","14:42:28.777017","100","21937","172.26.191.172","5000","1.696377000","48","1","48192","1.752945000"
"551","14:42:28.807592","52","1","100.64.0.5","48192","1.726952000","0","21121","5000","1.783520000"
"552","14:42:28.807635","100","21985","172.26.191.172","5000","1.726995000","48","1","48192","1.783563000"
"553","14:42:28.807644","100","22033","172.26.191.172","5000","1.727004000","48","1","48192","1.783572000"
"554","14:42:28.807655","100","22081","172.26.191.172","5000","1.727015000","48","1","48192","1.783583000"
"555","14:42:28.807657","100","22129","172.26.191.172","5000","1.727017000","48","1","48192","1.783585000"
"556","14:42:28.807663","100","22177","172.26.191.172","5000","1.727023000","48","1","48192","1.783591000"
"557","14:42:28.807664","100","22225","172.26.191.172","5000","1.727024000","48","1","48192","1.783592000"
"558","14:42:28.807670","100","22273","172.26.191.172","5000","1.727030000","48","1","48192","1.783598000"
"559","14:42:28.807671","100","22321","172.26.191.172","5000","1.727031000","48","1","48192","1.783599000"
"560","14:42:28.807678","100","22369","172.26.191.172","5000","1.727038000","48","1","48192","1.783606000"
"561","14:42:28.807679","100","22417","172.26.191.172","5000","1.727039000","48","1","48192","1.783607000"
"562","14:42:28.807685","100","22465","172.26.191.172","5000","1.727045000","48","1","48192","1.783613000"
"563","14:42:28.807687","100","22513","172.26.191.172","5000","1.727047000","48","1","48192","1.783615000"
"564","14:42:28.807692","100","22561","172.26.191.172","5000","1.727052000","48","1","48192","1.783620000"
"565","14:42:28.807694","100","22609","172.26.191.172","5000","1.727054000","48","1","48192","1.783622000"
"566","14:42:28.837277","52","1","100.64.0.5","48192","1.756637000","0","21697","5000","1.813205000"
"567","14:42:28.837319","100","22657","172.26.191.172","5000","1.756679000","48","1","48192","1.813247000"
"568","14:42:28.837328","100","22705","172.26.191.172","5000","1.756688000","48","1","48192","1.813256000"
"569","14:42:28.837338","100","22753","172.26.191.172","5000","1.756698000","48","1","48192","1.813266000"
"570","14:42:28.837339","100","22801","172.26.191.172","5000","1.756699000","48","1","48192","1.813267000"
"571","14:42:28.837346","100","22849","172.26.191.172","5000","1.756706000","48","1","48192","1.813274000"
"572","14:42:28.837347","100","22897","172.26.191.172","5000","1.756707000","48","1","48192","1.813275000"
"573","14:42:28.837353","100","22945","172.26.191.172","5000","1.756713000","48","1","48192","1.813281000"
"574","14:42:28.837354","100","22993","172.26.191.172","5000","1.756714000","48","1","48192","1.813282000"
"575","14:42:28.837361","100","23041","172.26.191.172","5000","1.756721000","48","1","48192","1.813289000"
"576","14:42:28.837363","100","23089","172.26.191.172","5000","1.756723000","48","1","48192","1.813291000"
"577","14:42:28.837369","100","23137","172.26.191.172","5000","1.756729000","48","1","48192","1.813297000"
"578","14:42:28.837370","100","23185","172.26.191.172","5000","1.756730000","48","1","48192","1.813298000"
"579","14:42:28.868564","52","1","100.64.0.5","48192","1.787924000","0","21985","5000","1.844492000"
"580","14:42:28.868604","100","23233","172.26.191.172","5000","1.787964000","48","1","48192","1.844532000"
"581","14:42:28.868615","100","23281","172.26.191.172","5000","1.787975000","48","1","48192","1.844543000"
"582","14:42:28.868626","100","23329","172.26.191.172","5000","1.787986000","48","1","48192","1.844554000"
"583","14:42:28.868627","100","23377","172.26.191.172","5000","1.787987000","48","1","48192","1.844555000"
"584","14:42:28.868633","100","23425","172.26.191.172","5000","1.787993000","48","1","48192","1.844561000"
"585","14:42:28.868635","100","23473","172.26.191.172","5000","1.787995000","48","1","48192","1.844563000"
"586","14:42:28.897978","52","1","100.64.0.5","48192","1.817338000","0","22657","5000","1.873906000"
"587","14:42:28.898022","100","23521","172.26.191.172","5000","1.817382000","48","1","48192","1.873950000"
"588","14:42:28.898031","100","23569","172.26.191.172","5000","1.817391000","48","1","48192","1.873959000"
"589","14:42:28.898041","100","23617","172.26.191.172","5000","1.817401000","48","1","48192","1.873969000"
"590","14:42:28.898043","100","23665","172.26.191.172","5000","1.817403000","48","1","48192","1.873971000"
"591","14:42:28.898049","100","23713","172.26.191.172","5000","1.817409000","48","1","48192","1.873977000"
"592","14:42:28.898050","100","23761","172.26.191.172","5000","1.817410000","48","1","48192","1.873978000"
"593","14:42:28.898058","100","23809","172.26.191.172","5000","1.817418000","48","1","48192","1.873986000"
"594","14:42:28.898059","100","23857","172.26.191.172","5000","1.817419000","48","1","48192","1.873987000"
"595","14:42:28.898064","100","23905","172.26.191.172","5000","1.817424000","48","1","48192","1.873992000"
"596","14:42:28.898066","100","23953","172.26.191.172","5000","1.817426000","48","1","48192","1.873994000"
"597","14:42:28.898071","100","24001","172.26.191.172","5000","1.817431000","48","1","48192","1.873999000"
"598","14:42:28.898073","100","24049","172.26.191.172","5000","1.817433000","48","1","48192","1.874001000"
"599","14:42:28.898079","100","24097","172.26.191.172","5000","1.817439000","48","1","48192","1.874007000"
"600","14:42:28.898080","100","24145","172.26.191.172","5000","1.817440000","48","1","48192","1.874008000"
"601","14:42:28.898086","100","24193","172.26.191.172","5000","1.817446000","48","1","48192","1.874014000"
"602","14:42:28.898087","100","24241","172.26.191.172","5000","1.817447000","48","1","48192","1.874015000"
"603","14:42:28.928403","52","1","100.64.0.5","48192","1.847763000","0","23233","5000","1.904331000"
"604","14:42:28.928444","100","24289","172.26.191.172","5000","1.847804000","48","1","48192","1.904372000"
"605","14:42:28.928453","100","24337","172.26.191.172","5000","1.847813000","48","1","48192","1.904381000"
"606","14:42:28.928464","100","24385","172.26.191.172","5000","1.847824000","48","1","48192","1.904392000"
"607","14:42:28.928465","100","24433","172.26.191.172","5000","1.847825000","48","1","48192","1.904393000"
"608","14:42:28.928471","100","24481","172.26.191.172","5000","1.847831000","48","1","48192","1.904399000"
"609","14:42:28.928472","100","24529","172.26.191.172","5000","1.847832000","48","1","48192","1.904400000"
"610","14:42:28.928478","100","24577","172.26.191.172","5000","1.847838000","48","1","48192","1.904406000"
"611","14:42:28.928479","100","24625","172.26.191.172","5000","1.847839000","48","1","48192","1.904407000"
"612","14:42:28.928487","100","24673","172.26.191.172","5000","1.847847000","48","1","48192","1.904415000"
"613","14:42:28.928488","100","24721","172.26.191.172","5000","1.847848000","48","1","48192","1.904416000"
"614","14:42:28.928494","100","24769","172.26.191.172","5000","1.847854000","48","1","48192","1.904422000"
"615","14:42:28.928495","100","24817","172.26.191.172","5000","1.847855000","48","1","48192","1.904423000"
"616","14:42:28.958456","52","1","100.64.0.5","48192","1.877816000","0","23521","5000","1.934384000"
"617","14:42:28.958500","100","24865","172.26.191.172","5000","1.877860000","48","1","48192","1.934428000"
"618","14:42:28.958511","100","24913","172.26.191.172","5000","1.877871000","48","1","48192","1.934439000"
"619","14:42:28.958523","100","24961","172.26.191.172","5000","1.877883000","48","1","48192","1.934451000"
"620","14:42:28.958525","100","25009","172.26.191.172","5000","1.877885000","48","1","48192","1.934453000"
"621","14:42:28.958531","100","25057","172.26.191.172","5000","1.877891000","48","1","48192","1.934459000"
"622","14:42:28.958533","100","25105","172.26.191.172","5000","1.877893000","48","1","48192","1.934461000"
"623","14:42:28.989069","52","1","100.64.0.5","48192","1.908429000","0","24193","5000","1.964997000"
"624","14:42:28.989115","100","25153","172.26.191.172","5000","1.908475000","48","1","48192","1.965043000"
"625","14:42:28.989126","100","25201","172.26.191.172","5000","1.908486000","48","1","48192","1.965054000"
"626","14:42:28.989139","100","25249","172.26.191.172","5000","1.908499000","48","1","48192","1.965067000"
"627","14:42:28.989140","100","25297","172.26.191.172","5000","1.908500000","48","1","48192","1.965068000"
"628","14:42:28.989147","100","25345","172.26.191.172","5000","1.908507000","48","1","48192","1.965075000"
"629","14:42:28.989148","100","25393","172.26.191.172","5000","1.908508000","48","1","48192","1.965076000"
"630","14:42:28.989155","100","25441","172.26.191.172","5000","1.908515000","48","1","48192","1.965083000"
"631","14:42:28.989156","100","25489","172.26.191.172","5000","1.908516000","48","1","48192","1.965084000"
"632","14:42:28.989165","100","25537","172.26.191.172","5000","1.908525000","48","1","48192","1.965093000"
"633","14:42:28.989166","100","25585","172.26.191.172","5000","1.908526000","48","1","48192","1.965094000"
"634","14:42:28.989173","100","25633","172.26.191.172","5000","1.908533000","48","1","48192","1.965101000"
"635","14:42:28.989175","100","25681","172.26.191.172","5000","1.908535000","48","1","48192","1.965103000"
"636","14:42:28.989182","100","25729","172.26.191.172","5000","1.908542000","48","1","48192","1.965110000"
"637","14:42:28.989183","100","25777","172.26.191.172","5000","1.908543000","48","1","48192","1.965111000"
"638","14:42:29.019275","52","1","100.64.0.5","48192","1.938635000","0","24865","5000","1.995203000"
"639","14:42:29.019313","100","25825","172.26.191.172","5000","1.938673000","48","1","48192","1.995241000"
"640","14:42:29.019324","100","25873","172.26.191.172","5000","1.938684000","48","1","48192","1.995252000"
"641","14:42:29.019335","100","25921","172.26.191.172","5000","1.938695000","48","1","48192","1.995263000"
"642","14:42:29.019336","100","25969","172.26.191.172","5000","1.938696000","48","1","48192","1.995264000"
"643","14:42:29.019343","100","26017","172.26.191.172","5000","1.938703000","48","1","48192","1.995271000"
"644","14:42:29.019344","100","26065","172.26.191.172","5000","1.938704000","48","1","48192","1.995272000"
"645","14:42:29.019352","100","26113","172.26.191.172","5000","1.938712000","48","1","48192","1.995280000"
"646","14:42:29.019353","100","26161","172.26.191.172","5000","1.938713000","48","1","48192","1.995281000"
"647","14:42:29.019360","100","26209","172.26.191.172","5000","1.938720000","48","1","48192","1.995288000"
"648","14:42:29.019361","100","26257","172.26.191.172","5000","1.938721000","48","1","48192","1.995289000"
"649","14:42:29.019368","100","26305","172.26.191.172","5000","1.938728000","48","1","48192","1.995296000"
"650","14:42:29.019369","100","26353","172.26.191.172","5000","1.938729000","48","1","48192","1.995297000"
"651","14:42:29.019375","100","26401","172.26.191.172","5000","1.938735000","48","1","48192","1.995303000"
"652","14:42:29.019376","100","26449","172.26.191.172","5000","1.938736000","48","1","48192","1.995304000"
"653","14:42:29.048801","52","1","100.64.0.5","48192","1.968161000","0","25153","5000","2.024729000"
"654","14:42:29.048841","100","26497","172.26.191.172","5000","1.968201000","48","1","48192","2.024769000"
"655","14:42:29.048849","100","26545","172.26.191.172","5000","1.968209000","48","1","48192","2.024777000"
"656","14:42:29.048860","100","26593","172.26.191.172","5000","1.968220000","48","1","48192","2.024788000"
"657","14:42:29.048861","100","26641","172.26.191.172","5000","1.968221000","48","1","48192","2.024789000"
"658","14:42:29.048868","100","26689","172.26.191.172","5000","1.968228000","48","1","48192","2.024796000"
"659","14:42:29.048869","100","26737","172.26.191.172","5000","1.968229000","48","1","48192","2.024797000"
"660","14:42:29.080046","52","1","100.64.0.5","48192","1.999406000","0","25393","5000","2.055974000"
"661","14:42:29.080086","100","26785","172.26.191.172","5000","1.999446000","48","1","48192","2.056014000"
"662","14:42:29.080095","100","26833","172.26.191.172","5000","1.999455000","48","1","48192","2.056023000"
"663","14:42:29.080107","100","26881","172.26.191.172","5000","1.999467000","48","1","48192","2.056035000"
"664","14:42:29.080108","100","26929","172.26.191.172","5000","1.999468000","48","1","48192","2.056036000"
"665","14:42:29.080114","100","26977","172.26.191.172","5000","1.999474000","48","1","48192","2.056042000"
"666","14:42:29.080116","100","27025","172.26.191.172","5000","1.999476000","48","1","48192","2.056044000"
"667","14:42:29.080127","52","1","100.64.0.5","48192","1.999487000","0","25729","5000","2.056055000"
"668","14:42:29.080141","100","27073","172.26.191.172","5000","1.999501000","48","1","48192","2.056069000"
"669","14:42:29.080142","100","27121","172.26.191.172","5000","1.999502000","48","1","48192","2.056070000"
"670","14:42:29.080149","100","27169","172.26.191.172","5000","1.999509000","48","1","48192","2.056077000"
"671","14:42:29.080150","100","27217","172.26.191.172","5000","1.999510000","48","1","48192","2.056078000"
"672","14:42:29.080157","100","27265","172.26.191.172","5000","1.999517000","48","1","48192","2.056085000"
"673","14:42:29.080158","100","27313","172.26.191.172","5000","1.999518000","48","1","48192","2.056086000"
"674","14:42:29.080164","100","27361","172.26.191.172","5000","1.999524000","48","1","48192","2.056092000"
"675","14:42:29.080165","100","27409","172.26.191.172","5000","1.999525000","48","1","48192","2.056093000"
"676","14:42:29.080171","52","1","100.64.0.5","48192","1.999531000","0","25825","5000","2.056099000"
"677","14:42:29.080180","100","27457","172.26.191.172","5000","1.999540000","48","1","48192","2.056108000"
"678","14:42:29.080181","100","27505","172.26.191.172","5000","1.999541000","48","1","48192","2.056109000"
"679","14:42:29.110575","52","1","100.64.0.5","48192","2.029935000","0","26497","5000","2.086503000"
"680","14:42:29.110619","100","27553","172.26.191.172","5000","2.029979000","48","1","48192","2.086547000"
"681","14:42:29.110627","100","27601","172.26.191.172","5000","2.029987000","48","1","48192","2.086555000"
"682","14:42:29.110638","100","27649","172.26.191.172","5000","2.029998000","48","1","48192","2.086566000"
"683","14:42:29.110640","100","27697","172.26.191.172","5000","2.030000000","48","1","48192","2.086568000"
"684","14:42:29.110646","100","27745","172.26.191.172","5000","2.030006000","48","1","48192","2.086574000"
"685","14:42:29.110647","100","27793","172.26.191.172","5000","2.030007000","48","1","48192","2.086575000"
"686","14:42:29.110653","100","27841","172.26.191.172","5000","2.030013000","48","1","48192","2.086581000"
"687","14:42:29.110654","100","27889","172.26.191.172","5000","2.030014000","48","1","48192","2.086582000"
"688","14:42:29.110662","100","27937","172.26.191.172","5000","2.030022000","48","1","48192","2.086590000"
"689","14:42:29.110664","100","27985","172.26.191.172","5000","2.030024000","48","1","48192","2.086592000"
"690","14:42:29.110669","100","28033","172.26.191.172","5000","2.030029000","48","1","48192","2.086597000"
"691","14:42:29.110671","100","28081","172.26.191.172","5000","2.030031000","48","1","48192","2.086599000"
"692","14:42:29.110676","100","28129","172.26.191.172","5000","2.030036000","48","1","48192","2.086604000"
"693","14:42:29.110678","100","28177","172.26.191.172","5000","2.030038000","48","1","48192","2.086606000"
"694","14:42:29.140056","52","1","100.64.0.5","48192","2.059416000","0","26785","5000","2.115984000"
"695","14:42:29.140096","100","28225","172.26.191.172","5000","2.059456000","48","1","48192","2.116024000"
"696","14:42:29.140106","100","28273","172.26.191.172","5000","2.059466000","48","1","48192","2.116034000"
"697","14:42:29.140116","100","28321","172.26.191.172","5000","2.059476000","48","1","48192","2.116044000"
"698","14:42:29.140118","100","28369","172.26.191.172","5000","2.059478000","48","1","48192","2.116046000"
"699","14:42:29.140124","100","28417","172.26.191.172","5000","2.059484000","48","1","48192","2.116052000"
"700","14:42:29.140125","100","28465","172.26.191.172","5000","2.059485000","48","1","48192","2.116053000"
"701","14:42:29.171030","52","1","100.64.0.5","48192","2.090390000","0","27457","5000","2.146958000"
"702","14:42:29.171073","100","28513","172.26.191.172","5000","2.090433000","48","1","48192","2.147001000"
"703","14:42:29.171082","100","28561","172.26.191.172","5000","2.090442000","48","1","48192","2.147010000"
"704","14:42:29.171093","100","28609","172.26.191.172","5000","2.090453000","48","1","48192","2.147021000"
"705","14:42:29.171094","100","28657","172.26.191.172","5000","2.090454000","48","1","48192","2.147022000"
"706","14:42:29.171100","100","28705","172.26.191.172","5000","2.090460000","48","1","48192","2.147028000"
"707","14:42:29.171102","100","28753","172.26.191.172","5000","2.090462000","48","1","48192","2.147030000"
"708","14:42:29.171107","100","28801","172.26.191.172","5000","2.090467000","48","1","48192","2.147035000"
"709","14:42:29.171108","100","28849","172.26.191.172","5000","2.090468000","48","1","48192","2.147036000"
"710","14:42:29.171115","100","28897","172.26.191.172","5000","2.090475000","48","1","48192","2.147043000"
"711","14:42:29.171117","100","28945","172.26.191.172","5000","2.090477000","48","1","48192","2.147045000"
"712","14:42:29.171123","100","28993","172.26.191.172","5000","2.090483000","48","1","48192","2.147051000"
"713","14:42:29.171124","100","29041","172.26.191.172","5000","2.090484000","48","1","48192","2.147052000"
"714","14:42:29.171130","100","29089","172.26.191.172","5000","2.090490000","48","1","48192","2.147058000"
"715","14:42:29.171131","100","29137","172.26.191.172","5000","2.090491000","48","1","48192","2.147059000"
"716","14:42:29.201302","52","1","100.64.0.5","48192","2.120662000","0","28129","5000","2.177230000"
"717","14:42:29.201333","100","29185","172.26.191.172","5000","2.120693000","48","1","48192","2.177261000"
"718","14:42:29.201340","100","29233","172.26.191.172","5000","2.120700000","48","1","48192","2.177268000"
"719","14:42:29.201347","100","29281","172.26.191.172","5000","2.120707000","48","1","48192","2.177275000"
"720","14:42:29.201348","100","29329","172.26.191.172","5000","2.120708000","48","1","48192","2.177276000"
"721","14:42:29.201351","100","29377","172.26.191.172","5000","2.120711000","48","1","48192","2.177279000"
"722","14:42:29.201352","100","29425","172.26.191.172","5000","2.120712000","48","1","48192","2.177280000"
"723","14:42:29.201356","100","29473","172.26.191.172","5000","2.120716000","48","1","48192","2.177284000"
"724","14:42:29.201357","100","29521","172.26.191.172","5000","2.120717000","48","1","48192","2.177285000"
"725","14:42:29.201361","100","29569","172.26.191.172","5000","2.120721000","48","1","48192","2.177289000"
"726","14:42:29.201362","100","29617","172.26.191.172","5000","2.120722000","48","1","48192","2.177290000"
"727","14:42:29.201365","100","29665","172.26.191.172","5000","2.120725000","48","1","48192","2.177293000"
"728","14:42:29.201366","100","29713","172.26.191.172","5000","2.120726000","48","1","48192","2.177294000"
"729","14:42:29.201371","100","29761","172.26.191.172","5000","2.120731000","48","1","48192","2.177299000"
"730","14:42:29.201372","100","29809","172.26.191.172","5000","2.120732000","48","1","48192","2.177300000"
"731","14:42:29.231041","52","1","100.64.0.5","48192","2.150401000","0","28513","5000","2.206969000"
"732","14:42:29.231081","100","29857","172.26.191.172","5000","2.150441000","48","1","48192","2.207009000"
"733","14:42:29.231089","100","29905","172.26.191.172","5000","2.150449000","48","1","48192","2.207017000"
"734","14:42:29.231100","100","29953","172.26.191.172","5000","2.150460000","48","1","48192","2.207028000"
"735","14:42:29.231101","100","30001","172.26.191.172","5000","2.150461000","48","1","48192","2.207029000"
"736","14:42:29.231107","100","30049","172.26.191.172","5000","2.150467000","48","1","48192","2.207035000"
"737","14:42:29.231109","100","30097","172.26.191.172","5000","2.150469000","48","1","48192","2.207037000"
"738","14:42:29.231115","100","30145","172.26.191.172","5000","2.150475000","48","1","48192","2.207043000"
"739","14:42:29.231116","100","30193","172.26.191.172","5000","2.150476000","48","1","48192","2.207044000"
"740","14:42:29.260991","52","1","100.64.0.5","48192","2.180351000","0","29185","5000","2.236919000"
"741","14:42:29.261034","100","30241","172.26.191.172","5000","2.180394000","48","1","48192","2.236962000"
"742","14:42:29.261043","100","30289","172.26.191.172","5000","2.180403000","48","1","48192","2.236971000"
"743","14:42:29.261054","100","30337","172.26.191.172","5000","2.180414000","48","1","48192","2.236982000"
"744","14:42:29.261055","100","30385","172.26.191.172","5000","2.180415000","48","1","48192","2.236983000"
"745","14:42:29.261061","100","30433","172.26.191.172","5000","2.180421000","48","1","48192","2.236989000"
"746","14:42:29.261062","100","30481","172.26.191.172","5000","2.180422000","48","1","48192","2.236990000"
"747","14:42:29.261070","100","30529","172.26.191.172","5000","2.180430000","48","1","48192","2.236998000"
"748","14:42:29.261071","100","30577","172.26.191.172","5000","2.180431000","48","1","48192","2.236999000"
"749","14:42:29.261078","100","30625","172.26.191.172","5000","2.180438000","48","1","48192","2.237006000"
"750","14:42:29.261079","100","30673","172.26.191.172","5000","2.180439000","48","1","48192","2.237007000"
"751","14:42:29.261085","100","30721","172.26.191.172","5000","2.180445000","48","1","48192","2.237013000"
"752","14:42:29.261087","100","30769","172.26.191.172","5000","2.180447000","48","1","48192","2.237015000"
"753","14:42:29.261093","100","30817","172.26.191.172","5000","2.180453000","48","1","48192","2.237021000"
"754","14:42:29.261095","100","30865","172.26.191.172","5000","2.180455000","48","1","48192","2.237023000"
"755","14:42:29.261101","100","30913","172.26.191.172","5000","2.180461000","48","1","48192","2.237029000"
"756","14:42:29.261102","100","30961","172.26.191.172","5000","2.180462000","48","1","48192","2.237030000"
"757","14:42:29.292390","52","1","100.64.0.5","48192","2.211750000","0","29857","5000","2.268318000"
"758","14:42:29.292431","100","31009","172.26.191.172","5000","2.211791000","48","1","48192","2.268359000"
"759","14:42:29.292442","100","31057","172.26.191.172","5000","2.211802000","48","1","48192","2.268370000"
"760","14:42:29.292453","100","31105","172.26.191.172","5000","2.211813000","48","1","48192","2.268381000"
"761","14:42:29.292455","100","31153","172.26.191.172","5000","2.211815000","48","1","48192","2.268383000"
"762","14:42:29.292461","100","31201","172.26.191.172","5000","2.211821000","48","1","48192","2.268389000"
"763","14:42:29.292462","100","31249","172.26.191.172","5000","2.211822000","48","1","48192","2.268390000"
"764","14:42:29.292469","100","31297","172.26.191.172","5000","2.211829000","48","1","48192","2.268397000"
"765","14:42:29.292470","100","31345","172.26.191.172","5000","2.211830000","48","1","48192","2.268398000"
"766","14:42:29.292477","100","31393","172.26.191.172","5000","2.211837000","48","1","48192","2.268405000"
"767","14:42:29.292479","100","31441","172.26.191.172","5000","2.211839000","48","1","48192","2.268407000"
"768","14:42:29.292485","100","31489","172.26.191.172","5000","2.211845000","48","1","48192","2.268413000"
"769","14:42:29.292486","100","31537","172.26.191.172","5000","2.211846000","48","1","48192","2.268414000"
"770","14:42:29.292492","100","31585","172.26.191.172","5000","2.211852000","48","1","48192","2.268420000"
"771","14:42:29.292493","100","31633","172.26.191.172","5000","2.211853000","48","1","48192","2.268421000"
"772","14:42:29.322054","52","1","100.64.0.5","48192","2.241414000","0","30241","5000","2.297982000"
"773","14:42:29.322099","100","31681","172.26.191.172","5000","2.241459000","48","1","48192","2.298027000"
"774","14:42:29.322109","100","31729","172.26.191.172","5000","2.241469000","48","1","48192","2.298037000"
"775","14:42:29.322122","100","31777","172.26.191.172","5000","2.241482000","48","1","48192","2.298050000"
"776","14:42:29.322123","100","31825","172.26.191.172","5000","2.241483000","48","1","48192","2.298051000"
"777","14:42:29.322130","100","31873","172.26.191.172","5000","2.241490000","48","1","48192","2.298058000"
"778","14:42:29.322132","100","31921","172.26.191.172","5000","2.241492000","48","1","48192","2.298060000"
"779","14:42:29.322138","100","31969","172.26.191.172","5000","2.241498000","48","1","48192","2.298066000"
"780","14:42:29.322140","100","32017","172.26.191.172","5000","2.241500000","48","1","48192","2.298068000"
"781","14:42:29.352398","52","1","100.64.0.5","48192","2.271758000","0","30913","5000","2.328326000"
"782","14:42:29.352442","100","32065","172.26.191.172","5000","2.271802000","48","1","48192","2.328370000"
"783","14:42:29.352451","100","32113","172.26.191.172","5000","2.271811000","48","1","48192","2.328379000"
"784","14:42:29.352462","100","32161","172.26.191.172","5000","2.271822000","48","1","48192","2.328390000"
"785","14:42:29.352463","100","32209","172.26.191.172","5000","2.271823000","48","1","48192","2.328391000"
"786","14:42:29.352469","100","32257","172.26.191.172","5000","2.271829000","48","1","48192","2.328397000"
"787","14:42:29.352471","100","32305","172.26.191.172","5000","2.271831000","48","1","48192","2.328399000"
"788","14:42:29.352477","100","32353","172.26.191.172","5000","2.271837000","48","1","48192","2.328405000"
"789","14:42:29.352478","100","32401","172.26.191.172","5000","2.271838000","48","1","48192","2.328406000"
"790","14:42:29.352485","100","32449","172.26.191.172","5000","2.271845000","48","1","48192","2.328413000"
"791","14:42:29.352487","100","32497","172.26.191.172","5000","2.271847000","48","1","48192","2.328415000"
"792","14:42:29.352493","100","32545","172.26.191.172","5000","2.271853000","48","1","48192","2.328421000"
"793","14:42:29.352494","100","32593","172.26.191.172","5000","2.271854000","48","1","48192","2.328422000"
"794","14:42:29.352501","100","32641","172.26.191.172","5000","2.271861000","48","1","48192","2.328429000"
"795","14:42:29.352502","100","32689","172.26.191.172","5000","2.271862000","48","1","48192","2.328430000"
"796","14:42:29.382772","52","1","100.64.0.5","48192","2.302132000","0","31489","5000","2.358700000"
"797","14:42:29.382816","100","32737","172.26.191.172","5000","2.302176000","48","1","48192","2.358744000"
"798","14:42:29.382825","100","32785","172.26.191.172","5000","2.302185000","48","1","48192","2.358753000"
"799","14:42:29.382836","100","32833","172.26.191.172","5000","2.302196000","48","1","48192","2.358764000"
"800","14:42:29.382837","100","32881","172.26.191.172","5000","2.302197000","48","1","48192","2.358765000"
"801","14:42:29.382843","100","32929","172.26.191.172","5000","2.302203000","48","1","48192","2.358771000"
"802","14:42:29.382844","100","32977","172.26.191.172","5000","2.302204000","48","1","48192","2.358772000"
"803","14:42:29.382850","100","33025","172.26.191.172","5000","2.302210000","48","1","48192","2.358778000"
"804","14:42:29.382852","100","33073","172.26.191.172","5000","2.302212000","48","1","48192","2.358780000"
"805","14:42:29.382858","100","33121","172.26.191.172","5000","2.302218000","48","1","48192","2.358786000"
"806","14:42:29.382859","100","33169","172.26.191.172","5000","2.302219000","48","1","48192","2.358787000"
"807","14:42:29.382865","100","33217","172.26.191.172","5000","2.302225000","48","1","48192","2.358793000"
"808","14:42:29.382866","100","33265","172.26.191.172","5000","2.302226000","48","1","48192","2.358794000"
"809","14:42:29.382878","52","1","100.64.0.5","48192","2.302238000","0","31585","5000","2.358806000"
"810","14:42:29.382887","100","33313","172.26.191.172","5000","2.302247000","48","1","48192","2.358815000"
"811","14:42:29.382888","100","33361","172.26.191.172","5000","2.302248000","48","1","48192","2.358816000"
"812","14:42:29.412561","52","1","100.64.0.5","48192","2.331921000","0","32065","5000","2.388489000"
"813","14:42:29.412602","100","33409","172.26.191.172","5000","2.331962000","48","1","48192","2.388530000"
"814","14:42:29.412610","100","33457","172.26.191.172","5000","2.331970000","48","1","48192","2.388538000"
"815","14:42:29.412621","100","33505","172.26.191.172","5000","2.331981000","48","1","48192","2.388549000"
"816","14:42:29.412623","100","33553","172.26.191.172","5000","2.331983000","48","1","48192","2.388551000"
"817","14:42:29.412629","100","33601","172.26.191.172","5000","2.331989000","48","1","48192","2.388557000"
"818","14:42:29.412631","100","33649","172.26.191.172","5000","2.331991000","48","1","48192","2.388559000"
"819","14:42:29.412636","100","33697","172.26.191.172","5000","2.331996000","48","1","48192","2.388564000"
"820","14:42:29.412637","100","33745","172.26.191.172","5000","2.331997000","48","1","48192","2.388565000"
"821","14:42:29.412643","100","33793","172.26.191.172","5000","2.332003000","48","1","48192","2.388571000"
"822","14:42:29.412645","100","33841","172.26.191.172","5000","2.332005000","48","1","48192","2.388573000"
"823","14:42:29.443335","52","1","100.64.0.5","48192","2.362695000","0","32737","5000","2.419263000"
"824","14:42:29.443378","100","33889","172.26.191.172","5000","2.362738000","48","1","48192","2.419306000"
"825","14:42:29.443387","100","33937","172.26.191.172","5000","2.362747000","48","1","48192","2.419315000"
"826","14:42:29.443399","100","33985","172.26.191.172","5000","2.362759000","48","1","48192","2.419327000"
"827","14:42:29.443401","100","34033","172.26.191.172","5000","2.362761000","48","1","48192","2.419329000"
"828","14:42:29.443407","100","34081","172.26.191.172","5000","2.362767000","48","1","48192","2.419335000"
"829","14:42:29.443408","100","34129","172.26.191.172","5000","2.362768000","48","1","48192","2.419336000"
"830","14:42:29.443414","100","34177","172.26.191.172","5000","2.362774000","48","1","48192","2.419342000"
"831","14:42:29.443415","100","34225","172.26.191.172","5000","2.362775000","48","1","48192","2.419343000"
"832","14:42:29.443422","100","34273","172.26.191.172","5000","2.362782000","48","1","48192","2.419350000"
"833","14:42:29.443424","100","34321","172.26.191.172","5000","2.362784000","48","1","48192","2.419352000"
"834","14:42:29.443429","100","34369","172.26.191.172","5000","2.362789000","48","1","48192","2.419357000"
"835","14:42:29.443431","100","34417","172.26.191.172","5000","2.362791000","48","1","48192","2.419359000"
"836","14:42:29.443437","100","34465","172.26.191.172","5000","2.362797000","48","1","48192","2.419365000"
"837","14:42:29.443438","100","34513","172.26.191.172","5000","2.362798000","48","1","48192","2.419366000"
"838","14:42:29.443444","100","34561","172.26.191.172","5000","2.362804000","48","1","48192","2.419372000"
"839","14:42:29.443445","100","34609","172.26.191.172","5000","2.362805000","48","1","48192","2.419373000"
"840","14:42:29.474055","52","1","100.64.0.5","48192","2.393415000","0","33313","5000","2.449983000"
"841","14:42:29.474101","100","34657","172.26.191.172","5000","2.393461000","48","1","48192","2.450029000"
"842","14:42:29.474110","100","34705","172.26.191.172","5000","2.393470000","48","1","48192","2.450038000"
"843","14:42:29.474121","100","34753","172.26.191.172","5000","2.393481000","48","1","48192","2.450049000"
"844","14:42:29.474122","100","34801","172.26.191.172","5000","2.393482000","48","1","48192","2.450050000"
"845","14:42:29.474128","100","34849","172.26.191.172","5000","2.393488000","48","1","48192","2.450056000"
"846","14:42:29.474130","100","34897","172.26.191.172","5000","2.393490000","48","1","48192","2.450058000"
"847","14:42:29.474137","100","34945","172.26.191.172","5000","2.393497000","48","1","48192","2.450065000"
"848","14:42:29.474139","100","34993","172.26.191.172","5000","2.393499000","48","1","48192","2.450067000"
"849","14:42:29.474144","100","35041","172.26.191.172","5000","2.393504000","48","1","48192","2.450072000"
"850","14:42:29.474146","100","35089","172.26.191.172","5000","2.393506000","48","1","48192","2.450074000"
"851","14:42:29.474152","100","35137","172.26.191.172","5000","2.393512000","48","1","48192","2.450080000"
"852","14:42:29.474153","100","35185","172.26.191.172","5000","2.393513000","48","1","48192","2.450081000"
"853","14:42:29.474165","52","1","100.64.0.5","48192","2.393525000","0","33409","5000","2.450093000"
"854","14:42:29.474174","100","35233","172.26.191.172","5000","2.393534000","48","1","48192","2.450102000"
"855","14:42:29.474176","100","35281","172.26.191.172","5000","2.393536000","48","1","48192","2.450104000"
"856","14:42:29.503886","52","1","100.64.0.5","48192","2.423246000","0","33889","5000","2.479814000"
"857","14:42:29.503927","100","35329","172.26.191.172","5000","2.423287000","48","1","48192","2.479855000"
"858","14:42:29.503936","100","35377","172.26.191.172","5000","2.423296000","48","1","48192","2.479864000"
"859","14:42:29.503947","100","35425","172.26.191.172","5000","2.423307000","48","1","48192","2.479875000"
"860","14:42:29.503948","100","35473","172.26.191.172","5000","2.423308000","48","1","48192","2.479876000"
"861","14:42:29.503954","100","35521","172.26.191.172","5000","2.423314000","48","1","48192","2.479882000"
"862","14:42:29.503956","100","35569","172.26.191.172","5000","2.423316000","48","1","48192","2.479884000"
"863","14:42:29.503961","100","35617","172.26.191.172","5000","2.423321000","48","1","48192","2.479889000"
"864","14:42:29.503963","100","35665","172.26.191.172","5000","2.423323000","48","1","48192","2.479891000"
"865","14:42:29.503969","100","35713","172.26.191.172","5000","2.423329000","48","1","48192","2.479897000"
"866","14:42:29.503970","100","35761","172.26.191.172","5000","2.423330000","48","1","48192","2.479898000"
"867","14:42:29.534467","52","1","100.64.0.5","48192","2.453827000","0","34465","5000","2.510395000"
"868","14:42:29.534509","100","35809","172.26.191.172","5000","2.453869000","48","1","48192","2.510437000"
"869","14:42:29.534520","100","35857","172.26.191.172","5000","2.453880000","48","1","48192","2.510448000"
"870","14:42:29.534531","100","35905","172.26.191.172","5000","2.453891000","48","1","48192","2.510459000"
"871","14:42:29.534532","100","35953","172.26.191.172","5000","2.453892000","48","1","48192","2.510460000"
"872","14:42:29.534539","100","36001","172.26.191.172","5000","2.453899000","48","1","48192","2.510467000"
"873","14:42:29.534540","100","36049","172.26.191.172","5000","2.453900000","48","1","48192","2.510468000"
"874","14:42:29.534546","100","36097","172.26.191.172","5000","2.453906000","48","1","48192","2.510474000"
"875","14:42:29.534547","100","36145","172.26.191.172","5000","2.453907000","48","1","48192","2.510475000"
"876","14:42:29.534553","100","36193","172.26.191.172","5000","2.453913000","48","1","48192","2.510481000"
"877","14:42:29.534555","100","36241","172.26.191.172","5000","2.453915000","48","1","48192","2.510483000"
"878","14:42:29.534562","100","36289","172.26.191.172","5000","2.453922000","48","1","48192","2.510490000"
"879","14:42:29.534563","100","36337","172.26.191.172","5000","2.453923000","48","1","48192","2.510491000"
"880","14:42:29.534576","52","1","100.64.0.5","48192","2.453936000","0","34561","5000","2.510504000"
"881","14:42:29.534585","100","36385","172.26.191.172","5000","2.453945000","48","1","48192","2.510513000"
"882","14:42:29.534587","100","36433","172.26.191.172","5000","2.453947000","48","1","48192","2.510515000"
"883","14:42:29.564276","52","1","100.64.0.5","48192","2.483636000","0","35137","5000","2.540204000"
"884","14:42:29.564319","100","36481","172.26.191.172","5000","2.483679000","48","1","48192","2.540247000"
"885","14:42:29.564328","100","36529","172.26.191.172","5000","2.483688000","48","1","48192","2.540256000"
"886","14:42:29.564351","100","36577","172.26.191.172","5000","2.483711000","48","1","48192","2.540279000"
"887","14:42:29.564352","100","36625","172.26.191.172","5000","2.483712000","48","1","48192","2.540280000"
"888","14:42:29.564359","100","36673","172.26.191.172","5000","2.483719000","48","1","48192","2.540287000"
"889","14:42:29.564360","100","36721","172.26.191.172","5000","2.483720000","48","1","48192","2.540288000"
"890","14:42:29.564366","100","36769","172.26.191.172","5000","2.483726000","48","1","48192","2.540294000"
"891","14:42:29.564367","100","36817","172.26.191.172","5000","2.483727000","48","1","48192","2.540295000"
"892","14:42:29.564373","100","36865","172.26.191.172","5000","2.483733000","48","1","48192","2.540301000"
"893","14:42:29.564375","100","36913","172.26.191.172","5000","2.483735000","48","1","48192","2.540303000"
"894","14:42:29.564381","100","36961","172.26.191.172","5000","2.483741000","48","1","48192","2.540309000"
"895","14:42:29.564383","100","37009","172.26.191.172","5000","2.483743000","48","1","48192","2.540311000"
"896","14:42:29.564406","52","1","100.64.0.5","48192","2.483766000","0","35233","5000","2.540334000"
"897","14:42:29.564416","100","37057","172.26.191.172","5000","2.483776000","48","1","48192","2.540344000"
"898","14:42:29.564418","100","37105","172.26.191.172","5000","2.483778000","48","1","48192","2.540346000"
"899","14:42:29.594884","52","1","100.64.0.5","48192","2.514244000","0","35713","5000","2.570812000"
"900","14:42:29.594926","100","37153","172.26.191.172","5000","2.514286000","48","1","48192","2.570854000"
"901","14:42:29.594935","100","37201","172.26.191.172","5000","2.514295000","48","1","48192","2.570863000"
"902","14:42:29.594946","100","37249","172.26.191.172","5000","2.514306000","48","1","48192","2.570874000"
"903","14:42:29.594948","100","37297","172.26.191.172","5000","2.514308000","48","1","48192","2.570876000"
"904","14:42:29.594954","100","37345","172.26.191.172","5000","2.514314000","48","1","48192","2.570882000"
"905","14:42:29.594955","100","37393","172.26.191.172","5000","2.514315000","48","1","48192","2.570883000"
"906","14:42:29.594963","100","37441","172.26.191.172","5000","2.514323000","48","1","48192","2.570891000"
"907","14:42:29.594964","100","37489","172.26.191.172","5000","2.514324000","48","1","48192","2.570892000"
"908","14:42:29.594969","100","37537","172.26.191.172","5000","2.514329000","48","1","48192","2.570897000"
"909","14:42:29.594971","100","37585","172.26.191.172","5000","2.514331000","48","1","48192","2.570899000"
"910","14:42:29.594983","52","1","100.64.0.5","48192","2.514343000","0","35809","5000","2.570911000"
"911","14:42:29.594993","100","37633","172.26.191.172","5000","2.514353000","48","1","48192","2.570921000"
"912","14:42:29.594994","100","37681","172.26.191.172","5000","2.514354000","48","1","48192","2.570922000"
"913","14:42:29.625399","52","1","100.64.0.5","48192","2.544759000","0","36385","5000","2.601327000"
"914","14:42:29.625416","100","37729","172.26.191.172","5000","2.544776000","48","1","48192","2.601344000"
"915","14:42:29.625422","100","37777","172.26.191.172","5000","2.544782000","48","1","48192","2.601350000"
"916","14:42:29.625426","100","37825","172.26.191.172","5000","2.544786000","48","1","48192","2.601354000"
"917","14:42:29.625426","100","37873","172.26.191.172","5000","2.544786000","48","1","48192","2.601354000"
"918","14:42:29.625429","100","37921","172.26.191.172","5000","2.544789000","48","1","48192","2.601357000"
"919","14:42:29.625429","100","37969","172.26.191.172","5000","2.544789000","48","1","48192","2.601357000"
"920","14:42:29.625431","100","38017","172.26.191.172","5000","2.544791000","48","1","48192","2.601359000"
"921","14:42:29.625432","100","38065","172.26.191.172","5000","2.544792000","48","1","48192","2.601360000"
"922","14:42:29.625434","100","38113","172.26.191.172","5000","2.544794000","48","1","48192","2.601362000"
"923","14:42:29.625434","100","38161","172.26.191.172","5000","2.544794000","48","1","48192","2.601362000"
"924","14:42:29.625436","100","38209","172.26.191.172","5000","2.544796000","48","1","48192","2.601364000"
"925","14:42:29.625437","100","38257","172.26.191.172","5000","2.544797000","48","1","48192","2.601365000"
"926","14:42:29.625441","52","1","100.64.0.5","48192","2.544801000","0","36481","5000","2.601369000"
"927","14:42:29.625444","100","38305","172.26.191.172","5000","2.544804000","48","1","48192","2.601372000"
"928","14:42:29.625445","100","38353","172.26.191.172","5000","2.544805000","48","1","48192","2.601373000"
"929","14:42:29.654908","52","1","100.64.0.5","48192","2.574268000","0","37057","5000","2.630836000"
"930","14:42:29.654924","100","38401","172.26.191.172","5000","2.574284000","48","1","48192","2.630852000"
"931","14:42:29.654928","100","38449","172.26.191.172","5000","2.574288000","48","1","48192","2.630856000"
"932","14:42:29.654932","100","38497","172.26.191.172","5000","2.574292000","48","1","48192","2.630860000"
"933","14:42:29.654933","100","38545","172.26.191.172","5000","2.574293000","48","1","48192","2.630861000"
"934","14:42:29.654934","100","38593","172.26.191.172","5000","2.574294000","48","1","48192","2.630862000"
"935","14:42:29.654935","100","38641","172.26.191.172","5000","2.574295000","48","1","48192","2.630863000"
"936","14:42:29.654937","100","38689","172.26.191.172","5000","2.574297000","48","1","48192","2.630865000"
"937","14:42:29.654937","100","38737","172.26.191.172","5000","2.574297000","48","1","48192","2.630865000"
"938","14:42:29.654939","100","38785","172.26.191.172","5000","2.574299000","48","1","48192","2.630867000"
"939","14:42:29.654939","100","38833","172.26.191.172","5000","2.574299000","48","1","48192","2.630867000"
"940","14:42:29.654941","100","38881","172.26.191.172","5000","2.574301000","48","1","48192","2.630869000"
"941","14:42:29.654941","100","38929","172.26.191.172","5000","2.574301000","48","1","48192","2.630869000"
"942","14:42:29.654943","100","38977","172.26.191.172","5000","2.574303000","48","1","48192","2.630871000"
"943","14:42:29.654943","100","39025","172.26.191.172","5000","2.574303000","48","1","48192","2.630871000"
"944","14:42:29.654947","52","1","100.64.0.5","48192","2.574307000","0","37153","5000","2.630875000"
"945","14:42:29.654950","100","39073","172.26.191.172","5000","2.574310000","48","1","48192","2.630878000"
"946","14:42:29.654951","100","39121","172.26.191.172","5000","2.574311000","48","1","48192","2.630879000"
"947","14:42:29.685732","52","1","100.64.0.5","48192","2.605092000","0","37729","5000","2.661660000"
"948","14:42:29.685751","100","39169","172.26.191.172","5000","2.605111000","48","1","48192","2.661679000"
"949","14:42:29.685755","100","39217","172.26.191.172","5000","2.605115000","48","1","48192","2.661683000"
"950","14:42:29.685759","100","39265","172.26.191.172","5000","2.605119000","48","1","48192","2.661687000"
"951","14:42:29.685759","100","39313","172.26.191.172","5000","2.605119000","48","1","48192","2.661687000"
"952","14:42:29.685761","100","39361","172.26.191.172","5000","2.605121000","48","1","48192","2.661689000"
"953","14:42:29.685761","100","39409","172.26.191.172","5000","2.605121000","48","1","48192","2.661689000"
"954","14:42:29.685763","100","39457","172.26.191.172","5000","2.605123000","48","1","48192","2.661691000"
"955","14:42:29.685763","100","39505","172.26.191.172","5000","2.605123000","48","1","48192","2.661691000"
"956","14:42:29.685765","100","39553","172.26.191.172","5000","2.605125000","48","1","48192","2.661693000"
"957","14:42:29.685766","100","39601","172.26.191.172","5000","2.605126000","48","1","48192","2.661694000"
"958","14:42:29.685768","100","39649","172.26.191.172","5000","2.605128000","48","1","48192","2.661696000"
"959","14:42:29.685768","100","39697","172.26.191.172","5000","2.605128000","48","1","48192","2.661696000"
"960","14:42:29.715862","52","1","100.64.0.5","48192","2.635222000","0","38401","5000","2.691790000"
"961","14:42:29.715891","100","39745","172.26.191.172","5000","2.635251000","48","1","48192","2.691819000"
"962","14:42:29.715898","100","39793","172.26.191.172","5000","2.635258000","48","1","48192","2.691826000"
"963","14:42:29.715905","100","39841","172.26.191.172","5000","2.635265000","48","1","48192","2.691833000"
"964","14:42:29.715906","100","39889","172.26.191.172","5000","2.635266000","48","1","48192","2.691834000"
"965","14:42:29.715910","100","39937","172.26.191.172","5000","2.635270000","48","1","48192","2.691838000"
"966","14:42:29.715911","100","39985","172.26.191.172","5000","2.635271000","48","1","48192","2.691839000"
"967","14:42:29.715915","100","40033","172.26.191.172","5000","2.635275000","48","1","48192","2.691843000"
"968","14:42:29.715915","100","40081","172.26.191.172","5000","2.635275000","48","1","48192","2.691843000"
"969","14:42:29.715920","100","40129","172.26.191.172","5000","2.635280000","48","1","48192","2.691848000"
"970","14:42:29.715920","100","40177","172.26.191.172","5000","2.635280000","48","1","48192","2.691848000"
"971","14:42:29.715924","100","40225","172.26.191.172","5000","2.635284000","48","1","48192","2.691852000"
"972","14:42:29.715925","100","40273","172.26.191.172","5000","2.635285000","48","1","48192","2.691853000"
"973","14:42:29.715928","100","40321","172.26.191.172","5000","2.635288000","48","1","48192","2.691856000"
"974","14:42:29.715929","100","40369","172.26.191.172","5000","2.635289000","48","1","48192","2.691857000"
"975","14:42:29.746248","64","1","100.64.0.5","48192","2.665608000","0","38641","5000","2.722176000"
"976","14:42:29.746293","100","40417","172.26.191.172","5000","2.665653000","48","1","48192","2.722221000"
"977","14:42:29.746304","100","40465","172.26.191.172","5000","2.665664000","48","1","48192","2.722232000"
"978","14:42:29.746315","100","40513","172.26.191.172","5000","2.665675000","48","1","48192","2.722243000"
"979","14:42:29.746317","100","40561","172.26.191.172","5000","2.665677000","48","1","48192","2.722245000"
"980","14:42:29.746323","100","40609","172.26.191.172","5000","2.665683000","48","1","48192","2.722251000"
"981","14:42:29.746324","100","40657","172.26.191.172","5000","2.665684000","48","1","48192","2.722252000"
"982","14:42:29.746330","100","40705","172.26.191.172","5000","2.665690000","48","1","48192","2.722258000"
"983","14:42:29.746332","100","40753","172.26.191.172","5000","2.665692000","48","1","48192","2.722260000"
"984","14:42:29.746344","64","1","100.64.0.5","48192","2.665704000","0","38641","5000","2.722272000"
"985","14:42:29.746359","100","38641","172.26.191.172","5000","2.665719000","48","1","48192","2.722287000"
"986","14:42:29.777073","64","1","100.64.0.5","48192","2.696433000","0","38641","5000","2.753001000"
"987","14:42:29.777111","100","38689","172.26.191.172","5000","2.696471000","48","1","48192","2.753039000"
"988","14:42:29.777136","64","1","100.64.0.5","48192","2.696496000","0","38641","5000","2.753064000"
"989","14:42:29.777152","100","38737","172.26.191.172","5000","2.696512000","48","1","48192","2.753080000"
"990","14:42:29.777166","100","38785","172.26.191.172","5000","2.696526000","48","1","48192","2.753094000"
"991","14:42:29.777168","100","38833","172.26.191.172","5000","2.696528000","48","1","48192","2.753096000"
"992","14:42:29.777176","100","38881","172.26.191.172","5000","2.696536000","48","1","48192","2.753104000"
"993","14:42:29.777179","100","38929","172.26.191.172","5000","2.696539000","48","1","48192","2.753107000"
"994","14:42:29.807557","64","1","100.64.0.5","48192","2.726917000","0","38641","5000","2.783485000"
"995","14:42:29.807605","100","40801","172.26.191.172","5000","2.726965000","48","1","48192","2.783533000"
"996","14:42:29.807614","100","40849","172.26.191.172","5000","2.726974000","48","1","48192","2.783542000"
"997","14:42:29.807622","100","40897","172.26.191.172","5000","2.726982000","48","1","48192","2.783550000"
"998","14:42:29.807633","64","1","100.64.0.5","48192","2.726993000","0","38641","5000","2.783561000"
"999","14:42:29.807648","100","40945","172.26.191.172","5000","2.727008000","48","1","48192","2.783576000"
"1000","14:42:29.807650","100","40993","172.26.191.172","5000","2.727010000","48","1","48192","2.783578000"
"1001","14:42:29.807654","100","41041","172.26.191.172","5000","2.727014000","48","1","48192","2.783582000"
"1002","14:42:29.837043","64","1","100.64.0.5","48192","2.756403000","0","38689","5000","2.812971000"
"1003","14:42:29.837090","100","41089","172.26.191.172","5000","2.756450000","48","1","48192","2.813018000"
"1004","14:42:29.837101","100","41137","172.26.191.172","5000","2.756461000","48","1","48192","2.813029000"
"1005","14:42:29.837111","100","41185","172.26.191.172","5000","2.756471000","48","1","48192","2.813039000"
"1006","14:42:29.837112","100","41233","172.26.191.172","5000","2.756472000","48","1","48192","2.813040000"
"1007","14:42:29.837118","100","41281","172.26.191.172","5000","2.756478000","48","1","48192","2.813046000"
"1008","14:42:29.837120","100","41329","172.26.191.172","5000","2.756480000","48","1","48192","2.813048000"
"1009","14:42:29.837126","100","41377","172.26.191.172","5000","2.756486000","48","1","48192","2.813054000"
"1010","14:42:29.837127","100","41425","172.26.191.172","5000","2.756487000","48","1","48192","2.813055000"
"1011","14:42:29.837132","100","41473","172.26.191.172","5000","2.756492000","48","1","48192","2.813060000"
"1012","14:42:29.868683","64","1","100.64.0.5","48192","2.788043000","0","38881","5000","2.844611000"
"1013","14:42:29.868729","100","41521","172.26.191.172","5000","2.788089000","48","1","48192","2.844657000"
"1014","14:42:29.868738","100","41569","172.26.191.172","5000","2.788098000","48","1","48192","2.844666000"
"1015","14:42:29.868747","100","41617","172.26.191.172","5000","2.788107000","48","1","48192","2.844675000"
"1016","14:42:29.868749","100","41665","172.26.191.172","5000","2.788109000","48","1","48192","2.844677000"
"1017","14:42:29.868760","52","1","100.64.0.5","48192","2.788120000","0","40801","5000","2.844688000"
"1018","14:42:29.868774","100","41713","172.26.191.172","5000","2.788134000","48","1","48192","2.844702000"
"1019","14:42:29.868776","100","41761","172.26.191.172","5000","2.788136000","48","1","48192","2.844704000"
"1020","14:42:29.898497","52","1","100.64.0.5","48192","2.817857000","0","41089","5000","2.874425000"
"1021","14:42:29.898542","100","41809","172.26.191.172","5000","2.817902000","48","1","48192","2.874470000"
"1022","14:42:29.898552","100","41857","172.26.191.172","5000","2.817912000","48","1","48192","2.874480000"
"1023","14:42:29.898565","100","41905","172.26.191.172","5000","2.817925000","48","1","48192","2.874493000"
"1024","14:42:29.898566","100","41953","172.26.191.172","5000","2.817926000","48","1","48192","2.874494000"
"1025","14:42:29.898573","100","42001","172.26.191.172","5000","2.817933000","48","1","48192","2.874501000"
"1026","14:42:29.898574","100","42049","172.26.191.172","5000","2.817934000","48","1","48192","2.874502000"
"1027","14:42:29.928084","52","1","100.64.0.5","48192","2.847444000","0","41521","5000","2.904012000"
"1028","14:42:29.928124","100","42097","172.26.191.172","5000","2.847484000","48","1","48192","2.904052000"
"1029","14:42:29.928133","100","42145","172.26.191.172","5000","2.847493000","48","1","48192","2.904061000"
"1030","14:42:29.928144","100","42193","172.26.191.172","5000","2.847504000","48","1","48192","2.904072000"
"1031","14:42:29.928145","100","42241","172.26.191.172","5000","2.847505000","48","1","48192","2.904073000"
"1032","14:42:29.928152","100","42289","172.26.191.172","5000","2.847512000","48","1","48192","2.904080000"
"1033","14:42:29.928153","100","42337","172.26.191.172","5000","2.847513000","48","1","48192","2.904081000"
"1034","14:42:29.928159","100","42385","172.26.191.172","5000","2.847519000","48","1","48192","2.904087000"
"1035","14:42:29.928160","100","42433","172.26.191.172","5000","2.847520000","48","1","48192","2.904088000"
"1036","14:42:29.957800","52","1","100.64.0.5","48192","2.877160000","0","41809","5000","2.933728000"
"1037","14:42:29.957842","100","42481","172.26.191.172","5000","2.877202000","48","1","48192","2.933770000"
"1038","14:42:29.957852","100","42529","172.26.191.172","5000","2.877212000","48","1","48192","2.933780000"
"1039","14:42:29.957865","100","42577","172.26.191.172","5000","2.877225000","48","1","48192","2.933793000"
"1040","14:42:29.957867","100","42625","172.26.191.172","5000","2.877227000","48","1","48192","2.933795000"
"1041","14:42:29.957873","100","42673","172.26.191.172","5000","2.877233000","48","1","48192","2.933801000"
"1042","14:42:29.957875","100","42721","172.26.191.172","5000","2.877235000","48","1","48192","2.933803000"
"1043","14:42:29.957881","100","42769","172.26.191.172","5000","2.877241000","48","1","48192","2.933809000"
"1044","14:42:29.957883","100","42817","172.26.191.172","5000","2.877243000","48","1","48192","2.933811000"
"1045","14:42:29.989245","52","1","100.64.0.5","48192","2.908605000","0","42097","5000","2.965173000"
"1046","14:42:29.989284","100","42865","172.26.191.172","5000","2.908644000","48","1","48192","2.965212000"
"1047","14:42:29.989293","100","42913","172.26.191.172","5000","2.908653000","48","1","48192","2.965221000"
"1048","14:42:29.989304","100","42961","172.26.191.172","5000","2.908664000","48","1","48192","2.965232000"
"1049","14:42:29.989305","100","43009","172.26.191.172","5000","2.908665000","48","1","48192","2.965233000"
"1050","14:42:29.989311","100","43057","172.26.191.172","5000","2.908671000","48","1","48192","2.965239000"
"1051","14:42:29.989312","100","43105","172.26.191.172","5000","2.908672000","48","1","48192","2.965240000"
"1052","14:42:30.018907","52","1","100.64.0.5","48192","2.938267000","0","42769","5000","2.994835000"
"1053","14:42:30.018951","100","43153","172.26.191.172","5000","2.938311000","48","1","48192","2.994879000"
"1054","14:42:30.018964","100","43201","172.26.191.172","5000","2.938324000","48","1","48192","2.994892000"
"1055","14:42:30.018976","100","43249","172.26.191.172","5000","2.938336000","48","1","48192","2.994904000"
"1056","14:42:30.018977","100","43297","172.26.191.172","5000","2.938337000","48","1","48192","2.994905000"
"1057","14:42:30.018984","100","43345","172.26.191.172","5000","2.938344000","48","1","48192","2.994912000"
"1058","14:42:30.018986","100","43393","172.26.191.172","5000","2.938346000","48","1","48192","2.994914000"
"1059","14:42:30.018993","100","43441","172.26.191.172","5000","2.938353000","48","1","48192","2.994921000"
"1060","14:42:30.018994","100","43489","172.26.191.172","5000","2.938354000","48","1","48192","2.994922000"
"1061","14:42:30.019001","100","43537","172.26.191.172","5000","2.938361000","48","1","48192","2.994929000"
"1062","14:42:30.019002","100","43585","172.26.191.172","5000","2.938362000","48","1","48192","2.994930000"
"1063","14:42:30.019011","100","43633","172.26.191.172","5000","2.938371000","48","1","48192","2.994939000"
"1064","14:42:30.019013","100","43681","172.26.191.172","5000","2.938373000","48","1","48192","2.994941000"
"1065","14:42:30.019019","100","43729","172.26.191.172","5000","2.938379000","48","1","48192","2.994947000"
"1066","14:42:30.019022","100","43777","172.26.191.172","5000","2.938382000","48","1","48192","2.994950000"
"1067","14:42:30.049352","52","1","100.64.0.5","48192","2.968712000","0","42865","5000","3.025280000"
"1068","14:42:30.049391","100","43825","172.26.191.172","5000","2.968751000","48","1","48192","3.025319000"
"1069","14:42:30.049400","100","43873","172.26.191.172","5000","2.968760000","48","1","48192","3.025328000"
"1070","14:42:30.079911","52","1","100.64.0.5","48192","2.999271000","0","43153","5000","3.055839000"
"1071","14:42:30.079940","100","43921","172.26.191.172","5000","2.999300000","48","1","48192","3.055868000"
"1072","14:42:30.079947","100","43969","172.26.191.172","5000","2.999307000","48","1","48192","3.055875000"
"1073","14:42:30.079955","100","44017","172.26.191.172","5000","2.999315000","48","1","48192","3.055883000"
"1074","14:42:30.079956","100","44065","172.26.191.172","5000","2.999316000","48","1","48192","3.055884000"
"1075","14:42:30.079960","100","44113","172.26.191.172","5000","2.999320000","48","1","48192","3.055888000"
"1076","14:42:30.079961","100","44161","172.26.191.172","5000","2.999321000","48","1","48192","3.055889000"
"1077","14:42:30.109607","52","1","100.64.0.5","48192","3.028967000","0","43825","5000","3.085535000"
"1078","14:42:30.109651","100","44209","172.26.191.172","5000","3.029011000","48","1","48192","3.085579000"
"1079","14:42:30.109660","100","44257","172.26.191.172","5000","3.029020000","48","1","48192","3.085588000"
"1080","14:42:30.109671","100","44305","172.26.191.172","5000","3.029031000","48","1","48192","3.085599000"
"1081","14:42:30.109673","100","44353","172.26.191.172","5000","3.029033000","48","1","48192","3.085601000"
"1082","14:42:30.109679","100","44401","172.26.191.172","5000","3.029039000","48","1","48192","3.085607000"
"1083","14:42:30.109680","100","44449","172.26.191.172","5000","3.029040000","48","1","48192","3.085608000"
"1084","14:42:30.109687","100","44497","172.26.191.172","5000","3.029047000","48","1","48192","3.085615000"
"1085","14:42:30.109689","100","44545","172.26.191.172","5000","3.029049000","48","1","48192","3.085617000"
"1086","14:42:30.109696","100","44593","172.26.191.172","5000","3.029056000","48","1","48192","3.085624000"
"1087","14:42:30.109697","100","44641","172.26.191.172","5000","3.029057000","48","1","48192","3.085625000"
"1088","14:42:30.109704","100","44689","172.26.191.172","5000","3.029064000","48","1","48192","3.085632000"
"1089","14:42:30.109705","100","44737","172.26.191.172","5000","3.029065000","48","1","48192","3.085633000"
"1090","14:42:30.109712","100","44785","172.26.191.172","5000","3.029072000","48","1","48192","3.085640000"
"1091","14:42:30.109713","100","44833","172.26.191.172","5000","3.029073000","48","1","48192","3.085641000"
"1092","14:42:30.139998","52","1","100.64.0.5","48192","3.059358000","0","43921","5000","3.115926000"
"1093","14:42:30.140037","100","44881","172.26.191.172","5000","3.059397000","48","1","48192","3.115965000"
"1094","14:42:30.140046","100","44929","172.26.191.172","5000","3.059406000","48","1","48192","3.115974000"
"1095","14:42:30.140059","100","44977","172.26.191.172","5000","3.059419000","48","1","48192","3.115987000"
"1096","14:42:30.140060","100","45025","172.26.191.172","5000","3.059420000","48","1","48192","3.115988000"
"1097","14:42:30.170880","52","1","100.64.0.5","48192","3.090240000","0","44209","5000","3.146808000"
"1098","14:42:30.170924","100","45073","172.26.191.172","5000","3.090284000","48","1","48192","3.146852000"
"1099","14:42:30.170935","100","45121","172.26.191.172","5000","3.090295000","48","1","48192","3.146863000"
"1100","14:42:30.170948","100","45169","172.26.191.172","5000","3.090308000","48","1","48192","3.146876000"
"1101","14:42:30.170950","100","45217","172.26.191.172","5000","3.090310000","48","1","48192","3.146878000"
"1102","14:42:30.170957","100","45265","172.26.191.172","5000","3.090317000","48","1","48192","3.146885000"
"1103","14:42:30.170958","100","45313","172.26.191.172","5000","3.090318000","48","1","48192","3.146886000"
"1104","14:42:30.200554","52","1","100.64.0.5","48192","3.119914000","0","44881","5000","3.176482000"
"1105","14:42:30.200598","100","45361","172.26.191.172","5000","3.119958000","48","1","48192","3.176526000"
"1106","14:42:30.200607","100","45409","172.26.191.172","5000","3.119967000","48","1","48192","3.176535000"
"1107","14:42:30.200619","100","45457","172.26.191.172","5000","3.119979000","48","1","48192","3.176547000"
"1108","14:42:30.200621","100","45505","172.26.191.172","5000","3.119981000","48","1","48192","3.176549000"
"1109","14:42:30.200627","100","45553","172.26.191.172","5000","3.119987000","48","1","48192","3.176555000"
"1110","14:42:30.200628","100","45601","172.26.191.172","5000","3.119988000","48","1","48192","3.176556000"
"1111","14:42:30.200634","100","45649","172.26.191.172","5000","3.119994000","48","1","48192","3.176562000"
"1112","14:42:30.200635","100","45697","172.26.191.172","5000","3.119995000","48","1","48192","3.176563000"
"1113","14:42:30.200642","100","45745","172.26.191.172","5000","3.120002000","48","1","48192","3.176570000"
"1114","14:42:30.200643","100","45793","172.26.191.172","5000","3.120003000","48","1","48192","3.176571000"
"1115","14:42:30.200649","100","45841","172.26.191.172","5000","3.120009000","48","1","48192","3.176577000"
"1116","14:42:30.200650","100","45889","172.26.191.172","5000","3.120010000","48","1","48192","3.176578000"
"1117","14:42:30.200656","100","45937","172.26.191.172","5000","3.120016000","48","1","48192","3.176584000"
"1118","14:42:30.200657","100","45985","172.26.191.172","5000","3.120017000","48","1","48192","3.176585000"
"1119","14:42:30.230539","52","1","100.64.0.5","48192","3.149899000","0","45073","5000","3.206467000"
"1120","14:42:30.230570","100","46033","172.26.191.172","5000","3.149930000","48","1","48192","3.206498000"
"1121","14:42:30.230579","100","46081","172.26.191.172","5000","3.149939000","48","1","48192","3.206507000"
"1122","14:42:30.230590","100","46129","172.26.191.172","5000","3.149950000","48","1","48192","3.206518000"
"1123","14:42:30.230592","100","46177","172.26.191.172","5000","3.149952000","48","1","48192","3.206520000"
"1124","14:42:30.260835","52","1","100.64.0.5","48192","3.180195000","0","45361","5000","3.236763000"
"1125","14:42:30.260874","100","46225","172.26.191.172","5000","3.180234000","48","1","48192","3.236802000"
"1126","14:42:30.260883","100","46273","172.26.191.172","5000","3.180243000","48","1","48192","3.236811000"
"1127","14:42:30.260894","100","46321","172.26.191.172","5000","3.180254000","48","1","48192","3.236822000"
"1128","14:42:30.260895","100","46369","172.26.191.172","5000","3.180255000","48","1","48192","3.236823000"
"1129","14:42:30.260901","100","46417","172.26.191.172","5000","3.180261000","48","1","48192","3.236829000"
"1130","14:42:30.260903","100","46465","172.26.191.172","5000","3.180263000","48","1","48192","3.236831000"
"1131","14:42:30.292304","52","1","100.64.0.5","48192","3.211664000","0","45937","5000","3.268232000"
"1132","14:42:30.292360","100","46513","172.26.191.172","5000","3.211720000","48","1","48192","3.268288000"
"1133","14:42:30.292369","100","46561","172.26.191.172","5000","3.211729000","48","1","48192","3.268297000"
"1134","14:42:30.292380","100","46609","172.26.191.172","5000","3.211740000","48","1","48192","3.268308000"
"1135","14:42:30.292382","100","46657","172.26.191.172","5000","3.211742000","48","1","48192","3.268310000"
"1136","14:42:30.292388","100","46705","172.26.191.172","5000","3.211748000","48","1","48192","3.268316000"
"1137","14:42:30.292389","100","46753","172.26.191.172","5000","3.211749000","48","1","48192","3.268317000"
"1138","14:42:30.292395","100","46801","172.26.191.172","5000","3.211755000","48","1","48192","3.268323000"
"1139","14:42:30.292397","100","46849","172.26.191.172","5000","3.211757000","48","1","48192","3.268325000"
"1140","14:42:30.292402","100","46897","172.26.191.172","5000","3.211762000","48","1","48192","3.268330000"
"1141","14:42:30.292404","100","46945","172.26.191.172","5000","3.211764000","48","1","48192","3.268332000"
"1142","14:42:30.292411","100","46993","172.26.191.172","5000","3.211771000","48","1","48192","3.268339000"
"1143","14:42:30.292413","100","47041","172.26.191.172","5000","3.211773000","48","1","48192","3.268341000"
"1144","14:42:30.292433","52","1","100.64.0.5","48192","3.211793000","0","46033","5000","3.268361000"
"1145","14:42:30.292443","100","47089","172.26.191.172","5000","3.211803000","48","1","48192","3.268371000"
"1146","14:42:30.292445","100","47137","172.26.191.172","5000","3.211805000","48","1","48192","3.268373000"
"1147","14:42:30.322232","52","1","100.64.0.5","48192","3.241592000","0","46225","5000","3.298160000"
"1148","14:42:30.322271","100","47185","172.26.191.172","5000","3.241631000","48","1","48192","3.298199000"
"1149","14:42:30.322280","100","47233","172.26.191.172","5000","3.241640000","48","1","48192","3.298208000"
"1150","14:42:30.322290","100","47281","172.26.191.172","5000","3.241650000","48","1","48192","3.298218000"
"1151","14:42:30.322292","100","47329","172.26.191.172","5000","3.241652000","48","1","48192","3.298220000"
"1152","14:42:30.322298","100","47377","172.26.191.172","5000","3.241658000","48","1","48192","3.298226000"
"1153","14:42:30.322300","100","47425","172.26.191.172","5000","3.241660000","48","1","48192","3.298228000"
"1154","14:42:30.352589","52","1","100.64.0.5","48192","3.271949000","0","46513","5000","3.328517000"
"1155","14:42:30.352630","100","47473","172.26.191.172","5000","3.271990000","48","1","48192","3.328558000"
"1156","14:42:30.352640","100","47521","172.26.191.172","5000","3.272000000","48","1","48192","3.328568000"
"1157","14:42:30.352651","100","47569","172.26.191.172","5000","3.272011000","48","1","48192","3.328579000"
"1158","14:42:30.352652","100","47617","172.26.191.172","5000","3.272012000","48","1","48192","3.328580000"
"1159","14:42:30.352660","100","47665","172.26.191.172","5000","3.272020000","48","1","48192","3.328588000"
"1160","14:42:30.352661","100","47713","172.26.191.172","5000","3.272021000","48","1","48192","3.328589000"
"1161","14:42:30.383264","52","1","100.64.0.5","48192","3.302624000","0","47185","5000","3.359192000"
"1162","14:42:30.383306","100","47761","172.26.191.172","5000","3.302666000","48","1","48192","3.359234000"
"1163","14:42:30.383317","100","47809","172.26.191.172","5000","3.302677000","48","1","48192","3.359245000"
"1164","14:42:30.383328","100","47857","172.26.191.172","5000","3.302688000","48","1","48192","3.359256000"
"1165","14:42:30.383329","100","47905","172.26.191.172","5000","3.302689000","48","1","48192","3.359257000"
"1166","14:42:30.383336","100","47953","172.26.191.172","5000","3.302696000","48","1","48192","3.359264000"
"1167","14:42:30.383337","100","48001","172.26.191.172","5000","3.302697000","48","1","48192","3.359265000"
"1168","14:42:30.383343","100","48049","172.26.191.172","5000","3.302703000","48","1","48192","3.359271000"
"1169","14:42:30.383344","100","48097","172.26.191.172","5000","3.302704000","48","1","48192","3.359272000"
"1170","14:42:30.383351","100","48145","172.26.191.172","5000","3.302711000","48","1","48192","3.359279000"
"1171","14:42:30.383352","100","48193","172.26.191.172","5000","3.302712000","48","1","48192","3.359280000"
"1172","14:42:30.383358","100","48241","172.26.191.172","5000","3.302718000","48","1","48192","3.359286000"
"1173","14:42:30.383359","100","48289","172.26.191.172","5000","3.302719000","48","1","48192","3.359287000"
"1174","14:42:30.383366","100","48337","172.26.191.172","5000","3.302726000","48","1","48192","3.359294000"
"1175","14:42:30.383368","100","48385","172.26.191.172","5000","3.302728000","48","1","48192","3.359296000"
"1176","14:42:30.412736","52","1","100.64.0.5","48192","3.332096000","0","47473","5000","3.388664000"
"1177","14:42:30.412777","100","48433","172.26.191.172","5000","3.332137000","48","1","48192","3.388705000"
"1178","14:42:30.412786","100","48481","172.26.191.172","5000","3.332146000","48","1","48192","3.388714000"
"1179","14:42:30.412798","100","48529","172.26.191.172","5000","3.332158000","48","1","48192","3.388726000"
"1180","14:42:30.412799","100","48577","172.26.191.172","5000","3.332159000","48","1","48192","3.388727000"
"1181","14:42:30.412807","100","48625","172.26.191.172","5000","3.332167000","48","1","48192","3.388735000"
"1182","14:42:30.412808","100","48673","172.26.191.172","5000","3.332168000","48","1","48192","3.388736000"
"1183","14:42:30.443193","52","1","100.64.0.5","48192","3.362553000","0","47761","5000","3.419121000"
"1184","14:42:30.443235","100","48721","172.26.191.172","5000","3.362595000","48","1","48192","3.419163000"
"1185","14:42:30.443244","100","48769","172.26.191.172","5000","3.362604000","48","1","48192","3.419172000"
"1186","14:42:30.443254","100","48817","172.26.191.172","5000","3.362614000","48","1","48192","3.419182000"
"1187","14:42:30.443256","100","48865","172.26.191.172","5000","3.362616000","48","1","48192","3.419184000"
"1188","14:42:30.443263","100","48913","172.26.191.172","5000","3.362623000","48","1","48192","3.419191000"
"1189","14:42:30.443264","100","48961","172.26.191.172","5000","3.362624000","48","1","48192","3.419192000"
"1190","14:42:30.473375","52","1","100.64.0.5","48192","3.392735000","0","48193","5000","3.449303000"
"1191","14:42:30.473417","100","49009","172.26.191.172","5000","3.392777000","48","1","48192","3.449345000"
"1192","14:42:30.473426","100","49057","172.26.191.172","5000","3.392786000","48","1","48192","3.449354000"
"1193","14:42:30.473437","100","49105","172.26.191.172","5000","3.392797000","48","1","48192","3.449365000"
"1194","14:42:30.473438","100","49153","172.26.191.172","5000","3.392798000","48","1","48192","3.449366000"
"1195","14:42:30.473446","100","49201","172.26.191.172","5000","3.392806000","48","1","48192","3.449374000"
"1196","14:42:30.473447","100","49249","172.26.191.172","5000","3.392807000","48","1","48192","3.449375000"
"1197","14:42:30.473453","100","49297","172.26.191.172","5000","3.392813000","48","1","48192","3.449381000"
"1198","14:42:30.473454","100","49345","172.26.191.172","5000","3.392814000","48","1","48192","3.449382000"
"1199","14:42:30.473460","100","49393","172.26.191.172","5000","3.392820000","48","1","48192","3.449388000"
"1200","14:42:30.473462","100","49441","172.26.191.172","5000","3.392822000","48","1","48192","3.449390000"
"1201","14:42:30.474630","52","1","100.64.0.5","48192","3.393990000","0","48241","5000","3.450558000"
"1202","14:42:30.474650","100","49489","172.26.191.172","5000","3.394010000","48","1","48192","3.450578000"
"1203","14:42:30.474670","52","1","100.64.0.5","48192","3.394030000","0","48433","5000","3.450598000"
"1204","14:42:30.474684","100","49537","172.26.191.172","5000","3.394044000","48","1","48192","3.450612000"
"1205","14:42:30.474686","100","49585","172.26.191.172","5000","3.394046000","48","1","48192","3.450614000"
"1206","14:42:30.474692","100","49633","172.26.191.172","5000","3.394052000","48","1","48192","3.450620000"
"1207","14:42:30.474694","100","49681","172.26.191.172","5000","3.394054000","48","1","48192","3.450622000"
"1208","14:42:30.503930","52","1","100.64.0.5","48192","3.423290000","0","48721","5000","3.479858000"
"1209","14:42:30.503972","100","49729","172.26.191.172","5000","3.423332000","48","1","48192","3.479900000"
"1210","14:42:30.503981","100","49777","172.26.191.172","5000","3.423341000","48","1","48192","3.479909000"
"1211","14:42:30.503991","100","49825","172.26.191.172","5000","3.423351000","48","1","48192","3.479919000"
"1212","14:42:30.503993","100","49873","172.26.191.172","5000","3.423353000","48","1","48192","3.479921000"
"1213","14:42:30.503999","100","49921","172.26.191.172","5000","3.423359000","48","1","48192","3.479927000"
"1214","14:42:30.504000","100","49969","172.26.191.172","5000","3.423360000","48","1","48192","3.479928000"
"1215","14:42:30.534196","52","1","100.64.0.5","48192","3.453556000","0","49009","5000","3.510124000"
"1216","14:42:30.534237","100","50017","172.26.191.172","5000","3.453597000","48","1","48192","3.510165000"
"1217","14:42:30.534246","100","50065","172.26.191.172","5000","3.453606000","48","1","48192","3.510174000"
"1218","14:42:30.534257","100","50113","172.26.191.172","5000","3.453617000","48","1","48192","3.510185000"
"1219","14:42:30.534258","100","50161","172.26.191.172","5000","3.453618000","48","1","48192","3.510186000"
"1220","14:42:30.534264","100","50209","172.26.191.172","5000","3.453624000","48","1","48192","3.510192000"
"1221","14:42:30.534266","100","50257","172.26.191.172","5000","3.453626000","48","1","48192","3.510194000"
"1222","14:42:30.564092","52","1","100.64.0.5","48192","3.483452000","0","49441","5000","3.540020000"
"1223","14:42:30.564142","100","50305","172.26.191.172","5000","3.483502000","48","1","48192","3.540070000"
"1224","14:42:30.564153","100","50353","172.26.191.172","5000","3.483513000","48","1","48192","3.540081000"
"1225","14:42:30.564165","100","50401","172.26.191.172","5000","3.483525000","48","1","48192","3.540093000"
"1226","14:42:30.564166","100","50449","172.26.191.172","5000","3.483526000","48","1","48192","3.540094000"
"1227","14:42:30.564174","100","50497","172.26.191.172","5000","3.483534000","48","1","48192","3.540102000"
"1228","14:42:30.564175","100","50545","172.26.191.172","5000","3.483535000","48","1","48192","3.540103000"
"1229","14:42:30.564181","100","50593","172.26.191.172","5000","3.483541000","48","1","48192","3.540109000"
"1230","14:42:30.564182","100","50641","172.26.191.172","5000","3.483542000","48","1","48192","3.540110000"
"1231","14:42:30.564188","100","50689","172.26.191.172","5000","3.483548000","48","1","48192","3.540116000"
"1232","14:42:30.564189","100","50737","172.26.191.172","5000","3.483549000","48","1","48192","3.540117000"
"1233","14:42:30.564205","52","1","100.64.0.5","48192","3.483565000","0","49681","5000","3.540133000"
"1234","14:42:30.564217","100","50785","172.26.191.172","5000","3.483577000","48","1","48192","3.540145000"
"1235","14:42:30.564218","100","50833","172.26.191.172","5000","3.483578000","48","1","48192","3.540146000"
"1236","14:42:30.564225","100","50881","172.26.191.172","5000","3.483585000","48","1","48192","3.540153000"
"1237","14:42:30.564226","100","50929","172.26.191.172","5000","3.483586000","48","1","48192","3.540154000"
"1238","14:42:30.595511","52","1","100.64.0.5","48192","3.514871000","0","50017","5000","3.571439000"
"1239","14:42:30.595552","100","50977","172.26.191.172","5000","3.514912000","48","1","48192","3.571480000"
"1240","14:42:30.595561","100","51025","172.26.191.172","5000","3.514921000","48","1","48192","3.571489000"
"1241","14:42:30.595572","100","51073","172.26.191.172","5000","3.514932000","48","1","48192","3.571500000"
"1242","14:42:30.595573","100","51121","172.26.191.172","5000","3.514933000","48","1","48192","3.571501000"
"1243","14:42:30.595579","100","51169","172.26.191.172","5000","3.514939000","48","1","48192","3.571507000"
"1244","14:42:30.595581","100","51217","172.26.191.172","5000","3.514941000","48","1","48192","3.571509000"
"1245","14:42:30.595587","100","51265","172.26.191.172","5000","3.514947000","48","1","48192","3.571515000"
"1246","14:42:30.595588","100","51313","172.26.191.172","5000","3.514948000","48","1","48192","3.571516000"
"1247","14:42:30.624833","52","1","100.64.0.5","48192","3.544193000","0","50305","5000","3.600761000"
"1248","14:42:30.624878","100","51361","172.26.191.172","5000","3.544238000","48","1","48192","3.600806000"
"1249","14:42:30.624888","100","51409","172.26.191.172","5000","3.544248000","48","1","48192","3.600816000"
"1250","14:42:30.624900","100","51457","172.26.191.172","5000","3.544260000","48","1","48192","3.600828000"
"1251","14:42:30.624902","100","51505","172.26.191.172","5000","3.544262000","48","1","48192","3.600830000"
"1252","14:42:30.624908","100","51553","172.26.191.172","5000","3.544268000","48","1","48192","3.600836000"
"1253","14:42:30.624910","100","51601","172.26.191.172","5000","3.544270000","48","1","48192","3.600838000"
"1254","14:42:30.655445","52","1","100.64.0.5","48192","3.574805000","0","50737","5000","3.631373000"
"1255","14:42:30.655494","100","51649","172.26.191.172","5000","3.574854000","48","1","48192","3.631422000"
"1256","14:42:30.655504","100","51697","172.26.191.172","5000","3.574864000","48","1","48192","3.631432000"
"1257","14:42:30.655516","100","51745","172.26.191.172","5000","3.574876000","48","1","48192","3.631444000"
"1258","14:42:30.655518","100","51793","172.26.191.172","5000","3.574878000","48","1","48192","3.631446000"
"1259","14:42:30.655526","100","51841","172.26.191.172","5000","3.574886000","48","1","48192","3.631454000"
"1260","14:42:30.655528","100","51889","172.26.191.172","5000","3.574888000","48","1","48192","3.631456000"
"1261","14:42:30.655535","100","51937","172.26.191.172","5000","3.574895000","48","1","48192","3.631463000"
"1262","14:42:30.655536","100","51985","172.26.191.172","5000","3.574896000","48","1","48192","3.631464000"
"1263","14:42:30.655543","100","52033","172.26.191.172","5000","3.574903000","48","1","48192","3.631471000"
"1264","14:42:30.655545","100","52081","172.26.191.172","5000","3.574905000","48","1","48192","3.631473000"
"1265","14:42:30.655558","52","1","100.64.0.5","48192","3.574918000","0","50977","5000","3.631486000"
"1266","14:42:30.655570","100","52129","172.26.191.172","5000","3.574930000","48","1","48192","3.631498000"
"1267","14:42:30.655572","100","52177","172.26.191.172","5000","3.574932000","48","1","48192","3.631500000"
"1268","14:42:30.655579","100","52225","172.26.191.172","5000","3.574939000","48","1","48192","3.631507000"
"1269","14:42:30.655580","100","52273","172.26.191.172","5000","3.574940000","48","1","48192","3.631508000"
"1270","14:42:30.686461","52","1","100.64.0.5","48192","3.605821000","0","51361","5000","3.662389000"
"1271","14:42:30.686502","100","52321","172.26.191.172","5000","3.605862000","48","1","48192","3.662430000"
"1272","14:42:30.686510","100","52369","172.26.191.172","5000","3.605870000","48","1","48192","3.662438000"
"1273","14:42:30.686521","100","52417","172.26.191.172","5000","3.605881000","48","1","48192","3.662449000"
"1274","14:42:30.686522","100","52465","172.26.191.172","5000","3.605882000","48","1","48192","3.662450000"
"1275","14:42:30.686528","100","52513","172.26.191.172","5000","3.605888000","48","1","48192","3.662456000"
"1276","14:42:30.686530","100","52561","172.26.191.172","5000","3.605890000","48","1","48192","3.662458000"
"1277","14:42:30.686536","100","52609","172.26.191.172","5000","3.605896000","48","1","48192","3.662464000"
"1278","14:42:30.686537","100","52657","172.26.191.172","5000","3.605897000","48","1","48192","3.662465000"
"1279","14:42:30.716643","52","1","100.64.0.5","48192","3.636003000","0","51505","5000","3.692571000"
"1280","14:42:30.716682","100","52705","172.26.191.172","5000","3.636042000","48","1","48192","3.692610000"
"1281","14:42:30.716692","100","52753","172.26.191.172","5000","3.636052000","48","1","48192","3.692620000"
"1282","14:42:30.716703","100","52801","172.26.191.172","5000","3.636063000","48","1","48192","3.692631000"
"1283","14:42:30.716704","100","52849","172.26.191.172","5000","3.636064000","48","1","48192","3.692632000"
"1284","14:42:30.716716","52","1","100.64.0.5","48192","3.636076000","0","51649","5000","3.692644000"
"1285","14:42:30.716726","100","52897","172.26.191.172","5000","3.636086000","48","1","48192","3.692654000"
"1286","14:42:30.716728","100","52945","172.26.191.172","5000","3.636088000","48","1","48192","3.692656000"
"1287","14:42:30.716735","100","52993","172.26.191.172","5000","3.636095000","48","1","48192","3.692663000"
"1288","14:42:30.716737","100","53041","172.26.191.172","5000","3.636097000","48","1","48192","3.692665000"
"1289","14:42:30.746444","52","1","100.64.0.5","48192","3.665804000","0","52081","5000","3.722372000"
"1290","14:42:30.746484","100","53089","172.26.191.172","5000","3.665844000","48","1","48192","3.722412000"
"1291","14:42:30.746494","100","53137","172.26.191.172","5000","3.665854000","48","1","48192","3.722422000"
"1292","14:42:30.746505","100","53185","172.26.191.172","5000","3.665865000","48","1","48192","3.722433000"
"1293","14:42:30.746506","100","53233","172.26.191.172","5000","3.665866000","48","1","48192","3.722434000"
"1294","14:42:30.746512","100","53281","172.26.191.172","5000","3.665872000","48","1","48192","3.722440000"
"1295","14:42:30.746513","100","53329","172.26.191.172","5000","3.665873000","48","1","48192","3.722441000"
"1296","14:42:30.746519","100","53377","172.26.191.172","5000","3.665879000","48","1","48192","3.722447000"
"1297","14:42:30.746520","100","53425","172.26.191.172","5000","3.665880000","48","1","48192","3.722448000"
"1298","14:42:30.746532","52","1","100.64.0.5","48192","3.665892000","0","52321","5000","3.722460000"
"1299","14:42:30.746543","100","53473","172.26.191.172","5000","3.665903000","48","1","48192","3.722471000"
"1300","14:42:30.746545","100","53521","172.26.191.172","5000","3.665905000","48","1","48192","3.722473000"
"1301","14:42:30.746552","100","53569","172.26.191.172","5000","3.665912000","48","1","48192","3.722480000"
"1302","14:42:30.746553","100","53617","172.26.191.172","5000","3.665913000","48","1","48192","3.722481000"
"1303","14:42:30.746559","100","53665","172.26.191.172","5000","3.665919000","48","1","48192","3.722487000"
"1304","14:42:30.746560","100","53713","172.26.191.172","5000","3.665920000","48","1","48192","3.722488000"
"1305","14:42:30.777070","52","1","100.64.0.5","48192","3.696430000","0","52705","5000","3.752998000"
"1306","14:42:30.777110","100","53761","172.26.191.172","5000","3.696470000","48","1","48192","3.753038000"
"1307","14:42:30.777121","100","53809","172.26.191.172","5000","3.696481000","48","1","48192","3.753049000"
"1308","14:42:30.777133","100","53857","172.26.191.172","5000","3.696493000","48","1","48192","3.753061000"
"1309","14:42:30.777135","100","53905","172.26.191.172","5000","3.696495000","48","1","48192","3.753063000"
"1310","14:42:30.777141","100","53953","172.26.191.172","5000","3.696501000","48","1","48192","3.753069000"
"1311","14:42:30.777142","100","54001","172.26.191.172","5000","3.696502000","48","1","48192","3.753070000"
"1312","14:42:30.777149","100","54049","172.26.191.172","5000","3.696509000","48","1","48192","3.753077000"
"1313","14:42:30.777150","100","54097","172.26.191.172","5000","3.696510000","48","1","48192","3.753078000"
"1314","14:42:30.806864","52","1","100.64.0.5","48192","3.726224000","0","53089","5000","3.782792000"
"1315","14:42:30.806905","100","54145","172.26.191.172","5000","3.726265000","48","1","48192","3.782833000"
"1316","14:42:30.806913","100","54193","172.26.191.172","5000","3.726273000","48","1","48192","3.782841000"
"1317","14:42:30.806924","100","54241","172.26.191.172","5000","3.726284000","48","1","48192","3.782852000"
"1318","14:42:30.806925","100","54289","172.26.191.172","5000","3.726285000","48","1","48192","3.782853000"
"1319","14:42:30.806932","100","54337","172.26.191.172","5000","3.726292000","48","1","48192","3.782860000"
"1320","14:42:30.806933","100","54385","172.26.191.172","5000","3.726293000","48","1","48192","3.782861000"
"1321","14:42:30.806939","100","54433","172.26.191.172","5000","3.726299000","48","1","48192","3.782867000"
"1322","14:42:30.806940","100","54481","172.26.191.172","5000","3.726300000","48","1","48192","3.782868000"
"1323","14:42:30.837382","52","1","100.64.0.5","48192","3.756742000","0","53761","5000","3.813310000"
"1324","14:42:30.837429","100","54529","172.26.191.172","5000","3.756789000","48","1","48192","3.813357000"
"1325","14:42:30.837445","100","54577","172.26.191.172","5000","3.756805000","48","1","48192","3.813373000"
"1326","14:42:30.837456","100","54625","172.26.191.172","5000","3.756816000","48","1","48192","3.813384000"
"1327","14:42:30.837457","100","54673","172.26.191.172","5000","3.756817000","48","1","48192","3.813385000"
"1328","14:42:30.837465","100","54721","172.26.191.172","5000","3.756825000","48","1","48192","3.813393000"
"1329","14:42:30.837466","100","54769","172.26.191.172","5000","3.756826000","48","1","48192","3.813394000"
"1330","14:42:30.837473","100","54817","172.26.191.172","5000","3.756833000","48","1","48192","3.813401000"
"1331","14:42:30.837474","100","54865","172.26.191.172","5000","3.756834000","48","1","48192","3.813402000"
"1332","14:42:30.837480","100","54913","172.26.191.172","5000","3.756840000","48","1","48192","3.813408000"
"1333","14:42:30.837481","100","54961","172.26.191.172","5000","3.756841000","48","1","48192","3.813409000"
"1334","14:42:30.837488","100","55009","172.26.191.172","5000","3.756848000","48","1","48192","3.813416000"
"1335","14:42:30.837489","100","55057","172.26.191.172","5000","3.756849000","48","1","48192","3.813417000"
"1336","14:42:30.837496","100","55105","172.26.191.172","5000","3.756856000","48","1","48192","3.813424000"
"1337","14:42:30.837498","100","55153","172.26.191.172","5000","3.756858000","48","1","48192","3.813426000"
"1338","14:42:30.868403","52","1","100.64.0.5","48192","3.787763000","0","54145","5000","3.844331000"
"1339","14:42:30.868446","100","55201","172.26.191.172","5000","3.787806000","48","1","48192","3.844374000"
"1340","14:42:30.868454","100","55249","172.26.191.172","5000","3.787814000","48","1","48192","3.844382000"
"1341","14:42:30.868465","100","55297","172.26.191.172","5000","3.787825000","48","1","48192","3.844393000"
"1342","14:42:30.868467","100","55345","172.26.191.172","5000","3.787827000","48","1","48192","3.844395000"
"1343","14:42:30.868473","100","55393","172.26.191.172","5000","3.787833000","48","1","48192","3.844401000"
"1344","14:42:30.868474","100","55441","172.26.191.172","5000","3.787834000","48","1","48192","3.844402000"
"1345","14:42:30.868480","100","55489","172.26.191.172","5000","3.787840000","48","1","48192","3.844408000"
"1346","14:42:30.868482","100","55537","172.26.191.172","5000","3.787842000","48","1","48192","3.844410000"
"1347","14:42:30.898269","52","1","100.64.0.5","48192","3.817629000","0","54193","5000","3.874197000"
"1348","14:42:30.898307","100","55585","172.26.191.172","5000","3.817667000","48","1","48192","3.874235000"
"1349","14:42:30.898316","100","55633","172.26.191.172","5000","3.817676000","48","1","48192","3.874244000"
"1350","14:42:30.898331","52","1","100.64.0.5","48192","3.817691000","0","54529","5000","3.874259000"
"1351","14:42:30.898345","100","55681","172.26.191.172","5000","3.817705000","48","1","48192","3.874273000"
"1352","14:42:30.898346","100","55729","172.26.191.172","5000","3.817706000","48","1","48192","3.874274000"
"1353","14:42:30.898355","100","55777","172.26.191.172","5000","3.817715000","48","1","48192","3.874283000"
"1354","14:42:30.898356","100","55825","172.26.191.172","5000","3.817716000","48","1","48192","3.874284000"
"1355","14:42:30.898363","100","55873","172.26.191.172","5000","3.817723000","48","1","48192","3.874291000"
"1356","14:42:30.898364","100","55921","172.26.191.172","5000","3.817724000","48","1","48192","3.874292000"
"1357","14:42:30.898370","100","55969","172.26.191.172","5000","3.817730000","48","1","48192","3.874298000"
"1358","14:42:30.898371","100","56017","172.26.191.172","5000","3.817731000","48","1","48192","3.874299000"
"1359","14:42:30.928414","52","1","100.64.0.5","48192","3.847774000","0","54961","5000","3.904342000"
"1360","14:42:30.928461","100","56065","172.26.191.172","5000","3.847821000","48","1","48192","3.904389000"
"1361","14:42:30.928477","100","56113","172.26.191.172","5000","3.847837000","48","1","48192","3.904405000"
"1362","14:42:30.928494","100","56161","172.26.191.172","5000","3.847854000","48","1","48192","3.904422000"
"1363","14:42:30.928496","100","56209","172.26.191.172","5000","3.847856000","48","1","48192","3.904424000"
"1364","14:42:30.928506","100","56257","172.26.191.172","5000","3.847866000","48","1","48192","3.904434000"
"1365","14:42:30.928508","100","56305","172.26.191.172","5000","3.847868000","48","1","48192","3.904436000"
"1366","14:42:30.928518","100","56353","172.26.191.172","5000","3.847878000","48","1","48192","3.904446000"
"1367","14:42:30.928520","100","56401","172.26.191.172","5000","3.847880000","48","1","48192","3.904448000"
"1368","14:42:30.928539","52","1","100.64.0.5","48192","3.847899000","0","55201","5000","3.904467000"
"1369","14:42:30.928553","100","56449","172.26.191.172","5000","3.847913000","48","1","48192","3.904481000"
"1370","14:42:30.928555","100","56497","172.26.191.172","5000","3.847915000","48","1","48192","3.904483000"
"1371","14:42:30.928562","100","56545","172.26.191.172","5000","3.847922000","48","1","48192","3.904490000"
"1372","14:42:30.928564","100","56593","172.26.191.172","5000","3.847924000","48","1","48192","3.904492000"
"1373","14:42:30.928570","100","56641","172.26.191.172","5000","3.847930000","48","1","48192","3.904498000"
"1374","14:42:30.928571","100","56689","172.26.191.172","5000","3.847931000","48","1","48192","3.904499000"
"1375","14:42:30.958551","52","1","100.64.0.5","48192","3.877911000","0","55585","5000","3.934479000"
"1376","14:42:30.958592","100","56737","172.26.191.172","5000","3.877952000","48","1","48192","3.934520000"
"1377","14:42:30.958601","100","56785","172.26.191.172","5000","3.877961000","48","1","48192","3.934529000"
"1378","14:42:30.958612","100","56833","172.26.191.172","5000","3.877972000","48","1","48192","3.934540000"
"1379","14:42:30.958614","100","56881","172.26.191.172","5000","3.877974000","48","1","48192","3.934542000"
"1380","14:42:30.958622","100","56929","172.26.191.172","5000","3.877982000","48","1","48192","3.934550000"
"1381","14:42:30.958624","100","56977","172.26.191.172","5000","3.877984000","48","1","48192","3.934552000"
"1382","14:42:30.958630","100","57025","172.26.191.172","5000","3.877990000","48","1","48192","3.934558000"
"1383","14:42:30.958631","100","57073","172.26.191.172","5000","3.877991000","48","1","48192","3.934559000"
"1384","14:42:30.989281","52","1","100.64.0.5","48192","3.908641000","0","56017","5000","3.965209000"
"1385","14:42:30.989322","100","57121","172.26.191.172","5000","3.908682000","48","1","48192","3.965250000"
"1386","14:42:30.989331","100","57169","172.26.191.172","5000","3.908691000","48","1","48192","3.965259000"
"1387","14:42:30.989341","100","57217","172.26.191.172","5000","3.908701000","48","1","48192","3.965269000"
"1388","14:42:30.989343","100","57265","172.26.191.172","5000","3.908703000","48","1","48192","3.965271000"
"1389","14:42:30.989349","100","57313","172.26.191.172","5000","3.908709000","48","1","48192","3.965277000"
"1390","14:42:30.989350","100","57361","172.26.191.172","5000","3.908710000","48","1","48192","3.965278000"
"1391","14:42:30.989356","100","57409","172.26.191.172","5000","3.908716000","48","1","48192","3.965284000"
"1392","14:42:30.989357","100","57457","172.26.191.172","5000","3.908717000","48","1","48192","3.965285000"
"1393","14:42:30.989364","100","57505","172.26.191.172","5000","3.908724000","48","1","48192","3.965292000"
"1394","14:42:30.989365","100","57553","172.26.191.172","5000","3.908725000","48","1","48192","3.965293000"
"1395","14:42:30.989377","52","1","100.64.0.5","48192","3.908737000","0","56065","5000","3.965305000"
"1396","14:42:31.019475","52","1","100.64.0.5","48192","3.938835000","0","56497","5000","3.995403000"
"1397","14:42:31.019516","100","57601","172.26.191.172","5000","3.938876000","48","1","48192","3.995444000"
"1398","14:42:31.019527","100","57649","172.26.191.172","5000","3.938887000","48","1","48192","3.995455000"
"1399","14:42:31.019539","100","57697","172.26.191.172","5000","3.938899000","48","1","48192","3.995467000"
"1400","14:42:31.019540","100","57745","172.26.191.172","5000","3.938900000","48","1","48192","3.995468000"
"1401","14:42:31.019547","100","57793","172.26.191.172","5000","3.938907000","48","1","48192","3.995475000"
"1402","14:42:31.019548","100","57841","172.26.191.172","5000","3.938908000","48","1","48192","3.995476000"
"1403","14:42:31.019554","100","57889","172.26.191.172","5000","3.938914000","48","1","48192","3.995482000"
"1404","14:42:31.019555","100","57937","172.26.191.172","5000","3.938915000","48","1","48192","3.995483000"
"1405","14:42:31.019563","100","57985","172.26.191.172","5000","3.938923000","48","1","48192","3.995491000"
"1406","14:42:31.019564","100","58033","172.26.191.172","5000","3.938924000","48","1","48192","3.995492000"
"1407","14:42:31.019577","52","1","100.64.0.5","48192","3.938937000","0","56737","5000","3.995505000"
"1408","14:42:31.019588","100","58081","172.26.191.172","5000","3.938948000","48","1","48192","3.995516000"
"1409","14:42:31.019590","100","58129","172.26.191.172","5000","3.938950000","48","1","48192","3.995518000"
"1410","14:42:31.019596","100","58177","172.26.191.172","5000","3.938956000","48","1","48192","3.995524000"
"1411","14:42:31.019597","100","58225","172.26.191.172","5000","3.938957000","48","1","48192","3.995525000"
"1412","14:42:31.049433","52","1","100.64.0.5","48192","3.968793000","0","57121","5000","4.025361000"
"1413","14:42:31.049474","100","58273","172.26.191.172","5000","3.968834000","48","1","48192","4.025402000"
"1414","14:42:31.049483","100","58321","172.26.191.172","5000","3.968843000","48","1","48192","4.025411000"
"1415","14:42:31.049494","100","58369","172.26.191.172","5000","3.968854000","48","1","48192","4.025422000"
"1416","14:42:31.049495","100","58417","172.26.191.172","5000","3.968855000","48","1","48192","4.025423000"
"1417","14:42:31.049502","100","58465","172.26.191.172","5000","3.968862000","48","1","48192","4.025430000"
"1418","14:42:31.049503","100","58513","172.26.191.172","5000","3.968863000","48","1","48192","4.025431000"
"1419","14:42:31.049509","100","58561","172.26.191.172","5000","3.968869000","48","1","48192","4.025437000"
"1420","14:42:31.049510","100","58609","172.26.191.172","5000","3.968870000","48","1","48192","4.025438000"
"1421","14:42:31.079939","52","1","100.64.0.5","48192","3.999299000","0","57553","5000","4.055867000"
"1422","14:42:31.079976","100","58657","172.26.191.172","5000","3.999336000","48","1","48192","4.055904000"
"1423","14:42:31.079983","100","58705","172.26.191.172","5000","3.999343000","48","1","48192","4.055911000"
"1424","14:42:31.079993","100","58753","172.26.191.172","5000","3.999353000","48","1","48192","4.055921000"
"1425","14:42:31.079995","100","58801","172.26.191.172","5000","3.999355000","48","1","48192","4.055923000"
"1426","14:42:31.080002","100","58849","172.26.191.172","5000","3.999362000","48","1","48192","4.055930000"
"1427","14:42:31.080003","100","58897","172.26.191.172","5000","3.999363000","48","1","48192","4.055931000"
"1428","14:42:31.080010","100","58945","172.26.191.172","5000","3.999370000","48","1","48192","4.055938000"
"1429","14:42:31.080011","100","58993","172.26.191.172","5000","3.999371000","48","1","48192","4.055939000"
"1430","14:42:31.080017","100","59041","172.26.191.172","5000","3.999377000","48","1","48192","4.055945000"
"1431","14:42:31.080019","100","59089","172.26.191.172","5000","3.999379000","48","1","48192","4.055947000"
"1432","14:42:31.080031","52","1","100.64.0.5","48192","3.999391000","0","57601","5000","4.055959000"
"1433","14:42:31.080040","100","59137","172.26.191.172","5000","3.999400000","48","1","48192","4.055968000"
"1434","14:42:31.080041","100","59185","172.26.191.172","5000","3.999401000","48","1","48192","4.055969000"
"1435","14:42:31.109846","52","1","100.64.0.5","48192","4.029206000","0","58033","5000","4.085774000"
"1436","14:42:31.109888","100","59233","172.26.191.172","5000","4.029248000","48","1","48192","4.085816000"
"1437","14:42:31.109897","100","59281","172.26.191.172","5000","4.029257000","48","1","48192","4.085825000"
"1438","14:42:31.109907","100","59329","172.26.191.172","5000","4.029267000","48","1","48192","4.085835000"
"1439","14:42:31.109909","100","59377","172.26.191.172","5000","4.029269000","48","1","48192","4.085837000"
"1440","14:42:31.109916","100","59425","172.26.191.172","5000","4.029276000","48","1","48192","4.085844000"
"1441","14:42:31.109918","100","59473","172.26.191.172","5000","4.029278000","48","1","48192","4.085846000"
"1442","14:42:31.109924","100","59521","172.26.191.172","5000","4.029284000","48","1","48192","4.085852000"
"1443","14:42:31.109925","100","59569","172.26.191.172","5000","4.029285000","48","1","48192","4.085853000"
"1444","14:42:31.109936","52","1","100.64.0.5","48192","4.029296000","0","58273","5000","4.085864000"
"1445","14:42:31.109947","100","59617","172.26.191.172","5000","4.029307000","48","1","48192","4.085875000"
"1446","14:42:31.109949","100","59665","172.26.191.172","5000","4.029309000","48","1","48192","4.085877000"
"1447","14:42:31.109955","100","59713","172.26.191.172","5000","4.029315000","48","1","48192","4.085883000"
"1448","14:42:31.109956","100","59761","172.26.191.172","5000","4.029316000","48","1","48192","4.085884000"
"1449","14:42:31.109962","100","59809","172.26.191.172","5000","4.029322000","48","1","48192","4.085890000"
"1450","14:42:31.109963","100","59857","172.26.191.172","5000","4.029323000","48","1","48192","4.085891000"
"1451","14:42:31.139905","52","1","100.64.0.5","48192","4.059265000","0","58657","5000","4.115833000"
"1452","14:42:31.139947","100","59905","172.26.191.172","5000","4.059307000","48","1","48192","4.115875000"
"1453","14:42:31.139960","100","59953","172.26.191.172","5000","4.059320000","48","1","48192","4.115888000"
"1454","14:42:31.139971","100","60001","172.26.191.172","5000","4.059331000","48","1","48192","4.115899000"
"1455","14:42:31.139973","100","60049","172.26.191.172","5000","4.059333000","48","1","48192","4.115901000"
"1456","14:42:31.139979","100","60097","172.26.191.172","5000","4.059339000","48","1","48192","4.115907000"
"1457","14:42:31.139981","100","60145","172.26.191.172","5000","4.059341000","48","1","48192","4.115909000"
"1458","14:42:31.139988","100","60193","172.26.191.172","5000","4.059348000","48","1","48192","4.115916000"
"1459","14:42:31.139989","100","60241","172.26.191.172","5000","4.059349000","48","1","48192","4.115917000"
"1460","14:42:31.170839","52","1","100.64.0.5","48192","4.090199000","0","59233","5000","4.146767000"
"1461","14:42:31.170881","100","60289","172.26.191.172","5000","4.090241000","48","1","48192","4.146809000"
"1462","14:42:31.170890","100","60337","172.26.191.172","5000","4.090250000","48","1","48192","4.146818000"
"1463","14:42:31.170901","100","60385","172.26.191.172","5000","4.090261000","48","1","48192","4.146829000"
"1464","14:42:31.170903","100","60433","172.26.191.172","5000","4.090263000","48","1","48192","4.146831000"
"1465","14:42:31.170910","100","60481","172.26.191.172","5000","4.090270000","48","1","48192","4.146838000"
"1466","14:42:31.170911","100","60529","172.26.191.172","5000","4.090271000","48","1","48192","4.146839000"
"1467","14:42:31.170917","100","60577","172.26.191.172","5000","4.090277000","48","1","48192","4.146845000"
"1468","14:42:31.170918","100","60625","172.26.191.172","5000","4.090278000","48","1","48192","4.146846000"
"1469","14:42:31.170924","100","60673","172.26.191.172","5000","4.090284000","48","1","48192","4.146852000"
"1470","14:42:31.170925","100","60721","172.26.191.172","5000","4.090285000","48","1","48192","4.146853000"
"1471","14:42:31.170932","100","60769","172.26.191.172","5000","4.090292000","48","1","48192","4.146860000"
"1472","14:42:31.170933","100","60817","172.26.191.172","5000","4.090293000","48","1","48192","4.146861000"
"1473","14:42:31.200510","52","1","100.64.0.5","48192","4.119870000","0","59665","5000","4.176438000"
"1474","14:42:31.200552","100","60865","172.26.191.172","5000","4.119912000","48","1","48192","4.176480000"
"1475","14:42:31.200561","100","60913","172.26.191.172","5000","4.119921000","48","1","48192","4.176489000"
"1476","14:42:31.200572","100","60961","172.26.191.172","5000","4.119932000","48","1","48192","4.176500000"
"1477","14:42:31.200574","100","61009","172.26.191.172","5000","4.119934000","48","1","48192","4.176502000"
"1478","14:42:31.200579","100","61057","172.26.191.172","5000","4.119939000","48","1","48192","4.176507000"
"1479","14:42:31.200581","100","61105","172.26.191.172","5000","4.119941000","48","1","48192","4.176509000"
"1480","14:42:31.200586","100","61153","172.26.191.172","5000","4.119946000","48","1","48192","4.176514000"
"1481","14:42:31.200588","100","61201","172.26.191.172","5000","4.119948000","48","1","48192","4.176516000"
"1482","14:42:31.200593","100","61249","172.26.191.172","5000","4.119953000","48","1","48192","4.176521000"
"1483","14:42:31.200595","100","61297","172.26.191.172","5000","4.119955000","48","1","48192","4.176523000"
"1484","14:42:31.200607","52","1","100.64.0.5","48192","4.119967000","0","59905","5000","4.176535000"
"1485","14:42:31.200618","100","61345","172.26.191.172","5000","4.119978000","48","1","48192","4.176546000"
"1486","14:42:31.200619","100","61393","172.26.191.172","5000","4.119979000","48","1","48192","4.176547000"
"1487","14:42:31.200627","100","61441","172.26.191.172","5000","4.119987000","48","1","48192","4.176555000"
"1488","14:42:31.200628","100","61489","172.26.191.172","5000","4.119988000","48","1","48192","4.176556000"
"1489","14:42:31.231625","52","1","100.64.0.5","48192","4.150985000","0","60289","5000","4.207553000"
"1490","14:42:31.231664","100","61537","172.26.191.172","5000","4.151024000","48","1","48192","4.207592000"
"1491","14:42:31.231675","100","61585","172.26.191.172","5000","4.151035000","48","1","48192","4.207603000"
"1492","14:42:31.231689","100","61633","172.26.191.172","5000","4.151049000","48","1","48192","4.207617000"
"1493","14:42:31.231690","100","61681","172.26.191.172","5000","4.151050000","48","1","48192","4.207618000"
"1494","14:42:31.231697","100","61729","172.26.191.172","5000","4.151057000","48","1","48192","4.207625000"
"1495","14:42:31.231698","100","61777","172.26.191.172","5000","4.151058000","48","1","48192","4.207626000"
"1496","14:42:31.231704","100","61825","172.26.191.172","5000","4.151064000","48","1","48192","4.207632000"
"1497","14:42:31.231706","100","61873","172.26.191.172","5000","4.151066000","48","1","48192","4.207634000"
"1498","14:42:31.231718","48",,,,,,,,"4.207646000"
"1499","14:42:31.261441","52","1","100.64.0.5","48192","4.180801000","0","60721","5000","4.237369000"
"1500","14:42:31.261483","100","61921","172.26.191.172","5000","4.180843000","48","1","48192","4.237411000"
"1501","14:42:31.261491","100","61969","172.26.191.172","5000","4.180851000","48","1","48192","4.237419000"
"1502","14:42:31.261502","100","62017","172.26.191.172","5000","4.180862000","48","1","48192","4.237430000"
"1503","14:42:31.261503","100","62065","172.26.191.172","5000","4.180863000","48","1","48192","4.237431000"
"1504","14:42:31.261509","100","62113","172.26.191.172","5000","4.180869000","48","1","48192","4.237437000"
"1505","14:42:31.261511","100","62161","172.26.191.172","5000","4.180871000","48","1","48192","4.237439000"
"1506","14:42:31.261517","100","62209","172.26.191.172","5000","4.180877000","48","1","48192","4.237445000"
"1507","14:42:31.261519","100","62257","172.26.191.172","5000","4.180879000","48","1","48192","4.237447000"
"1508","14:42:31.261525","100","62305","172.26.191.172","5000","4.180885000","48","1","48192","4.237453000"
"1509","14:42:31.261526","100","62353","172.26.191.172","5000","4.180886000","48","1","48192","4.237454000"
"1510","14:42:31.261538","52","1","100.64.0.5","48192","4.180898000","0","60865","5000","4.237466000"
"1511","14:42:31.261550","100","62401","172.26.191.172","5000","4.180910000","48","1","48192","4.237478000"
"1512","14:42:31.261551","100","62449","172.26.191.172","5000","4.180911000","48","1","48192","4.237479000"
"1513","14:42:31.261558","100","62497","172.26.191.172","5000","4.180918000","48","1","48192","4.237486000"
"1514","14:42:31.261559","100","62545","172.26.191.172","5000","4.180919000","48","1","48192","4.237487000"
"1515","14:42:31.291912","52","1","100.64.0.5","48192","4.211272000","0","61297","5000","4.267840000"
"1516","14:42:31.291956","100","62593","172.26.191.172","5000","4.211316000","48","1","48192","4.267884000"
"1517","14:42:31.291966","100","62641","172.26.191.172","5000","4.211326000","48","1","48192","4.267894000"
"1518","14:42:31.291977","100","62689","172.26.191.172","5000","4.211337000","48","1","48192","4.267905000"
"1519","14:42:31.291978","100","62737","172.26.191.172","5000","4.211338000","48","1","48192","4.267906000"
"1520","14:42:31.291984","100","62785","172.26.191.172","5000","4.211344000","48","1","48192","4.267912000"
"1521","14:42:31.291986","100","62833","172.26.191.172","5000","4.211346000","48","1","48192","4.267914000"
"1522","14:42:31.291993","100","62881","172.26.191.172","5000","4.211353000","48","1","48192","4.267921000"
"1523","14:42:31.291995","100","62929","172.26.191.172","5000","4.211355000","48","1","48192","4.267923000"
"1524","14:42:31.292006","52","1","100.64.0.5","48192","4.211366000","0","61537","5000","4.267934000"
"1525","14:42:31.292017","100","62977","172.26.191.172","5000","4.211377000","48","1","48192","4.267945000"
"1526","14:42:31.292019","100","63025","172.26.191.172","5000","4.211379000","48","1","48192","4.267947000"
"1527","14:42:31.292025","100","63073","172.26.191.172","5000","4.211385000","48","1","48192","4.267953000"
"1528","14:42:31.292026","100","63121","172.26.191.172","5000","4.211386000","48","1","48192","4.267954000"
"1529","14:42:31.292033","100","63169","172.26.191.172","5000","4.211393000","48","1","48192","4.267961000"
"1530","14:42:31.292034","100","63217","172.26.191.172","5000","4.211394000","48","1","48192","4.267962000"
"1531","14:42:31.321734","52","1","100.64.0.5","48192","4.241094000","0","61921","5000","4.297662000"
"1532","14:42:31.321775","100","63265","172.26.191.172","5000","4.241135000","48","1","48192","4.297703000"
"1533","14:42:31.321785","100","63313","172.26.191.172","5000","4.241145000","48","1","48192","4.297713000"
"1534","14:42:31.321796","100","63361","172.26.191.172","5000","4.241156000","48","1","48192","4.297724000"
"1535","14:42:31.321797","100","63409","172.26.191.172","5000","4.241157000","48","1","48192","4.297725000"
"1536","14:42:31.321803","100","63457","172.26.191.172","5000","4.241163000","48","1","48192","4.297731000"
"1537","14:42:31.321805","100","63505","172.26.191.172","5000","4.241165000","48","1","48192","4.297733000"
"1538","14:42:31.321810","100","63553","172.26.191.172","5000","4.241170000","48","1","48192","4.297738000"
"1539","14:42:31.321811","100","63601","172.26.191.172","5000","4.241171000","48","1","48192","4.297739000"
"1540","14:42:31.352410","52","1","100.64.0.5","48192","4.271770000","0","62353","5000","4.328338000"
"1541","14:42:31.352451","100","63649","172.26.191.172","5000","4.271811000","48","1","48192","4.328379000"
"1542","14:42:31.352461","100","63697","172.26.191.172","5000","4.271821000","48","1","48192","4.328389000"
"1543","14:42:31.352472","100","63745","172.26.191.172","5000","4.271832000","48","1","48192","4.328400000"
"1544","14:42:31.352473","100","63793","172.26.191.172","5000","4.271833000","48","1","48192","4.328401000"
"1545","14:42:31.352480","100","63841","172.26.191.172","5000","4.271840000","48","1","48192","4.328408000"
"1546","14:42:31.352481","100","63889","172.26.191.172","5000","4.271841000","48","1","48192","4.328409000"
"1547","14:42:31.352487","100","63937","172.26.191.172","5000","4.271847000","48","1","48192","4.328415000"
"1548","14:42:31.352488","100","63985","172.26.191.172","5000","4.271848000","48","1","48192","4.328416000"
"1549","14:42:31.352500","52","1","100.64.0.5","48192","4.271860000","0","62593","5000","4.328428000"
"1550","14:42:31.352511","100","64033","172.26.191.172","5000","4.271871000","48","1","48192","4.328439000"
"1551","14:42:31.352513","100","64081","172.26.191.172","5000","4.271873000","48","1","48192","4.328441000"
"1552","14:42:31.352522","100","64129","172.26.191.172","5000","4.271882000","48","1","48192","4.328450000"
"1553","14:42:31.352523","100","64177","172.26.191.172","5000","4.271883000","48","1","48192","4.328451000"
"1554","14:42:31.352529","100","64225","172.26.191.172","5000","4.271889000","48","1","48192","4.328457000"
"1555","14:42:31.352530","100","64273","172.26.191.172","5000","4.271890000","48","1","48192","4.328458000"
"1556","14:42:31.383225","52","1","100.64.0.5","48192","4.302585000","0","63025","5000","4.359153000"
"1557","14:42:31.383271","100","64321","172.26.191.172","5000","4.302631000","48","1","48192","4.359199000"
"1558","14:42:31.383281","100","64369","172.26.191.172","5000","4.302641000","48","1","48192","4.359209000"
"1559","14:42:31.383293","100","64417","172.26.191.172","5000","4.302653000","48","1","48192","4.359221000"
"1560","14:42:31.383295","100","64465","172.26.191.172","5000","4.302655000","48","1","48192","4.359223000"
"1561","14:42:31.383301","100","64513","172.26.191.172","5000","4.302661000","48","1","48192","4.359229000"
"1562","14:42:31.383303","100","64561","172.26.191.172","5000","4.302663000","48","1","48192","4.359231000"
"1563","14:42:31.383310","100","64609","172.26.191.172","5000","4.302670000","48","1","48192","4.359238000"
"1564","14:42:31.383311","100","64657","172.26.191.172","5000","4.302671000","48","1","48192","4.359239000"
"1565","14:42:31.383319","100","64705","172.26.191.172","5000","4.302679000","48","1","48192","4.359247000"
"1566","14:42:31.383320","100","64753","172.26.191.172","5000","4.302680000","48","1","48192","4.359248000"
"1567","14:42:31.383333","52","1","100.64.0.5","48192","4.302693000","0","63169","5000","4.359261000"
"1568","14:42:31.383347","100","64801","172.26.191.172","5000","4.302707000","48","1","48192","4.359275000"
"1569","14:42:31.383348","100","64849","172.26.191.172","5000","4.302708000","48","1","48192","4.359276000"
"1570","14:42:31.383356","52","1","100.64.0.5","48192","4.302716000","0","63265","5000","4.359284000"
"1571","14:42:31.383365","100","64897","172.26.191.172","5000","4.302725000","48","1","48192","4.359293000"
"1572","14:42:31.383366","100","64945","172.26.191.172","5000","4.302726000","48","1","48192","4.359294000"
"1573","14:42:31.412642","52","1","100.64.0.5","48192","4.332002000","0","63649","5000","4.388570000"
"1574","14:42:31.412683","100","64993","172.26.191.172","5000","4.332043000","48","1","48192","4.388611000"
"1575","14:42:31.412692","100","65041","172.26.191.172","5000","4.332052000","48","1","48192","4.388620000"
"1576","14:42:31.412702","100","65089","172.26.191.172","5000","4.332062000","48","1","48192","4.388630000"
"1577","14:42:31.412704","100","65137","172.26.191.172","5000","4.332064000","48","1","48192","4.388632000"
"1578","14:42:31.412710","100","65185","172.26.191.172","5000","4.332070000","48","1","48192","4.388638000"
"1579","14:42:31.412711","100","65233","172.26.191.172","5000","4.332071000","48","1","48192","4.388639000"
"1580","14:42:31.412717","100","65281","172.26.191.172","5000","4.332077000","48","1","48192","4.388645000"
"1581","14:42:31.412718","100","65329","172.26.191.172","5000","4.332078000","48","1","48192","4.388646000"
"1582","14:42:31.443518","52","1","100.64.0.5","48192","4.362878000","0","64081","5000","4.419446000"
"1583","14:42:31.443560","100","65377","172.26.191.172","5000","4.362920000","48","1","48192","4.419488000"
"1584","14:42:31.443569","100","65425","172.26.191.172","5000","4.362929000","48","1","48192","4.419497000"
"1585","14:42:31.443580","100","65473","172.26.191.172","5000","4.362940000","48","1","48192","4.419508000"
"1586","14:42:31.443581","100","65521","172.26.191.172","5000","4.362941000","48","1","48192","4.419509000"
"1587","14:42:31.443588","100","65569","172.26.191.172","5000","4.362948000","48","1","48192","4.419516000"
"1588","14:42:31.443589","100","65617","172.26.191.172","5000","4.362949000","48","1","48192","4.419517000"
"1589","14:42:31.443595","100","65665","172.26.191.172","5000","4.362955000","48","1","48192","4.419523000"
"1590","14:42:31.443596","100","65713","172.26.191.172","5000","4.362956000","48","1","48192","4.419524000"
"1591","14:42:31.443604","100","65761","172.26.191.172","5000","4.362964000","48","1","48192","4.419532000"
"1592","14:42:31.443605","100","65809","172.26.191.172","5000","4.362965000","48","1","48192","4.419533000"
"1593","14:42:31.443617","52","1","100.64.0.5","48192","4.362977000","0","64321","5000","4.419545000"
"1594","14:42:31.443628","100","65857","172.26.191.172","5000","4.362988000","48","1","48192","4.419556000"
"1595","14:42:31.443629","100","65905","172.26.191.172","5000","4.362989000","48","1","48192","4.419557000"
"1596","14:42:31.443635","100","65953","172.26.191.172","5000","4.362995000","48","1","48192","4.419563000"
"1597","14:42:31.443636","100","66001","172.26.191.172","5000","4.362996000","48","1","48192","4.419564000"
"1598","14:42:31.474367","52","1","100.64.0.5","48192","4.393727000","0","64945","5000","4.450295000"
"1599","14:42:31.474413","100","66049","172.26.191.172","5000","4.393773000","48","1","48192","4.450341000"
"1600","14:42:31.474423","100","66097","172.26.191.172","5000","4.393783000","48","1","48192","4.450351000"
"1601","14:42:31.474435","100","66145","172.26.191.172","5000","4.393795000","48","1","48192","4.450363000"
"1602","14:42:31.474437","100","66193","172.26.191.172","5000","4.393797000","48","1","48192","4.450365000"
"1603","14:42:31.474443","100","66241","172.26.191.172","5000","4.393803000","48","1","48192","4.450371000"
"1604","14:42:31.474445","100","66289","172.26.191.172","5000","4.393805000","48","1","48192","4.450373000"
"1605","14:42:31.474451","100","66337","172.26.191.172","5000","4.393811000","48","1","48192","4.450379000"
"1606","14:42:31.474453","100","66385","172.26.191.172","5000","4.393813000","48","1","48192","4.450381000"
"1607","14:42:31.474460","100","66433","172.26.191.172","5000","4.393820000","48","1","48192","4.450388000"
"1608","14:42:31.474461","100","66481","172.26.191.172","5000","4.393821000","48","1","48192","4.450389000"
"1609","14:42:31.474467","100","66529","172.26.191.172","5000","4.393827000","48","1","48192","4.450395000"
"1610","14:42:31.474469","100","66577","172.26.191.172","5000","4.393829000","48","1","48192","4.450397000"
"1611","14:42:31.474478","100","66625","172.26.191.172","5000","4.393838000","48","1","48192","4.450406000"
"1612","14:42:31.474480","100","66673","172.26.191.172","5000","4.393840000","48","1","48192","4.450408000"
"1613","14:42:31.474493","52","1","100.64.0.5","48192","4.393853000","0","64993","5000","4.450421000"
"1614","14:42:31.474504","100","66721","172.26.191.172","5000","4.393864000","48","1","48192","4.450432000"
"1615","14:42:31.474505","100","66769","172.26.191.172","5000","4.393865000","48","1","48192","4.450433000"
"1616","14:42:31.503735","52","1","100.64.0.5","48192","4.423095000","0","65377","5000","4.479663000"
"1617","14:42:31.503776","100","66817","172.26.191.172","5000","4.423136000","48","1","48192","4.479704000"
"1618","14:42:31.503785","100","66865","172.26.191.172","5000","4.423145000","48","1","48192","4.479713000"
"1619","14:42:31.503796","100","66913","172.26.191.172","5000","4.423156000","48","1","48192","4.479724000"
"1620","14:42:31.503797","100","66961","172.26.191.172","5000","4.423157000","48","1","48192","4.479725000"
"1621","14:42:31.503803","100","67009","172.26.191.172","5000","4.423163000","48","1","48192","4.479731000"
"1622","14:42:31.503804","100","67057","172.26.191.172","5000","4.423164000","48","1","48192","4.479732000"
"1623","14:42:31.503811","100","67105","172.26.191.172","5000","4.423171000","48","1","48192","4.479739000"
"1624","14:42:31.503812","100","67153","172.26.191.172","5000","4.423172000","48","1","48192","4.479740000"
"1625","14:42:31.534564","52","1","100.64.0.5","48192","4.453924000","0","65665","5000","4.510492000"
"1626","14:42:31.534612","100","67201","172.26.191.172","5000","4.453972000","48","1","48192","4.510540000"
"1627","14:42:31.534622","100","67249","172.26.191.172","5000","4.453982000","48","1","48192","4.510550000"
"1628","14:42:31.534634","100","67297","172.26.191.172","5000","4.453994000","48","1","48192","4.510562000"
"1629","14:42:31.534636","100","67345","172.26.191.172","5000","4.453996000","48","1","48192","4.510564000"
"1630","14:42:31.534643","100","67393","172.26.191.172","5000","4.454003000","48","1","48192","4.510571000"
"1631","14:42:31.534644","100","67441","172.26.191.172","5000","4.454004000","48","1","48192","4.510572000"
"1632","14:42:31.534657","52","1","100.64.0.5","48192","4.454017000","0","65761","5000","4.510585000"
"1633","14:42:31.534669","100","67489","172.26.191.172","5000","4.454029000","48","1","48192","4.510597000"
"1634","14:42:31.534671","100","67537","172.26.191.172","5000","4.454031000","48","1","48192","4.510599000"
"1635","14:42:31.534679","52","1","100.64.0.5","48192","4.454039000","0","66001","5000","4.510607000"
"1636","14:42:31.534692","100","67585","172.26.191.172","5000","4.454052000","48","1","48192","4.510620000"
"1637","14:42:31.534693","100","67633","172.26.191.172","5000","4.454053000","48","1","48192","4.510621000"
"1638","14:42:31.534702","100","67681","172.26.191.172","5000","4.454062000","48","1","48192","4.510630000"
"1639","14:42:31.534703","100","67729","172.26.191.172","5000","4.454063000","48","1","48192","4.510631000"
"1640","14:42:31.534710","52","1","100.64.0.5","48192","4.454070000","0","66049","5000","4.510638000"
"1641","14:42:31.534720","100","67777","172.26.191.172","5000","4.454080000","48","1","48192","4.510648000"
"1642","14:42:31.534721","100","67825","172.26.191.172","5000","4.454081000","48","1","48192","4.510649000"
"1643","14:42:31.564124","52","1","100.64.0.5","48192","4.483484000","0","66337","5000","4.540052000"
"1644","14:42:31.564164","100","67873","172.26.191.172","5000","4.483524000","48","1","48192","4.540092000"
"1645","14:42:31.564175","100","67921","172.26.191.172","5000","4.483535000","48","1","48192","4.540103000"
"1646","14:42:31.564188","100","67969","172.26.191.172","5000","4.483548000","48","1","48192","4.540116000"
"1647","14:42:31.564189","100","68017","172.26.191.172","5000","4.483549000","48","1","48192","4.540117000"
"1648","14:42:31.564195","100","68065","172.26.191.172","5000","4.483555000","48","1","48192","4.540123000"
"1649","14:42:31.564197","100","68113","172.26.191.172","5000","4.483557000","48","1","48192","4.540125000"
"1650","14:42:31.564209","52","1","100.64.0.5","48192","4.483569000","0","66481","5000","4.540137000"
"1651","14:42:31.564220","100","68161","172.26.191.172","5000","4.483580000","48","1","48192","4.540148000"
"1652","14:42:31.564222","100","68209","172.26.191.172","5000","4.483582000","48","1","48192","4.540150000"
"1653","14:42:31.564230","100","68257","172.26.191.172","5000","4.483590000","48","1","48192","4.540158000"
"1654","14:42:31.564231","100","68305","172.26.191.172","5000","4.483591000","48","1","48192","4.540159000"
"1655","14:42:31.564238","52","1","100.64.0.5","48192","4.483598000","0","66721","5000","4.540166000"
"1656","14:42:31.564248","100","68353","172.26.191.172","5000","4.483608000","48","1","48192","4.540176000"
"1657","14:42:31.564250","100","68401","172.26.191.172","5000","4.483610000","48","1","48192","4.540178000"
"1658","14:42:31.564256","100","68449","172.26.191.172","5000","4.483616000","48","1","48192","4.540184000"
"1659","14:42:31.564257","100","68497","172.26.191.172","5000","4.483617000","48","1","48192","4.540185000"
"1660","14:42:31.594517","52","1","100.64.0.5","48192","4.513877000","0","67009","5000","4.570445000"
"1661","14:42:31.594536","100","68545","172.26.191.172","5000","4.513896000","48","1","48192","4.570464000"
"1662","14:42:31.594540","100","68593","172.26.191.172","5000","4.513900000","48","1","48192","4.570468000"
"1663","14:42:31.594545","100","68641","172.26.191.172","5000","4.513905000","48","1","48192","4.570473000"
"1664","14:42:31.594545","100","68689","172.26.191.172","5000","4.513905000","48","1","48192","4.570473000"
"1665","14:42:31.594548","100","68737","172.26.191.172","5000","4.513908000","48","1","48192","4.570476000"
"1666","14:42:31.594548","100","68785","172.26.191.172","5000","4.513908000","48","1","48192","4.570476000"
"1667","14:42:31.594552","52","1","100.64.0.5","48192","4.513912000","0","67153","5000","4.570480000"
"1668","14:42:31.594557","100","68833","172.26.191.172","5000","4.513917000","48","1","48192","4.570485000"
"1669","14:42:31.594557","100","68881","172.26.191.172","5000","4.513917000","48","1","48192","4.570485000"
"1670","14:42:31.594559","100","68929","172.26.191.172","5000","4.513919000","48","1","48192","4.570487000"
"1671","14:42:31.594560","100","68977","172.26.191.172","5000","4.513920000","48","1","48192","4.570488000"
"1672","14:42:31.594562","52","1","100.64.0.5","48192","4.513922000","0","67201","5000","4.570490000"
"1673","14:42:31.624623","52","1","100.64.0.5","48192","4.543983000","0","67489","5000","4.600551000"
"1674","14:42:31.624647","100","69025","172.26.191.172","5000","4.544007000","48","1","48192","4.600575000"
"1675","14:42:31.624654","100","69073","172.26.191.172","5000","4.544014000","48","1","48192","4.600582000"
"1676","14:42:31.624660","100","69121","172.26.191.172","5000","4.544020000","48","1","48192","4.600588000"
"1677","14:42:31.624661","100","69169","172.26.191.172","5000","4.544021000","48","1","48192","4.600589000"
"1678","14:42:31.624664","100","69217","172.26.191.172","5000","4.544024000","48","1","48192","4.600592000"
"1679","14:42:31.624665","100","69265","172.26.191.172","5000","4.544025000","48","1","48192","4.600593000"
"1680","14:42:31.624672","52","1","100.64.0.5","48192","4.544032000","0","67777","5000","4.600600000"
"1681","14:42:31.624679","100","69313","172.26.191.172","5000","4.544039000","48","1","48192","4.600607000"
"1682","14:42:31.624680","100","69361","172.26.191.172","5000","4.544040000","48","1","48192","4.600608000"
"1683","14:42:31.624684","100","69409","172.26.191.172","5000","4.544044000","48","1","48192","4.600612000"
"1684","14:42:31.624685","100","69457","172.26.191.172","5000","4.544045000","48","1","48192","4.600613000"
"1685","14:42:31.624688","100","69505","172.26.191.172","5000","4.544048000","48","1","48192","4.600616000"
"1686","14:42:31.624689","100","69553","172.26.191.172","5000","4.544049000","48","1","48192","4.600617000"
"1687","14:42:31.624693","52","1","100.64.0.5","48192","4.544053000","0","67873","5000","4.600621000"
"1688","14:42:31.624697","100","69601","172.26.191.172","5000","4.544057000","48","1","48192","4.600625000"
"1689","14:42:31.624698","100","69649","172.26.191.172","5000","4.544058000","48","1","48192","4.600626000"
"1690","14:42:31.655613","52","1","100.64.0.5","48192","4.574973000","0","68161","5000","4.631541000"
"1691","14:42:31.655654","100","69697","172.26.191.172","5000","4.575014000","48","1","48192","4.631582000"
"1692","14:42:31.655665","100","69745","172.26.191.172","5000","4.575025000","48","1","48192","4.631593000"
"1693","14:42:31.655676","100","69793","172.26.191.172","5000","4.575036000","48","1","48192","4.631604000"
"1694","14:42:31.655677","100","69841","172.26.191.172","5000","4.575037000","48","1","48192","4.631605000"
"1695","14:42:31.655685","100","69889","172.26.191.172","5000","4.575045000","48","1","48192","4.631613000"
"1696","14:42:31.655686","100","69937","172.26.191.172","5000","4.575046000","48","1","48192","4.631614000"
"1697","14:42:31.655693","100","69985","172.26.191.172","5000","4.575053000","48","1","48192","4.631621000"
"1698","14:42:31.655695","100","70033","172.26.191.172","5000","4.575055000","48","1","48192","4.631623000"
"1699","14:42:31.655707","52","1","100.64.0.5","48192","4.575067000","0","68449","5000","4.631635000"
"1700","14:42:31.655718","100","70081","172.26.191.172","5000","4.575078000","48","1","48192","4.631646000"
"1701","14:42:31.655720","100","70129","172.26.191.172","5000","4.575080000","48","1","48192","4.631648000"
"1702","14:42:31.655726","100","70177","172.26.191.172","5000","4.575086000","48","1","48192","4.631654000"
"1703","14:42:31.655727","100","70225","172.26.191.172","5000","4.575087000","48","1","48192","4.631655000"
"1704","14:42:31.655733","100","70273","172.26.191.172","5000","4.575093000","48","1","48192","4.631661000"
"1705","14:42:31.655734","100","70321","172.26.191.172","5000","4.575094000","48","1","48192","4.631662000"
"1706","14:42:31.655741","52","1","100.64.0.5","48192","4.575101000","0","68545","5000","4.631669000"
"1707","14:42:31.655749","100","70369","172.26.191.172","5000","4.575109000","48","1","48192","4.631677000"
"1708","14:42:31.655750","100","70417","172.26.191.172","5000","4.575110000","48","1","48192","4.631678000"
"1709","14:42:31.686217","52","1","100.64.0.5","48192","4.605577000","0","68833","5000","4.662145000"
"1710","14:42:31.686258","100","70465","172.26.191.172","5000","4.605618000","48","1","48192","4.662186000"
"1711","14:42:31.686267","100","70513","172.26.191.172","5000","4.605627000","48","1","48192","4.662195000"
"1712","14:42:31.686277","100","70561","172.26.191.172","5000","4.605637000","48","1","48192","4.662205000"
"1713","14:42:31.686279","100","70609","172.26.191.172","5000","4.605639000","48","1","48192","4.662207000"
"1714","14:42:31.686285","100","70657","172.26.191.172","5000","4.605645000","48","1","48192","4.662213000"
"1715","14:42:31.686287","100","70705","172.26.191.172","5000","4.605647000","48","1","48192","4.662215000"
"1716","14:42:31.686299","52","1","100.64.0.5","48192","4.605659000","0","68977","5000","4.662227000"
"1717","14:42:31.686308","100","70753","172.26.191.172","5000","4.605668000","48","1","48192","4.662236000"
"1718","14:42:31.686310","100","70801","172.26.191.172","5000","4.605670000","48","1","48192","4.662238000"
"1719","14:42:31.686317","52","1","100.64.0.5","48192","4.605677000","0","69025","5000","4.662245000"
"1720","14:42:31.686325","100","70849","172.26.191.172","5000","4.605685000","48","1","48192","4.662253000"
"1721","14:42:31.686327","100","70897","172.26.191.172","5000","4.605687000","48","1","48192","4.662255000"
"1722","14:42:31.715698","52","1","100.64.0.5","48192","4.635058000","0","69313","5000","4.691626000"
"1723","14:42:31.715738","100","70945","172.26.191.172","5000","4.635098000","48","1","48192","4.691666000"
"1724","14:42:31.715752","100","70993","172.26.191.172","5000","4.635112000","48","1","48192","4.691680000"
"1725","14:42:31.715763","100","71041","172.26.191.172","5000","4.635123000","48","1","48192","4.691691000"
"1726","14:42:31.715765","100","71089","172.26.191.172","5000","4.635125000","48","1","48192","4.691693000"
"1727","14:42:31.715771","100","71137","172.26.191.172","5000","4.635131000","48","1","48192","4.691699000"
"1728","14:42:31.715772","100","71185","172.26.191.172","5000","4.635132000","48","1","48192","4.691700000"
"1729","14:42:31.715785","52","1","100.64.0.5","48192","4.635145000","0","69505","5000","4.691713000"
"1730","14:42:31.715797","100","71233","172.26.191.172","5000","4.635157000","48","1","48192","4.691725000"
"1731","14:42:31.715799","100","71281","172.26.191.172","5000","4.635159000","48","1","48192","4.691727000"
"1732","14:42:31.715807","100","71329","172.26.191.172","5000","4.635167000","48","1","48192","4.691735000"
"1733","14:42:31.715809","100","71377","172.26.191.172","5000","4.635169000","48","1","48192","4.691737000"
"1734","14:42:31.715816","52","1","100.64.0.5","48192","4.635176000","0","69697","5000","4.691744000"
"1735","14:42:31.715827","100","71425","172.26.191.172","5000","4.635187000","48","1","48192","4.691755000"
"1736","14:42:31.715828","100","71473","172.26.191.172","5000","4.635188000","48","1","48192","4.691756000"
"1737","14:42:31.715835","100","71521","172.26.191.172","5000","4.635195000","48","1","48192","4.691763000"
"1738","14:42:31.715836","100","71569","172.26.191.172","5000","4.635196000","48","1","48192","4.691764000"
"1739","14:42:31.746474","52","1","100.64.0.5","48192","4.665834000","0","69985","5000","4.722402000"
"1740","14:42:31.746513","100","71617","172.26.191.172","5000","4.665873000","48","1","48192","4.722441000"
"1741","14:42:31.746525","100","71665","172.26.191.172","5000","4.665885000","48","1","48192","4.722453000"
"1742","14:42:31.746536","100","71713","172.26.191.172","5000","4.665896000","48","1","48192","4.722464000"
"1743","14:42:31.746537","100","71761","172.26.191.172","5000","4.665897000","48","1","48192","4.722465000"
"1744","14:42:31.746544","100","71809","172.26.191.172","5000","4.665904000","48","1","48192","4.722472000"
"1745","14:42:31.746545","100","71857","172.26.191.172","5000","4.665905000","48","1","48192","4.722473000"
"1746","14:42:31.746557","52","1","100.64.0.5","48192","4.665917000","0","70129","5000","4.722485000"
"1747","14:42:31.746568","100","71905","172.26.191.172","5000","4.665928000","48","1","48192","4.722496000"
"1748","14:42:31.746570","100","71953","172.26.191.172","5000","4.665930000","48","1","48192","4.722498000"
"1749","14:42:31.746577","100","72001","172.26.191.172","5000","4.665937000","48","1","48192","4.722505000"
"1750","14:42:31.746579","100","72049","172.26.191.172","5000","4.665939000","48","1","48192","4.722507000"
"1751","14:42:31.746586","52","1","100.64.0.5","48192","4.665946000","0","70369","5000","4.722514000"
"1752","14:42:31.746598","100","72097","172.26.191.172","5000","4.665958000","48","1","48192","4.722526000"
"1753","14:42:31.746600","100","72145","172.26.191.172","5000","4.665960000","48","1","48192","4.722528000"
"1754","14:42:31.746606","100","72193","172.26.191.172","5000","4.665966000","48","1","48192","4.722534000"
"1755","14:42:31.746607","100","72241","172.26.191.172","5000","4.665967000","48","1","48192","4.722535000"
"1756","14:42:31.777117","52","1","100.64.0.5","48192","4.696477000","0","70657","5000","4.753045000"
"1757","14:42:31.777157","100","72289","172.26.191.172","5000","4.696517000","48","1","48192","4.753085000"
"1758","14:42:31.777166","100","72337","172.26.191.172","5000","4.696526000","48","1","48192","4.753094000"
"1759","14:42:31.777176","100","72385","172.26.191.172","5000","4.696536000","48","1","48192","4.753104000"
"1760","14:42:31.777178","100","72433","172.26.191.172","5000","4.696538000","48","1","48192","4.753106000"
"1761","14:42:31.777184","100","72481","172.26.191.172","5000","4.696544000","48","1","48192","4.753112000"
"1762","14:42:31.777186","100","72529","172.26.191.172","5000","4.696546000","48","1","48192","4.753114000"
"1763","14:42:31.777198","52","1","100.64.0.5","48192","4.696558000","0","70801","5000","4.753126000"
"1764","14:42:31.777210","100","72577","172.26.191.172","5000","4.696570000","48","1","48192","4.753138000"
"1765","14:42:31.777212","100","72625","172.26.191.172","5000","4.696572000","48","1","48192","4.753140000"
"1766","14:42:31.777219","100","72673","172.26.191.172","5000","4.696579000","48","1","48192","4.753147000"
"1767","14:42:31.777220","100","72721","172.26.191.172","5000","4.696580000","48","1","48192","4.753148000"
"1768","14:42:31.777227","52","1","100.64.0.5","48192","4.696587000","0","70945","5000","4.753155000"
"1769","14:42:31.777235","100","72769","172.26.191.172","5000","4.696595000","48","1","48192","4.753163000"
"1770","14:42:31.777236","100","72817","172.26.191.172","5000","4.696596000","48","1","48192","4.753164000"
"1771","14:42:31.806825","52","1","100.64.0.5","48192","4.726185000","0","71233","5000","4.782753000"
"1772","14:42:31.806864","100","72865","172.26.191.172","5000","4.726224000","48","1","48192","4.782792000"
"1773","14:42:31.806873","100","72913","172.26.191.172","5000","4.726233000","48","1","48192","4.782801000"
"1774","14:42:31.806884","100","72961","172.26.191.172","5000","4.726244000","48","1","48192","4.782812000"
"1775","14:42:31.806886","100","73009","172.26.191.172","5000","4.726246000","48","1","48192","4.782814000"
"1776","14:42:31.806892","100","73057","172.26.191.172","5000","4.726252000","48","1","48192","4.782820000"
"1777","14:42:31.806893","100","73105","172.26.191.172","5000","4.726253000","48","1","48192","4.782821000"
"1778","14:42:31.806905","52","1","100.64.0.5","48192","4.726265000","0","71377","5000","4.782833000"
"1779","14:42:31.806915","100","73153","172.26.191.172","5000","4.726275000","48","1","48192","4.782843000"
"1780","14:42:31.806917","100","73201","172.26.191.172","5000","4.726277000","48","1","48192","4.782845000"
"1781","14:42:31.806924","100","73249","172.26.191.172","5000","4.726284000","48","1","48192","4.782852000"
"1782","14:42:31.806925","100","73297","172.26.191.172","5000","4.726285000","48","1","48192","4.782853000"
"1783","14:42:31.806932","52","1","100.64.0.5","48192","4.726292000","0","71617","5000","4.782860000"
"1784","14:42:31.806944","100","73345","172.26.191.172","5000","4.726304000","48","1","48192","4.782872000"
"1785","14:42:31.806945","100","73393","172.26.191.172","5000","4.726305000","48","1","48192","4.782873000"
"1786","14:42:31.806951","100","73441","172.26.191.172","5000","4.726311000","48","1","48192","4.782879000"
"1787","14:42:31.806952","100","73489","172.26.191.172","5000","4.726312000","48","1","48192","4.782880000"
"1788","14:42:31.837017","52","1","100.64.0.5","48192","4.756377000","0","71905","5000","4.812945000"
"1789","14:42:31.837057","100","73537","172.26.191.172","5000","4.756417000","48","1","48192","4.812985000"
"1790","14:42:31.837066","100","73585","172.26.191.172","5000","4.756426000","48","1","48192","4.812994000"
"1791","14:42:31.837076","100","73633","172.26.191.172","5000","4.756436000","48","1","48192","4.813004000"
"1792","14:42:31.837078","100","73681","172.26.191.172","5000","4.756438000","48","1","48192","4.813006000"
"1793","14:42:31.837084","100","73729","172.26.191.172","5000","4.756444000","48","1","48192","4.813012000"
"1794","14:42:31.837086","100","73777","172.26.191.172","5000","4.756446000","48","1","48192","4.813014000"
"1795","14:42:31.837098","52","1","100.64.0.5","48192","4.756458000","0","72049","5000","4.813026000"
"1796","14:42:31.837107","100","73825","172.26.191.172","5000","4.756467000","48","1","48192","4.813035000"
"1797","14:42:31.837109","100","73873","172.26.191.172","5000","4.756469000","48","1","48192","4.813037000"
"1798","14:42:31.837117","100","73921","172.26.191.172","5000","4.756477000","48","1","48192","4.813045000"
"1799","14:42:31.837118","100","73969","172.26.191.172","5000","4.756478000","48","1","48192","4.813046000"
"1800","14:42:31.837125","52","1","100.64.0.5","48192","4.756485000","0","72289","5000","4.813053000"
"1801","14:42:31.837136","100","74017","172.26.191.172","5000","4.756496000","48","1","48192","4.813064000"
"1802","14:42:31.837137","100","74065","172.26.191.172","5000","4.756497000","48","1","48192","4.813065000"
"1803","14:42:31.837143","100","74113","172.26.191.172","5000","4.756503000","48","1","48192","4.813071000"
"1804","14:42:31.837144","100","74161","172.26.191.172","5000","4.756504000","48","1","48192","4.813072000"
"1805","14:42:31.837150","100","74209","172.26.191.172","5000","4.756510000","48","1","48192","4.813078000"
"1806","14:42:31.837151","100","74257","172.26.191.172","5000","4.756511000","48","1","48192","4.813079000"
"1807","14:42:31.868480","52","1","100.64.0.5","48192","4.787840000","0","72577","5000","4.844408000"
"1808","14:42:31.868520","100","74305","172.26.191.172","5000","4.787880000","48","1","48192","4.844448000"
"1809","14:42:31.868530","100","74353","172.26.191.172","5000","4.787890000","48","1","48192","4.844458000"
"1810","14:42:31.868541","100","74401","172.26.191.172","5000","4.787901000","48","1","48192","4.844469000"
"1811","14:42:31.868542","100","74449","172.26.191.172","5000","4.787902000","48","1","48192","4.844470000"
"1812","14:42:31.868548","100","74497","172.26.191.172","5000","4.787908000","48","1","48192","4.844476000"
"1813","14:42:31.868550","100","74545","172.26.191.172","5000","4.787910000","48","1","48192","4.844478000"
"1814","14:42:31.868562","52","1","100.64.0.5","48192","4.787922000","0","72865","5000","4.844490000"
"1815","14:42:31.868575","100","74593","172.26.191.172","5000","4.787935000","48","1","48192","4.844503000"
"1816","14:42:31.868576","100","74641","172.26.191.172","5000","4.787936000","48","1","48192","4.844504000"
"1817","14:42:31.868583","100","74689","172.26.191.172","5000","4.787943000","48","1","48192","4.844511000"
"1818","14:42:31.868584","100","74737","172.26.191.172","5000","4.787944000","48","1","48192","4.844512000"
"1819","14:42:31.868590","100","74785","172.26.191.172","5000","4.787950000","48","1","48192","4.844518000"
"1820","14:42:31.868591","100","74833","172.26.191.172","5000","4.787951000","48","1","48192","4.844519000"
"1821","14:42:31.898473","52","1","100.64.0.5","48192","4.817833000","0","73153","5000","4.874401000"
"1822","14:42:31.898514","100","74881","172.26.191.172","5000","4.817874000","48","1","48192","4.874442000"
"1823","14:42:31.898523","100","74929","172.26.191.172","5000","4.817883000","48","1","48192","4.874451000"
"1824","14:42:31.898534","100","74977","172.26.191.172","5000","4.817894000","48","1","48192","4.874462000"
"1825","14:42:31.898535","100","75025","172.26.191.172","5000","4.817895000","48","1","48192","4.874463000"
"1826","14:42:31.898541","100","75073","172.26.191.172","5000","4.817901000","48","1","48192","4.874469000"
"1827","14:42:31.898543","100","75121","172.26.191.172","5000","4.817903000","48","1","48192","4.874471000"
"1828","14:42:31.898554","52","1","100.64.0.5","48192","4.817914000","0","73297","5000","4.874482000"
"1829","14:42:31.898566","100","75169","172.26.191.172","5000","4.817926000","48","1","48192","4.874494000"
"1830","14:42:31.898568","100","75217","172.26.191.172","5000","4.817928000","48","1","48192","4.874496000"
"1831","14:42:31.898575","52","1","100.64.0.5","48192","4.817935000","0","73537","5000","4.874503000"
"1832","14:42:31.898586","100","75265","172.26.191.172","5000","4.817946000","48","1","48192","4.874514000"
"1833","14:42:31.898587","100","75313","172.26.191.172","5000","4.817947000","48","1","48192","4.874515000"
"1834","14:42:31.898593","100","75361","172.26.191.172","5000","4.817953000","48","1","48192","4.874521000"
"1835","14:42:31.898595","100","75409","172.26.191.172","5000","4.817955000","48","1","48192","4.874523000"
"1836","14:42:31.898600","100","75457","172.26.191.172","5000","4.817960000","48","1","48192","4.874528000"
"1837","14:42:31.898601","100","75505","172.26.191.172","5000","4.817961000","48","1","48192","4.874529000"
"1838","14:42:31.927919","52","1","100.64.0.5","48192","4.847279000","0","73825","5000","4.903847000"
"1839","14:42:31.927958","100","75553","172.26.191.172","5000","4.847318000","48","1","48192","4.903886000"
"1840","14:42:31.927967","100","75601","172.26.191.172","5000","4.847327000","48","1","48192","4.903895000"
"1841","14:42:31.927978","100","75649","172.26.191.172","5000","4.847338000","48","1","48192","4.903906000"
"1842","14:42:31.927980","100","75697","172.26.191.172","5000","4.847340000","48","1","48192","4.903908000"
"1843","14:42:31.927986","100","75745","172.26.191.172","5000","4.847346000","48","1","48192","4.903914000"
"1844","14:42:31.927988","100","75793","172.26.191.172","5000","4.847348000","48","1","48192","4.903916000"
"1845","14:42:31.927999","52","1","100.64.0.5","48192","4.847359000","0","73969","5000","4.903927000"
"1846","14:42:31.928009","100","75841","172.26.191.172","5000","4.847369000","48","1","48192","4.903937000"
"1847","14:42:31.928010","100","75889","172.26.191.172","5000","4.847370000","48","1","48192","4.903938000"
"1848","14:42:31.928019","100","75937","172.26.191.172","5000","4.847379000","48","1","48192","4.903947000"
"1849","14:42:31.928020","100","75985","172.26.191.172","5000","4.847380000","48","1","48192","4.903948000"
"1850","14:42:31.928027","52","1","100.64.0.5","48192","4.847387000","0","74209","5000","4.903955000"
"1851","14:42:31.928038","100","76033","172.26.191.172","5000","4.847398000","48","1","48192","4.903966000"
"1852","14:42:31.928039","100","76081","172.26.191.172","5000","4.847399000","48","1","48192","4.903967000"
"1853","14:42:31.928045","100","76129","172.26.191.172","5000","4.847405000","48","1","48192","4.903973000"
"1854","14:42:31.928046","100","76177","172.26.191.172","5000","4.847406000","48","1","48192","4.903974000"
"1855","14:42:31.957593","52","1","100.64.0.5","48192","4.876953000","0","74497","5000","4.933521000"
"1856","14:42:31.957629","100","76225","172.26.191.172","5000","4.876989000","48","1","48192","4.933557000"
"1857","14:42:31.957639","100","76273","172.26.191.172","5000","4.876999000","48","1","48192","4.933567000"
"1858","14:42:31.957651","100","76321","172.26.191.172","5000","4.877011000","48","1","48192","4.933579000"
"1859","14:42:31.957652","100","76369","172.26.191.172","5000","4.877012000","48","1","48192","4.933580000"
"1860","14:42:31.957658","100","76417","172.26.191.172","5000","4.877018000","48","1","48192","4.933586000"
"1861","14:42:31.957659","100","76465","172.26.191.172","5000","4.877019000","48","1","48192","4.933587000"
"1862","14:42:31.957671","52","1","100.64.0.5","48192","4.877031000","0","74785","5000","4.933599000"
"1863","14:42:31.957684","100","76513","172.26.191.172","5000","4.877044000","48","1","48192","4.933612000"
"1864","14:42:31.957686","100","76561","172.26.191.172","5000","4.877046000","48","1","48192","4.933614000"
"1865","14:42:31.957692","100","76609","172.26.191.172","5000","4.877052000","48","1","48192","4.933620000"
"1866","14:42:31.957694","100","76657","172.26.191.172","5000","4.877054000","48","1","48192","4.933622000"
"1867","14:42:31.957699","100","76705","172.26.191.172","5000","4.877059000","48","1","48192","4.933627000"
"1868","14:42:31.957700","100","76753","172.26.191.172","5000","4.877060000","48","1","48192","4.933628000"
"1869","14:42:31.957707","52","1","100.64.0.5","48192","4.877067000","0","74881","5000","4.933635000"
"1870","14:42:31.957715","100","76801","172.26.191.172","5000","4.877075000","48","1","48192","4.933643000"
"1871","14:42:31.957716","100","76849","172.26.191.172","5000","4.877076000","48","1","48192","4.933644000"
"1872","14:42:31.989305","52","1","100.64.0.5","48192","4.908665000","0","75169","5000","4.965233000"
"1873","14:42:31.989345","100","76897","172.26.191.172","5000","4.908705000","48","1","48192","4.965273000"
"1874","14:42:31.989354","100","76945","172.26.191.172","5000","4.908714000","48","1","48192","4.965282000"
"1875","14:42:31.989365","100","76993","172.26.191.172","5000","4.908725000","48","1","48192","4.965293000"
"1876","14:42:31.989366","100","77041","172.26.191.172","5000","4.908726000","48","1","48192","4.965294000"
"1877","14:42:31.989372","100","77089","172.26.191.172","5000","4.908732000","48","1","48192","4.965300000"
"1878","14:42:31.989374","100","77137","172.26.191.172","5000","4.908734000","48","1","48192","4.965302000"
"1879","14:42:31.989385","52","1","100.64.0.5","48192","4.908745000","0","75313","5000","4.965313000"
"1880","14:42:31.989395","100","77185","172.26.191.172","5000","4.908755000","48","1","48192","4.965323000"
"1881","14:42:31.989396","100","77233","172.26.191.172","5000","4.908756000","48","1","48192","4.965324000"
"1882","14:42:31.989403","100","77281","172.26.191.172","5000","4.908763000","48","1","48192","4.965331000"
"1883","14:42:31.989405","100","77329","172.26.191.172","5000","4.908765000","48","1","48192","4.965333000"
"1884","14:42:31.989412","52","1","100.64.0.5","48192","4.908772000","0","75553","5000","4.965340000"
"1885","14:42:31.989424","100","77377","172.26.191.172","5000","4.908784000","48","1","48192","4.965352000"
"1886","14:42:31.989426","100","77425","172.26.191.172","5000","4.908786000","48","1","48192","4.965354000"
"1887","14:42:31.989432","100","77473","172.26.191.172","5000","4.908792000","48","1","48192","4.965360000"
"1888","14:42:31.989433","100","77521","172.26.191.172","5000","4.908793000","48","1","48192","4.965361000"
"1889","14:42:32.019095","52","1","100.64.0.5","48192","4.938455000","0","75841","5000","4.995023000"
"1890","14:42:32.019131","100","77569","172.26.191.172","5000","4.938491000","48","1","48192","4.995059000"
"1891","14:42:32.019146","100","77617","172.26.191.172","5000","4.938506000","48","1","48192","4.995074000"
"1892","14:42:32.019157","100","77665","172.26.191.172","5000","4.938517000","48","1","48192","4.995085000"
"1893","14:42:32.019159","100","77713","172.26.191.172","5000","4.938519000","48","1","48192","4.995087000"
"1894","14:42:32.019166","100","77761","172.26.191.172","5000","4.938526000","48","1","48192","4.995094000"
"1895","14:42:32.019167","100","77809","172.26.191.172","5000","4.938527000","48","1","48192","4.995095000"
"1896","14:42:32.019179","52","1","100.64.0.5","48192","4.938539000","0","76129","5000","4.995107000"
"1897","14:42:32.019193","100","77857","172.26.191.172","5000","4.938553000","48","1","48192","4.995121000"
"1898","14:42:32.019194","100","77905","172.26.191.172","5000","4.938554000","48","1","48192","4.995122000"
"1899","14:42:32.019208","100","77953","172.26.191.172","5000","4.938568000","48","1","48192","4.995136000"
"1900","14:42:32.019210","100","78001","172.26.191.172","5000","4.938570000","48","1","48192","4.995138000"
"1901","14:42:32.019215","100","78049","172.26.191.172","5000","4.938575000","48","1","48192","4.995143000"
"1902","14:42:32.019216","100","78097","172.26.191.172","5000","4.938576000","48","1","48192","4.995144000"
"1903","14:42:32.019222","100","78145","172.26.191.172","5000","4.938582000","48","1","48192","4.995150000"
"1904","14:42:32.019224","100","78193","172.26.191.172","5000","4.938584000","48","1","48192","4.995152000"
"1905","14:42:32.019231","52","1","100.64.0.5","48192","4.938591000","0","76225","5000","4.995159000"
"1906","14:42:32.019321","100","78241","172.26.191.172","5000","4.938681000","48","1","48192","4.995249000"
"1907","14:42:32.019325","100","78289","172.26.191.172","5000","4.938685000","48","1","48192","4.995253000"
"1908","14:42:32.049280","52","1","100.64.0.5","48192","4.968640000","0","76513","5000","5.025208000"
"1909","14:42:32.049320","100","78337","172.26.191.172","5000","4.968680000","48","1","48192","5.025248000"
"1910","14:42:32.049329","100","78385","172.26.191.172","5000","4.968689000","48","1","48192","5.025257000"
"1911","14:42:32.049340","100","78433","172.26.191.172","5000","4.968700000","48","1","48192","5.025268000"
"1912","14:42:32.049341","100","78481","172.26.191.172","5000","4.968701000","48","1","48192","5.025269000"
"1913","14:42:32.049348","100","78529","172.26.191.172","5000","4.968708000","48","1","48192","5.025276000"
"1914","14:42:32.049349","100","78577","172.26.191.172","5000","4.968709000","48","1","48192","5.025277000"
"1915","14:42:32.049360","52","1","100.64.0.5","48192","4.968720000","0","76657","5000","5.025288000"
"1916","14:42:32.049370","100","78625","172.26.191.172","5000","4.968730000","48","1","48192","5.025298000"
"1917","14:42:32.049372","100","78673","172.26.191.172","5000","4.968732000","48","1","48192","5.025300000"
"1918","14:42:32.049380","52","1","100.64.0.5","48192","4.968740000","0","76897","5000","5.025308000"
"1919","14:42:32.049391","100","78721","172.26.191.172","5000","4.968751000","48","1","48192","5.025319000"
"1920","14:42:32.049392","100","78769","172.26.191.172","5000","4.968752000","48","1","48192","5.025320000"
"1921","14:42:32.049399","100","78817","172.26.191.172","5000","4.968759000","48","1","48192","5.025327000"
"1922","14:42:32.049400","100","78865","172.26.191.172","5000","4.968760000","48","1","48192","5.025328000"
"1923","14:42:32.049406","100","78913","172.26.191.172","5000","4.968766000","48","1","48192","5.025334000"
"1924","14:42:32.049407","100","78961","172.26.191.172","5000","4.968767000","48","1","48192","5.025335000"
"1925","14:42:32.080055","52","1","100.64.0.5","48192","4.999415000","0","77185","5000","5.055983000"
"1926","14:42:32.080095","100","79009","172.26.191.172","5000","4.999455000","48","1","48192","5.056023000"
"1927","14:42:32.080104","100","79057","172.26.191.172","5000","4.999464000","48","1","48192","5.056032000"
"1928","14:42:32.080116","100","79105","172.26.191.172","5000","4.999476000","48","1","48192","5.056044000"
"1929","14:42:32.080117","100","79153","172.26.191.172","5000","4.999477000","48","1","48192","5.056045000"
"1930","14:42:32.080126","100","79201","172.26.191.172","5000","4.999486000","48","1","48192","5.056054000"
"1931","14:42:32.080127","100","79249","172.26.191.172","5000","4.999487000","48","1","48192","5.056055000"
"1932","14:42:32.080139","52","1","100.64.0.5","48192","4.999499000","0","77473","5000","5.056067000"
"1933","14:42:32.080151","100","79297","172.26.191.172","5000","4.999511000","48","1","48192","5.056079000"
"1934","14:42:32.080153","100","79345","172.26.191.172","5000","4.999513000","48","1","48192","5.056081000"
"1935","14:42:32.080159","100","79393","172.26.191.172","5000","4.999519000","48","1","48192","5.056087000"
"1936","14:42:32.080160","100","79441","172.26.191.172","5000","4.999520000","48","1","48192","5.056088000"
"1937","14:42:32.080166","100","79489","172.26.191.172","5000","4.999526000","48","1","48192","5.056094000"
"1938","14:42:32.080167","100","79537","172.26.191.172","5000","4.999527000","48","1","48192","5.056095000"
"1939","14:42:32.080173","52","1","100.64.0.5","48192","4.999533000","0","77569","5000","5.056101000"
"1940","14:42:32.080181","100","79585","172.26.191.172","5000","4.999541000","48","1","48192","5.056109000"
"1941","14:42:32.080182","100","79633","172.26.191.172","5000","4.999542000","48","1","48192","5.056110000"
"1942","14:42:32.109961","52","1","100.64.0.5","48192","5.029321000","0","77857","5000","5.085889000"
"1943","14:42:32.110003","100","79681","172.26.191.172","5000","5.029363000","48","1","48192","5.085931000"
"1944","14:42:32.110012","100","79729","172.26.191.172","5000","5.029372000","48","1","48192","5.085940000"
"1945","14:42:32.110024","100","79777","172.26.191.172","5000","5.029384000","48","1","48192","5.085952000"
"1946","14:42:32.110025","100","79825","172.26.191.172","5000","5.029385000","48","1","48192","5.085953000"
"1947","14:42:32.110031","100","79873","172.26.191.172","5000","5.029391000","48","1","48192","5.085959000"
"1948","14:42:32.110033","100","79921","172.26.191.172","5000","5.029393000","48","1","48192","5.085961000"
"1949","14:42:32.110044","52","1","100.64.0.5","48192","5.029404000","0","78097","5000","5.085972000"
"1950","14:42:32.110056","100","79969","172.26.191.172","5000","5.029416000","48","1","48192","5.085984000"
"1951","14:42:32.110057","100","80017","172.26.191.172","5000","5.029417000","48","1","48192","5.085985000"
"1952","14:42:32.110066","100","80065","172.26.191.172","5000","5.029426000","48","1","48192","5.085994000"
"1953","14:42:32.110067","100","80113","172.26.191.172","5000","5.029427000","48","1","48192","5.085995000"
"1954","14:42:32.110074","52","1","100.64.0.5","48192","5.029434000","0","78241","5000","5.086002000"
"1955","14:42:32.110083","100","80161","172.26.191.172","5000","5.029443000","48","1","48192","5.086011000"
"1956","14:42:32.110084","100","80209","172.26.191.172","5000","5.029444000","48","1","48192","5.086012000"
"1957","14:42:32.110090","100","80257","172.26.191.172","5000","5.029450000","48","1","48192","5.086018000"
"1958","14:42:32.110091","100","80305","172.26.191.172","5000","5.029451000","48","1","48192","5.086019000"
"1959","14:42:32.140366","52","1","100.64.0.5","48192","5.059726000","0","78529","5000","5.116294000"
"1960","14:42:32.140407","100","80353","172.26.191.172","5000","5.059767000","48","1","48192","5.116335000"
"1961","14:42:32.140416","100","80401","172.26.191.172","5000","5.059776000","48","1","48192","5.116344000"
"1962","14:42:32.140428","100","80449","172.26.191.172","5000","5.059788000","48","1","48192","5.116356000"
"1963","14:42:32.140429","100","80497","172.26.191.172","5000","5.059789000","48","1","48192","5.116357000"
"1964","14:42:32.140436","100","80545","172.26.191.172","5000","5.059796000","48","1","48192","5.116364000"
"1965","14:42:32.140437","100","80593","172.26.191.172","5000","5.059797000","48","1","48192","5.116365000"
"1966","14:42:32.140451","52","1","100.64.0.5","48192","5.059811000","0","78817","5000","5.116379000"
"1967","14:42:32.140462","100","80641","172.26.191.172","5000","5.059822000","48","1","48192","5.116390000"
"1968","14:42:32.140464","100","80689","172.26.191.172","5000","5.059824000","48","1","48192","5.116392000"
"1969","14:42:32.140473","100","80737","172.26.191.172","5000","5.059833000","48","1","48192","5.116401000"
"1970","14:42:32.140474","100","80785","172.26.191.172","5000","5.059834000","48","1","48192","5.116402000"
"1971","14:42:32.140480","100","80833","172.26.191.172","5000","5.059840000","48","1","48192","5.116408000"
"1972","14:42:32.140481","100","80881","172.26.191.172","5000","5.059841000","48","1","48192","5.116409000"
"1973","14:42:32.140488","52","1","100.64.0.5","48192","5.059848000","0","78913","5000","5.116416000"
"1974","14:42:32.140496","100","80929","172.26.191.172","5000","5.059856000","48","1","48192","5.116424000"
"1975","14:42:32.140497","100","80977","172.26.191.172","5000","5.059857000","48","1","48192","5.116425000"
"1976","14:42:32.171239","52","1","100.64.0.5","48192","5.090599000","0","79201","5000","5.147167000"
"1977","14:42:32.171281","100","81025","172.26.191.172","5000","5.090641000","48","1","48192","5.147209000"
"1978","14:42:32.171290","100","81073","172.26.191.172","5000","5.090650000","48","1","48192","5.147218000"
"1979","14:42:32.171303","100","81121","172.26.191.172","5000","5.090663000","48","1","48192","5.147231000"
"1980","14:42:32.171304","100","81169","172.26.191.172","5000","5.090664000","48","1","48192","5.147232000"
"1981","14:42:32.171311","100","81217","172.26.191.172","5000","5.090671000","48","1","48192","5.147239000"
"1982","14:42:32.171312","100","81265","172.26.191.172","5000","5.090672000","48","1","48192","5.147240000"
"1983","14:42:32.171324","52","1","100.64.0.5","48192","5.090684000","0","79489","5000","5.147252000"
"1984","14:42:32.171336","100","81313","172.26.191.172","5000","5.090696000","48","1","48192","5.147264000"
"1985","14:42:32.171337","100","81361","172.26.191.172","5000","5.090697000","48","1","48192","5.147265000"
"1986","14:42:32.171343","100","81409","172.26.191.172","5000","5.090703000","48","1","48192","5.147271000"
"1987","14:42:32.171345","100","81457","172.26.191.172","5000","5.090705000","48","1","48192","5.147273000"
"1988","14:42:32.171350","100","81505","172.26.191.172","5000","5.090710000","48","1","48192","5.147278000"
"1989","14:42:32.171351","100","81553","172.26.191.172","5000","5.090711000","48","1","48192","5.147279000"
"1990","14:42:32.171358","52","1","100.64.0.5","48192","5.090718000","0","79633","5000","5.147286000"
"1991","14:42:32.171368","100","81601","172.26.191.172","5000","5.090728000","48","1","48192","5.147296000"
"1992","14:42:32.171369","100","81649","172.26.191.172","5000","5.090729000","48","1","48192","5.147297000"
"1993","14:42:32.171375","100","81697","172.26.191.172","5000","5.090735000","48","1","48192","5.147303000"
"1994","14:42:32.171377","100","81745","172.26.191.172","5000","5.090737000","48","1","48192","5.147305000"
"1995","14:42:32.200545","52","1","100.64.0.5","48192","5.119905000","0","79969","5000","5.176473000"
"1996","14:42:32.200582","100","81793","172.26.191.172","5000","5.119942000","48","1","48192","5.176510000"
"1997","14:42:32.200591","100","81841","172.26.191.172","5000","5.119951000","48","1","48192","5.176519000"
"1998","14:42:32.200601","100","81889","172.26.191.172","5000","5.119961000","48","1","48192","5.176529000"
"1999","14:42:32.200603","100","81937","172.26.191.172","5000","5.119963000","48","1","48192","5.176531000"
"2000","14:42:32.200610","100","81985","172.26.191.172","5000","5.119970000","48","1","48192","5.176538000"
"2001","14:42:32.200612","100","82033","172.26.191.172","5000","5.119972000","48","1","48192","5.176540000"
"2002","14:42:32.200623","52","1","100.64.0.5","48192","5.119983000","0","80161","5000","5.176551000"
"2003","14:42:32.200633","100","82081","172.26.191.172","5000","5.119993000","48","1","48192","5.176561000"
"2004","14:42:32.200635","100","82129","172.26.191.172","5000","5.119995000","48","1","48192","5.176563000"
"2005","14:42:32.200641","100","82177","172.26.191.172","5000","5.120001000","48","1","48192","5.176569000"
"2006","14:42:32.200642","100","82225","172.26.191.172","5000","5.120002000","48","1","48192","5.176570000"
"2007","14:42:32.200649","52","1","100.64.0.5","48192","5.120009000","0","80305","5000","5.176577000"
"2008","14:42:32.200660","100","82273","172.26.191.172","5000","5.120020000","48","1","48192","5.176588000"
"2009","14:42:32.200662","100","82321","172.26.191.172","5000","5.120022000","48","1","48192","5.176590000"
"2010","14:42:32.200670","100","82369","172.26.191.172","5000","5.120030000","48","1","48192","5.176598000"
"2011","14:42:32.200671","100","82417","172.26.191.172","5000","5.120031000","48","1","48192","5.176599000"
"2012","14:42:32.231071","52","1","100.64.0.5","48192","5.150431000","0","80641","5000","5.206999000"
"2013","14:42:32.231090","100","82465","172.26.191.172","5000","5.150450000","48","1","48192","5.207018000"
"2014","14:42:32.231093","100","82513","172.26.191.172","5000","5.150453000","48","1","48192","5.207021000"
"2015","14:42:32.231098","100","82561","172.26.191.172","5000","5.150458000","48","1","48192","5.207026000"
"2016","14:42:32.231099","100","82609","172.26.191.172","5000","5.150459000","48","1","48192","5.207027000"
"2017","14:42:32.231101","100","82657","172.26.191.172","5000","5.150461000","48","1","48192","5.207029000"
"2018","14:42:32.231102","100","82705","172.26.191.172","5000","5.150462000","48","1","48192","5.207030000"
"2019","14:42:32.231104","100","82753","172.26.191.172","5000","5.150464000","48","1","48192","5.207032000"
"2020","14:42:32.231104","100","82801","172.26.191.172","5000","5.150464000","48","1","48192","5.207032000"
"2021","14:42:32.231108","52","1","100.64.0.5","48192","5.150468000","0","80929","5000","5.207036000"
"2022","14:42:32.231111","100","82849","172.26.191.172","5000","5.150471000","48","1","48192","5.207039000"
"2023","14:42:32.231112","100","82897","172.26.191.172","5000","5.150472000","48","1","48192","5.207040000"
"2024","14:42:32.231114","100","82945","172.26.191.172","5000","5.150474000","48","1","48192","5.207042000"
"2025","14:42:32.231114","100","82993","172.26.191.172","5000","5.150474000","48","1","48192","5.207042000"
"2026","14:42:32.231116","100","83041","172.26.191.172","5000","5.150476000","48","1","48192","5.207044000"
"2027","14:42:32.231117","100","83089","172.26.191.172","5000","5.150477000","48","1","48192","5.207045000"
"2028","14:42:32.231119","52","1","100.64.0.5","48192","5.150479000","0","81025","5000","5.207047000"
"2029","14:42:32.231122","100","83137","172.26.191.172","5000","5.150482000","48","1","48192","5.207050000"
"2030","14:42:32.231122","100","83185","172.26.191.172","5000","5.150482000","48","1","48192","5.207050000"
"2031","14:42:32.260695","52","1","100.64.0.5","48192","5.180055000","0","81313","5000","5.236623000"
"2032","14:42:32.260721","100","83233","172.26.191.172","5000","5.180081000","48","1","48192","5.236649000"
"2033","14:42:32.260726","100","83281","172.26.191.172","5000","5.180086000","48","1","48192","5.236654000"
"2034","14:42:32.260732","100","83329","172.26.191.172","5000","5.180092000","48","1","48192","5.236660000"
"2035","14:42:32.260733","100","83377","172.26.191.172","5000","5.180093000","48","1","48192","5.236661000"
"2036","14:42:32.260735","100","83425","172.26.191.172","5000","5.180095000","48","1","48192","5.236663000"
"2037","14:42:32.260736","100","83473","172.26.191.172","5000","5.180096000","48","1","48192","5.236664000"
"2038","14:42:32.260742","52","1","100.64.0.5","48192","5.180102000","0","81601","5000","5.236670000"
"2039","14:42:32.260749","100","83521","172.26.191.172","5000","5.180109000","48","1","48192","5.236677000"
"2040","14:42:32.260750","100","83569","172.26.191.172","5000","5.180110000","48","1","48192","5.236678000"
"2041","14:42:32.260753","100","83617","172.26.191.172","5000","5.180113000","48","1","48192","5.236681000"
"2042","14:42:32.260753","100","83665","172.26.191.172","5000","5.180113000","48","1","48192","5.236681000"
"2043","14:42:32.260756","100","83713","172.26.191.172","5000","5.180116000","48","1","48192","5.236684000"
"2044","14:42:32.260757","100","83761","172.26.191.172","5000","5.180117000","48","1","48192","5.236685000"
"2045","14:42:32.260760","52","1","100.64.0.5","48192","5.180120000","0","81697","5000","5.236688000"
"2046","14:42:32.260765","100","83809","172.26.191.172","5000","5.180125000","48","1","48192","5.236693000"
"2047","14:42:32.260765","100","83857","172.26.191.172","5000","5.180125000","48","1","48192","5.236693000"
"2048","14:42:32.292113","52","1","100.64.0.5","48192","5.211473000","0","81985","5000","5.268041000"
"2049","14:42:32.292149","100","83905","172.26.191.172","5000","5.211509000","48","1","48192","5.268077000"
"2050","14:42:32.292157","100","83953","172.26.191.172","5000","5.211517000","48","1","48192","5.268085000"
"2051","14:42:32.292168","100","84001","172.26.191.172","5000","5.211528000","48","1","48192","5.268096000"
"2052","14:42:32.292170","100","84049","172.26.191.172","5000","5.211530000","48","1","48192","5.268098000"
"2053","14:42:32.292176","100","84097","172.26.191.172","5000","5.211536000","48","1","48192","5.268104000"
"2054","14:42:32.292177","100","84145","172.26.191.172","5000","5.211537000","48","1","48192","5.268105000"
"2055","14:42:32.292189","52","1","100.64.0.5","48192","5.211549000","0","82273","5000","5.268117000"
"2056","14:42:32.292200","100","84193","172.26.191.172","5000","5.211560000","48","1","48192","5.268128000"
"2057","14:42:32.292201","100","84241","172.26.191.172","5000","5.211561000","48","1","48192","5.268129000"
"2058","14:42:32.292208","100","84289","172.26.191.172","5000","5.211568000","48","1","48192","5.268136000"
"2059","14:42:32.292209","100","84337","172.26.191.172","5000","5.211569000","48","1","48192","5.268137000"
"2060","14:42:32.292217","100","84385","172.26.191.172","5000","5.211577000","48","1","48192","5.268145000"
"2061","14:42:32.292218","100","84433","172.26.191.172","5000","5.211578000","48","1","48192","5.268146000"
"2062","14:42:32.292224","52","1","100.64.0.5","48192","5.211584000","0","82369","5000","5.268152000"
"2063","14:42:32.292233","100","84481","172.26.191.172","5000","5.211593000","48","1","48192","5.268161000"
"2064","14:42:32.292235","100","84529","172.26.191.172","5000","5.211595000","48","1","48192","5.268163000"
"2065","14:42:32.322432","52","1","100.64.0.5","48192","5.241792000","0","82657","5000","5.298360000"
"2066","14:42:32.322473","100","84577","172.26.191.172","5000","5.241833000","48","1","48192","5.298401000"
"2067","14:42:32.322481","100","84625","172.26.191.172","5000","5.241841000","48","1","48192","5.298409000"
"2068","14:42:32.322492","100","84673","172.26.191.172","5000","5.241852000","48","1","48192","5.298420000"
"2069","14:42:32.322494","100","84721","172.26.191.172","5000","5.241854000","48","1","48192","5.298422000"
"2070","14:42:32.322500","100","84769","172.26.191.172","5000","5.241860000","48","1","48192","5.298428000"
"2071","14:42:32.322501","100","84817","172.26.191.172","5000","5.241861000","48","1","48192","5.298429000"
"2072","14:42:32.322513","52","1","100.64.0.5","48192","5.241873000","0","82945","5000","5.298441000"
"2073","14:42:32.322524","100","84865","172.26.191.172","5000","5.241884000","48","1","48192","5.298452000"
"2074","14:42:32.322526","100","84913","172.26.191.172","5000","5.241886000","48","1","48192","5.298454000"
"2075","14:42:32.322533","100","84961","172.26.191.172","5000","5.241893000","48","1","48192","5.298461000"
"2076","14:42:32.322534","100","85009","172.26.191.172","5000","5.241894000","48","1","48192","5.298462000"
"2077","14:42:32.322540","100","85057","172.26.191.172","5000","5.241900000","48","1","48192","5.298468000"
"2078","14:42:32.322541","100","85105","172.26.191.172","5000","5.241901000","48","1","48192","5.298469000"
"2079","14:42:32.322548","52","1","100.64.0.5","48192","5.241908000","0","83041","5000","5.298476000"
"2080","14:42:32.322558","100","85153","172.26.191.172","5000","5.241918000","48","1","48192","5.298486000"
"2081","14:42:32.322559","100","85201","172.26.191.172","5000","5.241919000","48","1","48192","5.298487000"
"2082","14:42:32.322566","52","1","100.64.0.5","48192","5.241926000","0","83089","5000","5.298494000"
"2083","14:42:32.322575","100","85249","172.26.191.172","5000","5.241935000","48","1","48192","5.298503000"
"2084","14:42:32.322577","100","85297","172.26.191.172","5000","5.241937000","48","1","48192","5.298505000"
"2085","14:42:32.352052","52","1","100.64.0.5","48192","5.271412000","0","83425","5000","5.327980000"
"2086","14:42:32.352093","100","85345","172.26.191.172","5000","5.271453000","48","1","48192","5.328021000"
"2087","14:42:32.352105","100","85393","172.26.191.172","5000","5.271465000","48","1","48192","5.328033000"
"2088","14:42:32.352117","100","85441","172.26.191.172","5000","5.271477000","48","1","48192","5.328045000"
"2089","14:42:32.352118","100","85489","172.26.191.172","5000","5.271478000","48","1","48192","5.328046000"
"2090","14:42:32.352126","100","85537","172.26.191.172","5000","5.271486000","48","1","48192","5.328054000"
"2091","14:42:32.352127","100","85585","172.26.191.172","5000","5.271487000","48","1","48192","5.328055000"
"2092","14:42:32.352139","52","1","100.64.0.5","48192","5.271499000","0","83713","5000","5.328067000"
"2093","14:42:32.352152","100","85633","172.26.191.172","5000","5.271512000","48","1","48192","5.328080000"
"2094","14:42:32.352154","100","85681","172.26.191.172","5000","5.271514000","48","1","48192","5.328082000"
"2095","14:42:32.352162","100","85729","172.26.191.172","5000","5.271522000","48","1","48192","5.328090000"
"2096","14:42:32.352163","100","85777","172.26.191.172","5000","5.271523000","48","1","48192","5.328091000"
"2097","14:42:32.352170","100","85825","172.26.191.172","5000","5.271530000","48","1","48192","5.328098000"
"2098","14:42:32.352171","100","85873","172.26.191.172","5000","5.271531000","48","1","48192","5.328099000"
"2099","14:42:32.352178","52","1","100.64.0.5","48192","5.271538000","0","83761","5000","5.328106000"
"2100","14:42:32.352187","100","85921","172.26.191.172","5000","5.271547000","48","1","48192","5.328115000"
"2101","14:42:32.352188","100","85969","172.26.191.172","5000","5.271548000","48","1","48192","5.328116000"
"2102","14:42:32.382893","52","1","100.64.0.5","48192","5.302253000","0","84097","5000","5.358821000"
"2103","14:42:32.382934","100","86017","172.26.191.172","5000","5.302294000","48","1","48192","5.358862000"
"2104","14:42:32.382943","100","86065","172.26.191.172","5000","5.302303000","48","1","48192","5.358871000"
"2105","14:42:32.382954","100","86113","172.26.191.172","5000","5.302314000","48","1","48192","5.358882000"
"2106","14:42:32.382955","100","86161","172.26.191.172","5000","5.302315000","48","1","48192","5.358883000"
"2107","14:42:32.382962","100","86209","172.26.191.172","5000","5.302322000","48","1","48192","5.358890000"
"2108","14:42:32.382963","100","86257","172.26.191.172","5000","5.302323000","48","1","48192","5.358891000"
"2109","14:42:32.382975","52","1","100.64.0.5","48192","5.302335000","0","84385","5000","5.358903000"
"2110","14:42:32.382986","100","86305","172.26.191.172","5000","5.302346000","48","1","48192","5.358914000"
"2111","14:42:32.382988","100","86353","172.26.191.172","5000","5.302348000","48","1","48192","5.358916000"
"2112","14:42:32.382994","100","86401","172.26.191.172","5000","5.302354000","48","1","48192","5.358922000"
"2113","14:42:32.382996","100","86449","172.26.191.172","5000","5.302356000","48","1","48192","5.358924000"
"2114","14:42:32.383002","100","86497","172.26.191.172","5000","5.302362000","48","1","48192","5.358930000"
"2115","14:42:32.383004","100","86545","172.26.191.172","5000","5.302364000","48","1","48192","5.358932000"
"2116","14:42:32.383010","52","1","100.64.0.5","48192","5.302370000","0","84481","5000","5.358938000"
"2117","14:42:32.383018","100","86593","172.26.191.172","5000","5.302378000","48","1","48192","5.358946000"
"2118","14:42:32.383019","100","86641","172.26.191.172","5000","5.302379000","48","1","48192","5.358947000"
"2119","14:42:32.413379","52","1","100.64.0.5","48192","5.332739000","0","84769","5000","5.389307000"
"2120","14:42:32.413420","100","86689","172.26.191.172","5000","5.332780000","48","1","48192","5.389348000"
"2121","14:42:32.413429","100","86737","172.26.191.172","5000","5.332789000","48","1","48192","5.389357000"
"2122","14:42:32.413440","100","86785","172.26.191.172","5000","5.332800000","48","1","48192","5.389368000"
"2123","14:42:32.413442","100","86833","172.26.191.172","5000","5.332802000","48","1","48192","5.389370000"
"2124","14:42:32.413448","100","86881","172.26.191.172","5000","5.332808000","48","1","48192","5.389376000"
"2125","14:42:32.413450","100","86929","172.26.191.172","5000","5.332810000","48","1","48192","5.389378000"
"2126","14:42:32.413456","100","86977","172.26.191.172","5000","5.332816000","48","1","48192","5.389384000"
"2127","14:42:32.413457","100","87025","172.26.191.172","5000","5.332817000","48","1","48192","5.389385000"
"2128","14:42:32.413469","52","1","100.64.0.5","48192","5.332829000","0","85057","5000","5.389397000"
"2129","14:42:32.413481","100","87073","172.26.191.172","5000","5.332841000","48","1","48192","5.389409000"
"2130","14:42:32.413482","100","87121","172.26.191.172","5000","5.332842000","48","1","48192","5.389410000"
"2131","14:42:32.413489","100","87169","172.26.191.172","5000","5.332849000","48","1","48192","5.389417000"
"2132","14:42:32.413490","100","87217","172.26.191.172","5000","5.332850000","48","1","48192","5.389418000"
"2133","14:42:32.413495","100","87265","172.26.191.172","5000","5.332855000","48","1","48192","5.389423000"
"2134","14:42:32.413496","100","87313","172.26.191.172","5000","5.332856000","48","1","48192","5.389424000"
"2135","14:42:32.413503","52","1","100.64.0.5","48192","5.332863000","0","85153","5000","5.389431000"
"2136","14:42:32.413511","100","87361","172.26.191.172","5000","5.332871000","48","1","48192","5.389439000"
"2137","14:42:32.413512","100","87409","172.26.191.172","5000","5.332872000","48","1","48192","5.389440000"
"2138","14:42:32.443201","52","1","100.64.0.5","48192","5.362561000","0","85441","5000","5.419129000"
"2139","14:42:32.443241","100","87457","172.26.191.172","5000","5.362601000","48","1","48192","5.419169000"
"2140","14:42:32.443250","100","87505","172.26.191.172","5000","5.362610000","48","1","48192","5.419178000"
"2141","14:42:32.443263","100","87553","172.26.191.172","5000","5.362623000","48","1","48192","5.419191000"
"2142","14:42:32.443264","100","87601","172.26.191.172","5000","5.362624000","48","1","48192","5.419192000"
"2143","14:42:32.443270","100","87649","172.26.191.172","5000","5.362630000","48","1","48192","5.419198000"
"2144","14:42:32.443272","100","87697","172.26.191.172","5000","5.362632000","48","1","48192","5.419200000"
"2145","14:42:32.443284","52","1","100.64.0.5","48192","5.362644000","0","85729","5000","5.419212000"
"2146","14:42:32.443296","100","87745","172.26.191.172","5000","5.362656000","48","1","48192","5.419224000"
"2147","14:42:32.443298","100","87793","172.26.191.172","5000","5.362658000","48","1","48192","5.419226000"
"2148","14:42:32.443305","100","87841","172.26.191.172","5000","5.362665000","48","1","48192","5.419233000"
"2149","14:42:32.443306","100","87889","172.26.191.172","5000","5.362666000","48","1","48192","5.419234000"
"2150","14:42:32.443312","100","87937","172.26.191.172","5000","5.362672000","48","1","48192","5.419240000"
"2151","14:42:32.443313","100","87985","172.26.191.172","5000","5.362673000","48","1","48192","5.419241000"
"2152","14:42:32.443320","52","1","100.64.0.5","48192","5.362680000","0","85873","5000","5.419248000"
"2153","14:42:32.443331","100","88033","172.26.191.172","5000","5.362691000","48","1","48192","5.419259000"
"2154","14:42:32.443332","100","88081","172.26.191.172","5000","5.362692000","48","1","48192","5.419260000"
"2155","14:42:32.473894","52","1","100.64.0.5","48192","5.393254000","0","86209","5000","5.449822000"
"2156","14:42:32.473936","100","88129","172.26.191.172","5000","5.393296000","48","1","48192","5.449864000"
"2157","14:42:32.473945","100","88177","172.26.191.172","5000","5.393305000","48","1","48192","5.449873000"
"2158","14:42:32.473956","100","88225","172.26.191.172","5000","5.393316000","48","1","48192","5.449884000"
"2159","14:42:32.473957","100","88273","172.26.191.172","5000","5.393317000","48","1","48192","5.449885000"
"2160","14:42:32.473963","100","88321","172.26.191.172","5000","5.393323000","48","1","48192","5.449891000"
"2161","14:42:32.473965","100","88369","172.26.191.172","5000","5.393325000","48","1","48192","5.449893000"
"2162","14:42:32.473971","100","88417","172.26.191.172","5000","5.393331000","48","1","48192","5.449899000"
"2163","14:42:32.473973","100","88465","172.26.191.172","5000","5.393333000","48","1","48192","5.449901000"
"2164","14:42:32.473984","52","1","100.64.0.5","48192","5.393344000","0","86497","5000","5.449912000"
"2165","14:42:32.473995","100","88513","172.26.191.172","5000","5.393355000","48","1","48192","5.449923000"
"2166","14:42:32.473997","100","88561","172.26.191.172","5000","5.393357000","48","1","48192","5.449925000"
"2167","14:42:32.474004","100","88609","172.26.191.172","5000","5.393364000","48","1","48192","5.449932000"
"2168","14:42:32.474005","100","88657","172.26.191.172","5000","5.393365000","48","1","48192","5.449933000"
"2169","14:42:32.474010","100","88705","172.26.191.172","5000","5.393370000","48","1","48192","5.449938000"
"2170","14:42:32.474011","100","88753","172.26.191.172","5000","5.393371000","48","1","48192","5.449939000"
"2171","14:42:32.474017","52","1","100.64.0.5","48192","5.393377000","0","86545","5000","5.449945000"
"2172","14:42:32.504489","52","1","100.64.0.5","48192","5.423849000","0","86881","5000","5.480417000"
"2173","14:42:32.504530","100","88801","172.26.191.172","5000","5.423890000","48","1","48192","5.480458000"
"2174","14:42:32.504539","100","88849","172.26.191.172","5000","5.423899000","48","1","48192","5.480467000"
"2175","14:42:32.504550","100","88897","172.26.191.172","5000","5.423910000","48","1","48192","5.480478000"
"2176","14:42:32.504552","100","88945","172.26.191.172","5000","5.423912000","48","1","48192","5.480480000"
"2177","14:42:32.504558","100","88993","172.26.191.172","5000","5.423918000","48","1","48192","5.480486000"
"2178","14:42:32.504559","100","89041","172.26.191.172","5000","5.423919000","48","1","48192","5.480487000"
"2179","14:42:32.504566","100","89089","172.26.191.172","5000","5.423926000","48","1","48192","5.480494000"
"2180","14:42:32.504567","100","89137","172.26.191.172","5000","5.423927000","48","1","48192","5.480495000"
"2181","14:42:32.504578","52","1","100.64.0.5","48192","5.423938000","0","87169","5000","5.480506000"
"2182","14:42:32.504589","100","89185","172.26.191.172","5000","5.423949000","48","1","48192","5.480517000"
"2183","14:42:32.504591","100","89233","172.26.191.172","5000","5.423951000","48","1","48192","5.480519000"
"2184","14:42:32.504598","100","89281","172.26.191.172","5000","5.423958000","48","1","48192","5.480526000"
"2185","14:42:32.504599","100","89329","172.26.191.172","5000","5.423959000","48","1","48192","5.480527000"
"2186","14:42:32.504605","100","89377","172.26.191.172","5000","5.423965000","48","1","48192","5.480533000"
"2187","14:42:32.504606","100","89425","172.26.191.172","5000","5.423966000","48","1","48192","5.480534000"
"2188","14:42:32.504613","52","1","100.64.0.5","48192","5.423973000","0","87265","5000","5.480541000"
"2189","14:42:32.504624","100","89473","172.26.191.172","5000","5.423984000","48","1","48192","5.480552000"
"2190","14:42:32.504625","100","89521","172.26.191.172","5000","5.423985000","48","1","48192","5.480553000"
"2191","14:42:32.534057","52","1","100.64.0.5","48192","5.453417000","0","87553","5000","5.509985000"
"2192","14:42:32.534097","100","89569","172.26.191.172","5000","5.453457000","48","1","48192","5.510025000"
"2193","14:42:32.534108","100","89617","172.26.191.172","5000","5.453468000","48","1","48192","5.510036000"
"2194","14:42:32.534119","100","89665","172.26.191.172","5000","5.453479000","48","1","48192","5.510047000"
"2195","14:42:32.534120","100","89713","172.26.191.172","5000","5.453480000","48","1","48192","5.510048000"
"2196","14:42:32.534126","100","89761","172.26.191.172","5000","5.453486000","48","1","48192","5.510054000"
"2197","14:42:32.534128","100","89809","172.26.191.172","5000","5.453488000","48","1","48192","5.510056000"
"2198","14:42:32.534139","52","1","100.64.0.5","48192","5.453499000","0","87841","5000","5.510067000"
"2199","14:42:32.534151","100","89857","172.26.191.172","5000","5.453511000","48","1","48192","5.510079000"
"2200","14:42:32.534152","100","89905","172.26.191.172","5000","5.453512000","48","1","48192","5.510080000"
"2201","14:42:32.534159","100","89953","172.26.191.172","5000","5.453519000","48","1","48192","5.510087000"
"2202","14:42:32.534161","100","90001","172.26.191.172","5000","5.453521000","48","1","48192","5.510089000"
"2203","14:42:32.534167","100","90049","172.26.191.172","5000","5.453527000","48","1","48192","5.510095000"
"2204","14:42:32.534168","100","90097","172.26.191.172","5000","5.453528000","48","1","48192","5.510096000"
"2205","14:42:32.534175","52","1","100.64.0.5","48192","5.453535000","0","87937","5000","5.510103000"
"2206","14:42:32.534185","100","90145","172.26.191.172","5000","5.453545000","48","1","48192","5.510113000"
"2207","14:42:32.534186","100","90193","172.26.191.172","5000","5.453546000","48","1","48192","5.510114000"
"2208","14:42:32.564004","52","1","100.64.0.5","48192","5.483364000","0","88225","5000","5.539932000"
"2209","14:42:32.564044","100","90241","172.26.191.172","5000","5.483404000","48","1","48192","5.539972000"
"2210","14:42:32.564054","100","90289","172.26.191.172","5000","5.483414000","48","1","48192","5.539982000"
"2211","14:42:32.564064","100","90337","172.26.191.172","5000","5.483424000","48","1","48192","5.539992000"
"2212","14:42:32.564066","100","90385","172.26.191.172","5000","5.483426000","48","1","48192","5.539994000"
"2213","14:42:32.564072","100","90433","172.26.191.172","5000","5.483432000","48","1","48192","5.540000000"
"2214","14:42:32.564073","100","90481","172.26.191.172","5000","5.483433000","48","1","48192","5.540001000"
"2215","14:42:32.564085","52","1","100.64.0.5","48192","5.483445000","0","88465","5000","5.540013000"
"2216","14:42:32.564098","100","90529","172.26.191.172","5000","5.483458000","48","1","48192","5.540026000"
"2217","14:42:32.564100","100","90577","172.26.191.172","5000","5.483460000","48","1","48192","5.540028000"
"2218","14:42:32.564107","100","90625","172.26.191.172","5000","5.483467000","48","1","48192","5.540035000"
"2219","14:42:32.564108","100","90673","172.26.191.172","5000","5.483468000","48","1","48192","5.540036000"
"2220","14:42:32.564113","100","90721","172.26.191.172","5000","5.483473000","48","1","48192","5.540041000"
"2221","14:42:32.564114","100","90769","172.26.191.172","5000","5.483474000","48","1","48192","5.540042000"
"2222","14:42:32.564121","52","1","100.64.0.5","48192","5.483481000","0","88657","5000","5.540049000"
"2223","14:42:32.564132","100","90817","172.26.191.172","5000","5.483492000","48","1","48192","5.540060000"
"2224","14:42:32.564133","100","90865","172.26.191.172","5000","5.483493000","48","1","48192","5.540061000"
"2225","14:42:32.564140","100","90913","172.26.191.172","5000","5.483500000","48","1","48192","5.540068000"
"2226","14:42:32.564141","100","90961","172.26.191.172","5000","5.483501000","48","1","48192","5.540069000"
"2227","14:42:32.594880","52","1","100.64.0.5","48192","5.514240000","0","88993","5000","5.570808000"
"2228","14:42:32.594922","100","91009","172.26.191.172","5000","5.514282000","48","1","48192","5.570850000"
"2229","14:42:32.594931","100","91057","172.26.191.172","5000","5.514291000","48","1","48192","5.570859000"
"2230","14:42:32.594941","100","91105","172.26.191.172","5000","5.514301000","48","1","48192","5.570869000"
"2231","14:42:32.594943","100","91153","172.26.191.172","5000","5.514303000","48","1","48192","5.570871000"
"2232","14:42:32.594950","100","91201","172.26.191.172","5000","5.514310000","48","1","48192","5.570878000"
"2233","14:42:32.594952","100","91249","172.26.191.172","5000","5.514312000","48","1","48192","5.570880000"
"2234","14:42:32.594964","52","1","100.64.0.5","48192","5.514324000","0","89281","5000","5.570892000"
"2235","14:42:32.594974","100","91297","172.26.191.172","5000","5.514334000","48","1","48192","5.570902000"
"2236","14:42:32.594976","100","91345","172.26.191.172","5000","5.514336000","48","1","48192","5.570904000"
"2237","14:42:32.594983","100","91393","172.26.191.172","5000","5.514343000","48","1","48192","5.570911000"
"2238","14:42:32.594984","100","91441","172.26.191.172","5000","5.514344000","48","1","48192","5.570912000"
"2239","14:42:32.594989","100","91489","172.26.191.172","5000","5.514349000","48","1","48192","5.570917000"
"2240","14:42:32.594990","100","91537","172.26.191.172","5000","5.514350000","48","1","48192","5.570918000"
"2241","14:42:32.594997","52","1","100.64.0.5","48192","5.514357000","0","89329","5000","5.570925000"
"2242","14:42:32.595006","100","91585","172.26.191.172","5000","5.514366000","48","1","48192","5.570934000"
"2243","14:42:32.595007","100","91633","172.26.191.172","5000","5.514367000","48","1","48192","5.570935000"
"2244","14:42:32.625437","52","1","100.64.0.5","48192","5.544797000","0","89665","5000","5.601365000"
"2245","14:42:32.625477","100","91681","172.26.191.172","5000","5.544837000","48","1","48192","5.601405000"
"2246","14:42:32.625488","100","91729","172.26.191.172","5000","5.544848000","48","1","48192","5.601416000"
"2247","14:42:32.625500","100","91777","172.26.191.172","5000","5.544860000","48","1","48192","5.601428000"
"2248","14:42:32.625501","100","91825","172.26.191.172","5000","5.544861000","48","1","48192","5.601429000"
"2249","14:42:32.625507","100","91873","172.26.191.172","5000","5.544867000","48","1","48192","5.601435000"
"2250","14:42:32.625509","100","91921","172.26.191.172","5000","5.544869000","48","1","48192","5.601437000"
"2251","14:42:32.625515","100","91969","172.26.191.172","5000","5.544875000","48","1","48192","5.601443000"
"2252","14:42:32.625516","100","92017","172.26.191.172","5000","5.544876000","48","1","48192","5.601444000"
"2253","14:42:32.625528","52","1","100.64.0.5","48192","5.544888000","0","89953","5000","5.601456000"
"2254","14:42:32.625541","100","92065","172.26.191.172","5000","5.544901000","48","1","48192","5.601469000"
"2255","14:42:32.625542","100","92113","172.26.191.172","5000","5.544902000","48","1","48192","5.601470000"
"2256","14:42:32.625549","100","92161","172.26.191.172","5000","5.544909000","48","1","48192","5.601477000"
"2257","14:42:32.625550","100","92209","172.26.191.172","5000","5.544910000","48","1","48192","5.601478000"
"2258","14:42:32.625557","100","92257","172.26.191.172","5000","5.544917000","48","1","48192","5.601485000"
"2259","14:42:32.625558","100","92305","172.26.191.172","5000","5.544918000","48","1","48192","5.601486000"
"2260","14:42:32.625566","52","1","100.64.0.5","48192","5.544926000","0","90049","5000","5.601494000"
"2261","14:42:32.625575","100","92353","172.26.191.172","5000","5.544935000","48","1","48192","5.601503000"
"2262","14:42:32.625576","100","92401","172.26.191.172","5000","5.544936000","48","1","48192","5.601504000"
"2263","14:42:32.655287","52","1","100.64.0.5","48192","5.574647000","0","90337","5000","5.631215000"
"2264","14:42:32.655330","100","92449","172.26.191.172","5000","5.574690000","48","1","48192","5.631258000"
"2265","14:42:32.655338","100","92497","172.26.191.172","5000","5.574698000","48","1","48192","5.631266000"
"2266","14:42:32.655350","100","92545","172.26.191.172","5000","5.574710000","48","1","48192","5.631278000"
"2267","14:42:32.655352","100","92593","172.26.191.172","5000","5.574712000","48","1","48192","5.631280000"
"2268","14:42:32.655358","100","92641","172.26.191.172","5000","5.574718000","48","1","48192","5.631286000"
"2269","14:42:32.655359","100","92689","172.26.191.172","5000","5.574719000","48","1","48192","5.631287000"
"2270","14:42:32.655371","52","1","100.64.0.5","48192","5.574731000","0","90625","5000","5.631299000"
"2271","14:42:32.655382","100","92737","172.26.191.172","5000","5.574742000","48","1","48192","5.631310000"
"2272","14:42:32.655384","100","92785","172.26.191.172","5000","5.574744000","48","1","48192","5.631312000"
"2273","14:42:32.655391","100","92833","172.26.191.172","5000","5.574751000","48","1","48192","5.631319000"
"2274","14:42:32.655392","100","92881","172.26.191.172","5000","5.574752000","48","1","48192","5.631320000"
"2275","14:42:32.655398","100","92929","172.26.191.172","5000","5.574758000","48","1","48192","5.631326000"
"2276","14:42:32.655399","100","92977","172.26.191.172","5000","5.574759000","48","1","48192","5.631327000"
"2277","14:42:32.655405","52","1","100.64.0.5","48192","5.574765000","0","90721","5000","5.631333000"
"2278","14:42:32.655414","100","93025","172.26.191.172","5000","5.574774000","48","1","48192","5.631342000"
"2279","14:42:32.655415","100","93073","172.26.191.172","5000","5.574775000","48","1","48192","5.631343000"
"2280","14:42:32.685767","64","1","100.64.0.5","48192","5.605127000","0","90961","5000","5.661695000"
"2281","14:42:32.685813","100","93121","172.26.191.172","5000","5.605173000","48","1","48192","5.661741000"
"2282","14:42:32.685822","100","93169","172.26.191.172","5000","5.605182000","48","1","48192","5.661750000"
"2283","14:42:32.685833","100","93217","172.26.191.172","5000","5.605193000","48","1","48192","5.661761000"
"2284","14:42:32.685835","100","93265","172.26.191.172","5000","5.605195000","48","1","48192","5.661763000"
"2285","14:42:32.685841","100","93313","172.26.191.172","5000","5.605201000","48","1","48192","5.661769000"
"2286","14:42:32.685842","100","93361","172.26.191.172","5000","5.605202000","48","1","48192","5.661770000"
"2287","14:42:32.685854","64","1","100.64.0.5","48192","5.605214000","0","90961","5000","5.661782000"
"2288","14:42:32.685869","100","90961","172.26.191.172","5000","5.605229000","48","1","48192","5.661797000"
"2289","14:42:32.685877","64","1","100.64.0.5","48192","5.605237000","0","90961","5000","5.661805000"
"2290","14:42:32.685886","100","93409","172.26.191.172","5000","5.605246000","48","1","48192","5.661814000"
"2291","14:42:32.685892","64","1","100.64.0.5","48192","5.605252000","0","90961","5000","5.661820000"
"2292","14:42:32.685903","100","93457","172.26.191.172","5000","5.605263000","48","1","48192","5.661831000"
"2293","14:42:32.685905","100","93505","172.26.191.172","5000","5.605265000","48","1","48192","5.661833000"
"2294","14:42:32.716580","64","1","100.64.0.5","48192","5.635940000","0","90961","5000","5.692508000"
"2295","14:42:32.716615","64","1","100.64.0.5","48192","5.635975000","0","90961","5000","5.692543000"
"2296","14:42:32.716632","100","93553","172.26.191.172","5000","5.635992000","48","1","48192","5.692560000"
"2297","14:42:32.716653","64","1","100.64.0.5","48192","5.636013000","0","90961","5000","5.692581000"
"2298","14:42:32.716662","100","93601","172.26.191.172","5000","5.636022000","48","1","48192","5.692590000"
"2299","14:42:32.716669","64","1","100.64.0.5","48192","5.636029000","0","90961","5000","5.692597000"
"2300","14:42:32.716676","100","93649","172.26.191.172","5000","5.636036000","48","1","48192","5.692604000"
"2301","14:42:32.716682","64","1","100.64.0.5","48192","5.636042000","0","90961","5000","5.692610000"
"2302","14:42:32.716688","100","93697","172.26.191.172","5000","5.636048000","48","1","48192","5.692616000"
"2303","14:42:32.716694","64","1","100.64.0.5","48192","5.636054000","0","90961","5000","5.692622000"
"2304","14:42:32.716701","100","93745","172.26.191.172","5000","5.636061000","48","1","48192","5.692629000"
"2305","14:42:32.716707","64","1","100.64.0.5","48192","5.636067000","0","90961","5000","5.692635000"
"2306","14:42:32.716713","100","93793","172.26.191.172","5000","5.636073000","48","1","48192","5.692641000"
"2307","14:42:32.716719","64","1","100.64.0.5","48192","5.636079000","0","90961","5000","5.692647000"
"2308","14:42:32.716726","100","93841","172.26.191.172","5000","5.636086000","48","1","48192","5.692654000"
"2309","14:42:32.746256","64","1","100.64.0.5","48192","5.665616000","0","90961","5000","5.722184000"
"2310","14:42:32.746296","100","93889","172.26.191.172","5000","5.665656000","48","1","48192","5.722224000"
"2311","14:42:32.746318","64","1","100.64.0.5","48192","5.665678000","0","90961","5000","5.722246000"
"2312","14:42:32.746327","100","93937","172.26.191.172","5000","5.665687000","48","1","48192","5.722255000"
"2313","14:42:32.746334","64","1","100.64.0.5","48192","5.665694000","0","90961","5000","5.722262000"
"2314","14:42:32.746341","100","93985","172.26.191.172","5000","5.665701000","48","1","48192","5.722269000"
"2315","14:42:32.746347","72","1","100.64.0.5","48192","5.665707000","0","90961","5000","5.722275000"
"2316","14:42:32.746355","100","92401","172.26.191.172","5000","5.665715000","48","1","48192","5.722283000"
"2317","14:42:32.746362","72","1","100.64.0.5","48192","5.665722000","0","90961","5000","5.722290000"
"2318","14:42:32.746370","100","94033","172.26.191.172","5000","5.665730000","48","1","48192","5.722298000"
"2319","14:42:32.746376","72","1","100.64.0.5","48192","5.665736000","0","90961","5000","5.722304000"
"2320","14:42:32.746383","100","94081","172.26.191.172","5000","5.665743000","48","1","48192","5.722311000"
"2321","14:42:32.746388","72","1","100.64.0.5","48192","5.665748000","0","90961","5000","5.722316000"
"2322","14:42:32.746396","100","94129","172.26.191.172","5000","5.665756000","48","1","48192","5.722324000"
"2323","14:42:32.746402","72","1","100.64.0.5","48192","5.665762000","0","90961","5000","5.722330000"
"2324","14:42:32.776812","72","1","100.64.0.5","48192","5.696172000","0","90961","5000","5.752740000"
"2325","14:42:32.776852","100","94177","172.26.191.172","5000","5.696212000","48","1","48192","5.752780000"
"2326","14:42:32.776873","72","1","100.64.0.5","48192","5.696233000","0","90961","5000","5.752801000"
"2327","14:42:32.776882","100","94225","172.26.191.172","5000","5.696242000","48","1","48192","5.752810000"
"2328","14:42:32.776889","72","1","100.64.0.5","48192","5.696249000","0","90961","5000","5.752817000"
"2329","14:42:32.776898","100","94273","172.26.191.172","5000","5.696258000","48","1","48192","5.752826000"
"2330","14:42:32.776904","72","1","100.64.0.5","48192","5.696264000","0","90961","5000","5.752832000"
"2331","14:42:32.776914","72","1","100.64.0.5","48192","5.696274000","0","90961","5000","5.752842000"
"2332","14:42:32.776926","100","94321","172.26.191.172","5000","5.696286000","48","1","48192","5.752854000"
"2333","14:42:32.776928","100","94369","172.26.191.172","5000","5.696288000","48","1","48192","5.752856000"
"2334","14:42:32.776934","72","1","100.64.0.5","48192","5.696294000","0","90961","5000","5.752862000"
"2335","14:42:32.776943","100","94417","172.26.191.172","5000","5.696303000","48","1","48192","5.752871000"
"2336","14:42:32.776945","100","94465","172.26.191.172","5000","5.696305000","48","1","48192","5.752873000"
"2337","14:42:32.776951","64","1","100.64.0.5","48192","5.696311000","0","92401","5000","5.752879000"
"2338","14:42:32.776961","100","94513","172.26.191.172","5000","5.696321000","48","1","48192","5.752889000"
"2339","14:42:32.776968","64","1","100.64.0.5","48192","5.696328000","0","92401","5000","5.752896000"
"2340","14:42:32.776980","100","94561","172.26.191.172","5000","5.696340000","48","1","48192","5.752908000"
"2341","14:42:32.776981","100","94609","172.26.191.172","5000","5.696341000","48","1","48192","5.752909000"
"2342","14:42:32.776985","100","94657","172.26.191.172","5000","5.696345000","48","1","48192","5.752913000"
"2343","14:42:32.807391","64","1","100.64.0.5","48192","5.726751000","0","92401","5000","5.783319000"
"2344","14:42:32.807437","100","94705","172.26.191.172","5000","5.726797000","48","1","48192","5.783365000"
"2345","14:42:32.807446","100","94753","172.26.191.172","5000","5.726806000","48","1","48192","5.783374000"
"2346","14:42:32.807454","100","94801","172.26.191.172","5000","5.726814000","48","1","48192","5.783382000"
"2347","14:42:32.807466","64","1","100.64.0.5","48192","5.726826000","0","92401","5000","5.783394000"
"2348","14:42:32.807475","100","94849","172.26.191.172","5000","5.726835000","48","1","48192","5.783403000"
"2349","14:42:32.807481","64","1","100.64.0.5","48192","5.726841000","0","92401","5000","5.783409000"
"2350","14:42:32.807492","100","94897","172.26.191.172","5000","5.726852000","48","1","48192","5.783420000"
"2351","14:42:32.807494","100","94945","172.26.191.172","5000","5.726854000","48","1","48192","5.783422000"
"2352","14:42:32.807498","100","94993","172.26.191.172","5000","5.726858000","48","1","48192","5.783426000"
"2353","14:42:32.837414","64","1","100.64.0.5","48192","5.756774000","0","92401","5000","5.813342000"
"2354","14:42:32.837458","100","95041","172.26.191.172","5000","5.756818000","48","1","48192","5.813386000"
"2355","14:42:32.837468","100","95089","172.26.191.172","5000","5.756828000","48","1","48192","5.813396000"
"2356","14:42:32.837476","100","95137","172.26.191.172","5000","5.756836000","48","1","48192","5.813404000"
"2357","14:42:32.837487","52","1","100.64.0.5","48192","5.756847000","0","94033","5000","5.813415000"
"2358","14:42:32.837502","52","1","100.64.0.5","48192","5.756862000","0","94177","5000","5.813430000"
"2359","14:42:32.837513","100","95185","172.26.191.172","5000","5.756873000","48","1","48192","5.813441000"
"2360","14:42:32.837515","100","95233","172.26.191.172","5000","5.756875000","48","1","48192","5.813443000"
"2361","14:42:32.837521","100","95281","172.26.191.172","5000","5.756881000","48","1","48192","5.813449000"
"2362","14:42:32.837523","100","95329","172.26.191.172","5000","5.756883000","48","1","48192","5.813451000"
"2363","14:42:32.867916","52","1","100.64.0.5","48192","5.787276000","0","94417","5000","5.843844000"
"2364","14:42:32.867954","100","95377","172.26.191.172","5000","5.787314000","48","1","48192","5.843882000"
"2365","14:42:32.867963","100","95425","172.26.191.172","5000","5.787323000","48","1","48192","5.843891000"
"2366","14:42:32.867974","100","95473","172.26.191.172","5000","5.787334000","48","1","48192","5.843902000"
"2367","14:42:32.867976","100","95521","172.26.191.172","5000","5.787336000","48","1","48192","5.843904000"
"2368","14:42:32.867987","52","1","100.64.0.5","48192","5.787347000","0","94657","5000","5.843915000"
"2369","14:42:32.867999","100","95569","172.26.191.172","5000","5.787359000","48","1","48192","5.843927000"
"2370","14:42:32.868000","100","95617","172.26.191.172","5000","5.787360000","48","1","48192","5.843928000"
"2371","14:42:32.868009","100","95665","172.26.191.172","5000","5.787369000","48","1","48192","5.843937000"
"2372","14:42:32.868010","100","95713","172.26.191.172","5000","5.787370000","48","1","48192","5.843938000"
"2373","14:42:32.868017","100","95761","172.26.191.172","5000","5.787377000","48","1","48192","5.843945000"
"2374","14:42:32.868019","100","95809","172.26.191.172","5000","5.787379000","48","1","48192","5.843947000"
"2375","14:42:32.868026","52","1","100.64.0.5","48192","5.787386000","0","94705","5000","5.843954000"
"2376","14:42:32.898426","52","1","100.64.0.5","48192","5.817786000","0","94849","5000","5.874354000"
"2377","14:42:32.898464","100","95857","172.26.191.172","5000","5.817824000","48","1","48192","5.874392000"
"2378","14:42:32.898473","100","95905","172.26.191.172","5000","5.817833000","48","1","48192","5.874401000"
"2379","14:42:32.898484","100","95953","172.26.191.172","5000","5.817844000","48","1","48192","5.874412000"
"2380","14:42:32.898486","100","96001","172.26.191.172","5000","5.817846000","48","1","48192","5.874414000"
"2381","14:42:32.898498","52","1","100.64.0.5","48192","5.817858000","0","94993","5000","5.874426000"
"2382","14:42:32.898511","100","96049","172.26.191.172","5000","5.817871000","48","1","48192","5.874439000"
"2383","14:42:32.898513","100","96097","172.26.191.172","5000","5.817873000","48","1","48192","5.874441000"
"2384","14:42:32.898520","52","1","100.64.0.5","48192","5.817880000","0","95041","5000","5.874448000"
"2385","14:42:32.898529","100","96145","172.26.191.172","5000","5.817889000","48","1","48192","5.874457000"
"2386","14:42:32.898530","100","96193","172.26.191.172","5000","5.817890000","48","1","48192","5.874458000"
"2387","14:42:32.928080","52","1","100.64.0.5","48192","5.847440000","0","95281","5000","5.904008000"
"2388","14:42:32.928120","100","96241","172.26.191.172","5000","5.847480000","48","1","48192","5.904048000"
"2389","14:42:32.928129","100","96289","172.26.191.172","5000","5.847489000","48","1","48192","5.904057000"
"2390","14:42:32.928140","100","96337","172.26.191.172","5000","5.847500000","48","1","48192","5.904068000"
"2391","14:42:32.928142","100","96385","172.26.191.172","5000","5.847502000","48","1","48192","5.904070000"
"2392","14:42:32.928148","100","96433","172.26.191.172","5000","5.847508000","48","1","48192","5.904076000"
"2393","14:42:32.928149","100","96481","172.26.191.172","5000","5.847509000","48","1","48192","5.904077000"
"2394","14:42:32.928160","52","1","100.64.0.5","48192","5.847520000","0","95377","5000","5.904088000"
"2395","14:42:32.928170","100","96529","172.26.191.172","5000","5.847530000","48","1","48192","5.904098000"
"2396","14:42:32.928172","100","96577","172.26.191.172","5000","5.847532000","48","1","48192","5.904100000"
"2397","14:42:32.957837","52","1","100.64.0.5","48192","5.877197000","0","95665","5000","5.933765000"
"2398","14:42:32.957876","100","96625","172.26.191.172","5000","5.877236000","48","1","48192","5.933804000"
"2399","14:42:32.957885","100","96673","172.26.191.172","5000","5.877245000","48","1","48192","5.933813000"
"2400","14:42:32.957897","100","96721","172.26.191.172","5000","5.877257000","48","1","48192","5.933825000"
"2401","14:42:32.957898","100","96769","172.26.191.172","5000","5.877258000","48","1","48192","5.933826000"
"2402","14:42:32.957904","100","96817","172.26.191.172","5000","5.877264000","48","1","48192","5.933832000"
"2403","14:42:32.957906","100","96865","172.26.191.172","5000","5.877266000","48","1","48192","5.933834000"
"2404","14:42:32.957917","52","1","100.64.0.5","48192","5.877277000","0","95857","5000","5.933845000"
"2405","14:42:32.957927","100","96913","172.26.191.172","5000","5.877287000","48","1","48192","5.933855000"
"2406","14:42:32.957929","100","96961","172.26.191.172","5000","5.877289000","48","1","48192","5.933857000"
"2407","14:42:32.957935","100","97009","172.26.191.172","5000","5.877295000","48","1","48192","5.933863000"
"2408","14:42:32.957936","100","97057","172.26.191.172","5000","5.877296000","48","1","48192","5.933864000"
"2409","14:42:32.988856","52","1","100.64.0.5","48192","5.908216000","0","96145","5000","5.964784000"
"2410","14:42:32.988896","100","97105","172.26.191.172","5000","5.908256000","48","1","48192","5.964824000"
"2411","14:42:32.988905","100","97153","172.26.191.172","5000","5.908265000","48","1","48192","5.964833000"
"2412","14:42:32.988916","100","97201","172.26.191.172","5000","5.908276000","48","1","48192","5.964844000"
"2413","14:42:32.988918","100","97249","172.26.191.172","5000","5.908278000","48","1","48192","5.964846000"
"2414","14:42:32.988923","100","97297","172.26.191.172","5000","5.908283000","48","1","48192","5.964851000"
"2415","14:42:32.988925","100","97345","172.26.191.172","5000","5.908285000","48","1","48192","5.964853000"
"2416","14:42:32.988936","52","1","100.64.0.5","48192","5.908296000","0","96241","5000","5.964864000"
"2417","14:42:32.988945","100","97393","172.26.191.172","5000","5.908305000","48","1","48192","5.964873000"
"2418","14:42:32.988947","100","97441","172.26.191.172","5000","5.908307000","48","1","48192","5.964875000"
"2419","14:42:33.019400","52","1","100.64.0.5","48192","5.938760000","0","96529","5000","5.995328000"
"2420","14:42:33.019440","100","97489","172.26.191.172","5000","5.938800000","48","1","48192","5.995368000"
"2421","14:42:33.019454","100","97537","172.26.191.172","5000","5.938814000","48","1","48192","5.995382000"
"2422","14:42:33.019465","100","97585","172.26.191.172","5000","5.938825000","48","1","48192","5.995393000"
"2423","14:42:33.019466","100","97633","172.26.191.172","5000","5.938826000","48","1","48192","5.995394000"
"2424","14:42:33.019473","100","97681","172.26.191.172","5000","5.938833000","48","1","48192","5.995401000"
"2425","14:42:33.019474","100","97729","172.26.191.172","5000","5.938834000","48","1","48192","5.995402000"
"2426","14:42:33.019486","52","1","100.64.0.5","48192","5.938846000","0","96817","5000","5.995414000"
"2427","14:42:33.019497","100","97777","172.26.191.172","5000","5.938857000","48","1","48192","5.995425000"
"2428","14:42:33.019499","100","97825","172.26.191.172","5000","5.938859000","48","1","48192","5.995427000"
"2429","14:42:33.019507","100","97873","172.26.191.172","5000","5.938867000","48","1","48192","5.995435000"
"2430","14:42:33.019508","100","97921","172.26.191.172","5000","5.938868000","48","1","48192","5.995436000"
"2431","14:42:33.019514","100","97969","172.26.191.172","5000","5.938874000","48","1","48192","5.995442000"
"2432","14:42:33.019515","100","98017","172.26.191.172","5000","5.938875000","48","1","48192","5.995443000"
"2433","14:42:33.019519","100","98065","172.26.191.172","5000","5.938879000","48","1","48192","5.995447000"
"2434","14:42:33.049230","52","1","100.64.0.5","48192","5.968590000","0","97105","5000","6.025158000"
"2435","14:42:33.049270","100","98113","172.26.191.172","5000","5.968630000","48","1","48192","6.025198000"
"2436","14:42:33.049279","100","98161","172.26.191.172","5000","5.968639000","48","1","48192","6.025207000"
"2437","14:42:33.049291","100","98209","172.26.191.172","5000","5.968651000","48","1","48192","6.025219000"
"2438","14:42:33.049293","100","98257","172.26.191.172","5000","5.968653000","48","1","48192","6.025221000"
"2439","14:42:33.049300","100","98305","172.26.191.172","5000","5.968660000","48","1","48192","6.025228000"
"2440","14:42:33.049301","100","98353","172.26.191.172","5000","5.968661000","48","1","48192","6.025229000"
"2441","14:42:33.080113","52","1","100.64.0.5","48192","5.999473000","0","97393","5000","6.056041000"
"2442","14:42:33.080153","100","98401","172.26.191.172","5000","5.999513000","48","1","48192","6.056081000"
"2443","14:42:33.080162","100","98449","172.26.191.172","5000","5.999522000","48","1","48192","6.056090000"
"2444","14:42:33.080172","100","98497","172.26.191.172","5000","5.999532000","48","1","48192","6.056100000"
"2445","14:42:33.080174","100","98545","172.26.191.172","5000","5.999534000","48","1","48192","6.056102000"
"2446","14:42:33.080180","100","98593","172.26.191.172","5000","5.999540000","48","1","48192","6.056108000"
"2447","14:42:33.080181","100","98641","172.26.191.172","5000","5.999541000","48","1","48192","6.056109000"
"2448","14:42:33.080192","52","1","100.64.0.5","48192","5.999552000","0","97441","5000","6.056120000"
"2449","14:42:33.080201","52","1","100.64.0.5","48192","5.999561000","0","97489","5000","6.056129000"
"2450","14:42:33.080210","100","98689","172.26.191.172","5000","5.999570000","48","1","48192","6.056138000"
"2451","14:42:33.080211","100","98737","172.26.191.172","5000","5.999571000","48","1","48192","6.056139000"
"2452","14:42:33.110462","52","1","100.64.0.5","48192","6.029822000","0","97777","5000","6.086390000"
"2453","14:42:33.110502","100","98785","172.26.191.172","5000","6.029862000","48","1","48192","6.086430000"
"2454","14:42:33.110511","100","98833","172.26.191.172","5000","6.029871000","48","1","48192","6.086439000"
"2455","14:42:33.110522","100","98881","172.26.191.172","5000","6.029882000","48","1","48192","6.086450000"
"2456","14:42:33.110524","100","98929","172.26.191.172","5000","6.029884000","48","1","48192","6.086452000"
"2457","14:42:33.110530","100","98977","172.26.191.172","5000","6.029890000","48","1","48192","6.086458000"
"2458","14:42:33.110531","100","99025","172.26.191.172","5000","6.029891000","48","1","48192","6.086459000"
"2459","14:42:33.110543","52","1","100.64.0.5","48192","6.029903000","0","98065","5000","6.086471000"
"2460","14:42:33.110554","100","99073","172.26.191.172","5000","6.029914000","48","1","48192","6.086482000"
"2461","14:42:33.110556","100","99121","172.26.191.172","5000","6.029916000","48","1","48192","6.086484000"
"2462","14:42:33.110563","100","99169","172.26.191.172","5000","6.029923000","48","1","48192","6.086491000"
"2463","14:42:33.110565","100","99217","172.26.191.172","5000","6.029925000","48","1","48192","6.086493000"
"2464","14:42:33.110570","100","99265","172.26.191.172","5000","6.029930000","48","1","48192","6.086498000"
"2465","14:42:33.110571","100","99313","172.26.191.172","5000","6.029931000","48","1","48192","6.086499000"
"2466","14:42:33.110577","52","1","100.64.0.5","48192","6.029937000","0","98113","5000","6.086505000"
"2467","14:42:33.110587","100","99361","172.26.191.172","5000","6.029947000","48","1","48192","6.086515000"
"2468","14:42:33.110588","100","99409","172.26.191.172","5000","6.029948000","48","1","48192","6.086516000"
"2469","14:42:33.140088","52","1","100.64.0.5","48192","6.059448000","0","98401","5000","6.116016000"
"2470","14:42:33.140130","100","99457","172.26.191.172","5000","6.059490000","48","1","48192","6.116058000"
"2471","14:42:33.140139","100","99505","172.26.191.172","5000","6.059499000","48","1","48192","6.116067000"
"2472","14:42:33.140150","100","99553","172.26.191.172","5000","6.059510000","48","1","48192","6.116078000"
"2473","14:42:33.140151","100","99601","172.26.191.172","5000","6.059511000","48","1","48192","6.116079000"
"2474","14:42:33.140157","100","99649","172.26.191.172","5000","6.059517000","48","1","48192","6.116085000"
"2475","14:42:33.140159","100","99697","172.26.191.172","5000","6.059519000","48","1","48192","6.116087000"
"2476","14:42:33.170886","52","1","100.64.0.5","48192","6.090246000","0","98689","5000","6.146814000"
"2477","14:42:33.170926","100","99745","172.26.191.172","5000","6.090286000","48","1","48192","6.146854000"
"2478","14:42:33.170935","100","99793","172.26.191.172","5000","6.090295000","48","1","48192","6.146863000"
"2479","14:42:33.170945","100","99841","172.26.191.172","5000","6.090305000","48","1","48192","6.146873000"
"2480","14:42:33.170947","100","99889","172.26.191.172","5000","6.090307000","48","1","48192","6.146875000"
"2481","14:42:33.170953","100","99937","172.26.191.172","5000","6.090313000","48","1","48192","6.146881000"
"2482","14:42:33.170955","100","99985","172.26.191.172","5000","6.090315000","48","1","48192","6.146883000"
"2483","14:42:33.170966","52","1","100.64.0.5","48192","6.090326000","0","98785","5000","6.146894000"
"2484","14:42:33.170975","100","100033","172.26.191.172","5000","6.090335000","48","1","48192","6.146903000"
"2485","14:42:33.170977","100","100081","172.26.191.172","5000","6.090337000","48","1","48192","6.146905000"
"2486","14:42:33.201200","52","1","100.64.0.5","48192","6.120560000","0","99073","5000","6.177128000"
"2487","14:42:33.201224","100","100129","172.26.191.172","5000","6.120584000","48","1","48192","6.177152000"
"2488","14:42:33.201229","100","100177","172.26.191.172","5000","6.120589000","48","1","48192","6.177157000"
"2489","14:42:33.201236","100","100225","172.26.191.172","5000","6.120596000","48","1","48192","6.177164000"
"2490","14:42:33.201236","100","100273","172.26.191.172","5000","6.120596000","48","1","48192","6.177164000"
"2491","14:42:33.201240","100","100321","172.26.191.172","5000","6.120600000","48","1","48192","6.177168000"
"2492","14:42:33.201240","100","100369","172.26.191.172","5000","6.120600000","48","1","48192","6.177168000"
"2493","14:42:33.201246","52","1","100.64.0.5","48192","6.120606000","0","99361","5000","6.177174000"
"2494","14:42:33.201253","100","100417","172.26.191.172","5000","6.120613000","48","1","48192","6.177181000"
"2495","14:42:33.201253","100","100465","172.26.191.172","5000","6.120613000","48","1","48192","6.177181000"
"2496","14:42:33.201257","100","100513","172.26.191.172","5000","6.120617000","48","1","48192","6.177185000"
"2497","14:42:33.201257","100","100561","172.26.191.172","5000","6.120617000","48","1","48192","6.177185000"
"2498","14:42:33.201260","100","100609","172.26.191.172","5000","6.120620000","48","1","48192","6.177188000"
"2499","14:42:33.201261","100","100657","172.26.191.172","5000","6.120621000","48","1","48192","6.177189000"
"2500","14:42:33.201264","52","1","100.64.0.5","48192","6.120624000","0","99457","5000","6.177192000"
"2501","14:42:33.201269","100","100705","172.26.191.172","5000","6.120629000","48","1","48192","6.177197000"
"2502","14:42:33.201269","100","100753","172.26.191.172","5000","6.120629000","48","1","48192","6.177197000"
"2503","14:42:33.231293","52","1","100.64.0.5","48192","6.150653000","0","99745","5000","6.207221000"
"2504","14:42:33.231333","100","100801","172.26.191.172","5000","6.150693000","48","1","48192","6.207261000"
"2505","14:42:33.231342","100","100849","172.26.191.172","5000","6.150702000","48","1","48192","6.207270000"
"2506","14:42:33.231352","100","100897","172.26.191.172","5000","6.150712000","48","1","48192","6.207280000"
"2507","14:42:33.231353","100","100945","172.26.191.172","5000","6.150713000","48","1","48192","6.207281000"
"2508","14:42:33.231361","100","100993","172.26.191.172","5000","6.150721000","48","1","48192","6.207289000"
"2509","14:42:33.231362","100","101041","172.26.191.172","5000","6.150722000","48","1","48192","6.207290000"
"2510","14:42:33.261525","52","1","100.64.0.5","48192","6.180885000","0","100033","5000","6.237453000"
"2511","14:42:33.261565","100","101089","172.26.191.172","5000","6.180925000","48","1","48192","6.237493000"
"2512","14:42:33.261577","100","101137","172.26.191.172","5000","6.180937000","48","1","48192","6.237505000"
"2513","14:42:33.261588","100","101185","172.26.191.172","5000","6.180948000","48","1","48192","6.237516000"
"2514","14:42:33.261590","100","101233","172.26.191.172","5000","6.180950000","48","1","48192","6.237518000"
"2515","14:42:33.261596","100","101281","172.26.191.172","5000","6.180956000","48","1","48192","6.237524000"
"2516","14:42:33.261597","100","101329","172.26.191.172","5000","6.180957000","48","1","48192","6.237525000"
"2517","14:42:33.261609","52","1","100.64.0.5","48192","6.180969000","0","100129","5000","6.237537000"
"2518","14:42:33.261619","100","101377","172.26.191.172","5000","6.180979000","48","1","48192","6.237547000"
"2519","14:42:33.261621","100","101425","172.26.191.172","5000","6.180981000","48","1","48192","6.237549000"
"2520","14:42:33.292246","52","1","100.64.0.5","48192","6.211606000","0","100417","5000","6.268174000"
"2521","14:42:33.292285","100","101473","172.26.191.172","5000","6.211645000","48","1","48192","6.268213000"
"2522","14:42:33.292294","100","101521","172.26.191.172","5000","6.211654000","48","1","48192","6.268222000"
"2523","14:42:33.292304","100","101569","172.26.191.172","5000","6.211664000","48","1","48192","6.268232000"
"2524","14:42:33.292306","100","101617","172.26.191.172","5000","6.211666000","48","1","48192","6.268234000"
"2525","14:42:33.292313","100","101665","172.26.191.172","5000","6.211673000","48","1","48192","6.268241000"
"2526","14:42:33.292314","100","101713","172.26.191.172","5000","6.211674000","48","1","48192","6.268242000"
"2527","14:42:33.292326","52","1","100.64.0.5","48192","6.211686000","0","100513","5000","6.268254000"
"2528","14:42:33.292352","100","101761","172.26.191.172","5000","6.211712000","48","1","48192","6.268280000"
"2529","14:42:33.292354","100","101809","172.26.191.172","5000","6.211714000","48","1","48192","6.268282000"
"2530","14:42:33.292360","100","101857","172.26.191.172","5000","6.211720000","48","1","48192","6.268288000"
"2531","14:42:33.292362","100","101905","172.26.191.172","5000","6.211722000","48","1","48192","6.268290000"
"2532","14:42:33.292378","52","1","100.64.0.5","48192","6.211738000","0","100801","5000","6.268306000"
"2533","14:42:33.292391","100","101953","172.26.191.172","5000","6.211751000","48","1","48192","6.268319000"
"2534","14:42:33.292392","100","102001","172.26.191.172","5000","6.211752000","48","1","48192","6.268320000"
"2535","14:42:33.292399","100","102049","172.26.191.172","5000","6.211759000","48","1","48192","6.268327000"
"2536","14:42:33.292400","100","102097","172.26.191.172","5000","6.211760000","48","1","48192","6.268328000"
"2537","14:42:33.292407","100","102145","172.26.191.172","5000","6.211767000","48","1","48192","6.268335000"
"2538","14:42:33.292408","100","102193","172.26.191.172","5000","6.211768000","48","1","48192","6.268336000"
"2539","14:42:33.322032","52","1","100.64.0.5","48192","6.241392000","0","101089","5000","6.297960000"
"2540","14:42:33.322071","100","102241","172.26.191.172","5000","6.241431000","48","1","48192","6.297999000"
"2541","14:42:33.322080","100","102289","172.26.191.172","5000","6.241440000","48","1","48192","6.298008000"
"2542","14:42:33.322091","100","102337","172.26.191.172","5000","6.241451000","48","1","48192","6.298019000"
"2543","14:42:33.322092","100","102385","172.26.191.172","5000","6.241452000","48","1","48192","6.298020000"
"2544","14:42:33.322099","100","102433","172.26.191.172","5000","6.241459000","48","1","48192","6.298027000"
"2545","14:42:33.322100","100","102481","172.26.191.172","5000","6.241460000","48","1","48192","6.298028000"
"2546","14:42:33.352329","52","1","100.64.0.5","48192","6.271689000","0","101377","5000","6.328257000"
"2547","14:42:33.352383","100","102529","172.26.191.172","5000","6.271743000","48","1","48192","6.328311000"
"2548","14:42:33.352392","100","102577","172.26.191.172","5000","6.271752000","48","1","48192","6.328320000"
"2549","14:42:33.352403","100","102625","172.26.191.172","5000","6.271763000","48","1","48192","6.328331000"
"2550","14:42:33.352404","100","102673","172.26.191.172","5000","6.271764000","48","1","48192","6.328332000"
"2551","14:42:33.352412","100","102721","172.26.191.172","5000","6.271772000","48","1","48192","6.328340000"
"2552","14:42:33.352413","100","102769","172.26.191.172","5000","6.271773000","48","1","48192","6.328341000"
"2553","14:42:33.352436","52","1","100.64.0.5","48192","6.271796000","0","101473","5000","6.328364000"
"2554","14:42:33.352447","100","102817","172.26.191.172","5000","6.271807000","48","1","48192","6.328375000"
"2555","14:42:33.352448","100","102865","172.26.191.172","5000","6.271808000","48","1","48192","6.328376000"
"2556","14:42:33.383249","52","1","100.64.0.5","48192","6.302609000","0","101761","5000","6.359177000"
"2557","14:42:33.383303","100","102913","172.26.191.172","5000","6.302663000","48","1","48192","6.359231000"
"2558","14:42:33.383316","100","102961","172.26.191.172","5000","6.302676000","48","1","48192","6.359244000"
"2559","14:42:33.383334","100","103009","172.26.191.172","5000","6.302694000","48","1","48192","6.359262000"
"2560","14:42:33.383336","100","103057","172.26.191.172","5000","6.302696000","48","1","48192","6.359264000"
"2561","14:42:33.383345","100","103105","172.26.191.172","5000","6.302705000","48","1","48192","6.359273000"
"2562","14:42:33.383347","100","103153","172.26.191.172","5000","6.302707000","48","1","48192","6.359275000"
"2563","14:42:33.383368","52","1","100.64.0.5","48192","6.302728000","0","101905","5000","6.359296000"
"2564","14:42:33.383385","100","103201","172.26.191.172","5000","6.302745000","48","1","48192","6.359313000"
"2565","14:42:33.383387","100","103249","172.26.191.172","5000","6.302747000","48","1","48192","6.359315000"
"2566","14:42:33.383399","100","103297","172.26.191.172","5000","6.302759000","48","1","48192","6.359327000"
"2567","14:42:33.383401","100","103345","172.26.191.172","5000","6.302761000","48","1","48192","6.359329000"
"2568","14:42:33.383413","52","1","100.64.0.5","48192","6.302773000","0","102145","5000","6.359341000"
"2569","14:42:33.383431","100","103393","172.26.191.172","5000","6.302791000","48","1","48192","6.359359000"
"2570","14:42:33.383433","100","103441","172.26.191.172","5000","6.302793000","48","1","48192","6.359361000"
"2571","14:42:33.383442","100","103489","172.26.191.172","5000","6.302802000","48","1","48192","6.359370000"
"2572","14:42:33.383444","100","103537","172.26.191.172","5000","6.302804000","48","1","48192","6.359372000"
"2573","14:42:33.413304","52","1","100.64.0.5","48192","6.332664000","0","102289","5000","6.389232000"
"2574","14:42:33.413338","100","103585","172.26.191.172","5000","6.332698000","48","1","48192","6.389266000"
"2575","14:42:33.413346","100","103633","172.26.191.172","5000","6.332706000","48","1","48192","6.389274000"
"2576","14:42:33.413357","100","103681","172.26.191.172","5000","6.332717000","48","1","48192","6.389285000"
"2577","14:42:33.413359","100","103729","172.26.191.172","5000","6.332719000","48","1","48192","6.389287000"
"2578","14:42:33.413370","52","1","100.64.0.5","48192","6.332730000","0","102529","5000","6.389298000"
"2579","14:42:33.413382","100","103777","172.26.191.172","5000","6.332742000","48","1","48192","6.389310000"
"2580","14:42:33.413384","100","103825","172.26.191.172","5000","6.332744000","48","1","48192","6.389312000"
"2581","14:42:33.413391","100","103873","172.26.191.172","5000","6.332751000","48","1","48192","6.389319000"
"2582","14:42:33.413392","100","103921","172.26.191.172","5000","6.332752000","48","1","48192","6.389320000"
"2583","14:42:33.443431","52","1","100.64.0.5","48192","6.362791000","0","102817","5000","6.419359000"
"2584","14:42:33.443471","100","103969","172.26.191.172","5000","6.362831000","48","1","48192","6.419399000"
"2585","14:42:33.443480","100","104017","172.26.191.172","5000","6.362840000","48","1","48192","6.419408000"
"2586","14:42:33.443490","100","104065","172.26.191.172","5000","6.362850000","48","1","48192","6.419418000"
"2587","14:42:33.443492","100","104113","172.26.191.172","5000","6.362852000","48","1","48192","6.419420000"
"2588","14:42:33.443498","100","104161","172.26.191.172","5000","6.362858000","48","1","48192","6.419426000"
"2589","14:42:33.443499","100","104209","172.26.191.172","5000","6.362859000","48","1","48192","6.419427000"
"2590","14:42:33.443510","52","1","100.64.0.5","48192","6.362870000","0","102913","5000","6.419438000"
"2591","14:42:33.443521","100","104257","172.26.191.172","5000","6.362881000","48","1","48192","6.419449000"
"2592","14:42:33.443522","100","104305","172.26.191.172","5000","6.362882000","48","1","48192","6.419450000"
"2593","14:42:33.473191","52","1","100.64.0.5","48192","6.392551000","0","103201","5000","6.449119000"
"2594","14:42:33.473226","100","104353","172.26.191.172","5000","6.392586000","48","1","48192","6.449154000"
"2595","14:42:33.473234","100","104401","172.26.191.172","5000","6.392594000","48","1","48192","6.449162000"
"2596","14:42:33.473244","100","104449","172.26.191.172","5000","6.392604000","48","1","48192","6.449172000"
"2597","14:42:33.473246","100","104497","172.26.191.172","5000","6.392606000","48","1","48192","6.449174000"
"2598","14:42:33.473251","100","104545","172.26.191.172","5000","6.392611000","48","1","48192","6.449179000"
"2599","14:42:33.473253","100","104593","172.26.191.172","5000","6.392613000","48","1","48192","6.449181000"
"2600","14:42:33.474415","52","1","100.64.0.5","48192","6.393775000","0","103345","5000","6.450343000"
"2601","14:42:33.474441","100","104641","172.26.191.172","5000","6.393801000","48","1","48192","6.450369000"
"2602","14:42:33.474448","100","104689","172.26.191.172","5000","6.393808000","48","1","48192","6.450376000"
"2603","14:42:33.474458","100","104737","172.26.191.172","5000","6.393818000","48","1","48192","6.450386000"
"2604","14:42:33.474460","100","104785","172.26.191.172","5000","6.393820000","48","1","48192","6.450388000"
"2605","14:42:33.474471","52","1","100.64.0.5","48192","6.393831000","0","103585","5000","6.450399000"
"2606","14:42:33.474484","100","104833","172.26.191.172","5000","6.393844000","48","1","48192","6.450412000"
"2607","14:42:33.474486","100","104881","172.26.191.172","5000","6.393846000","48","1","48192","6.450414000"
"2608","14:42:33.474492","100","104929","172.26.191.172","5000","6.393852000","48","1","48192","6.450420000"
"2609","14:42:33.474494","100","104977","172.26.191.172","5000","6.393854000","48","1","48192","6.450422000"
"2610","14:42:33.474500","100","105025","172.26.191.172","5000","6.393860000","48","1","48192","6.450428000"
"2611","14:42:33.474501","100","105073","172.26.191.172","5000","6.393861000","48","1","48192","6.450429000"
"2612","14:42:33.504232","52","1","100.64.0.5","48192","6.423592000","0","103633","5000","6.480160000"
"2613","14:42:33.504265","100","105121","172.26.191.172","5000","6.423625000","48","1","48192","6.480193000"
"2614","14:42:33.504287","52","1","100.64.0.5","48192","6.423647000","0","103921","5000","6.480215000"
"2615","14:42:33.504303","100","105169","172.26.191.172","5000","6.423663000","48","1","48192","6.480231000"
"2616","14:42:33.504305","100","105217","172.26.191.172","5000","6.423665000","48","1","48192","6.480233000"
"2617","14:42:33.504314","100","105265","172.26.191.172","5000","6.423674000","48","1","48192","6.480242000"
"2618","14:42:33.504315","100","105313","172.26.191.172","5000","6.423675000","48","1","48192","6.480243000"
"2619","14:42:33.504321","100","105361","172.26.191.172","5000","6.423681000","48","1","48192","6.480249000"
"2620","14:42:33.504323","100","105409","172.26.191.172","5000","6.423683000","48","1","48192","6.480251000"
"2621","14:42:33.504329","52","1","100.64.0.5","48192","6.423689000","0","103969","5000","6.480257000"
"2622","14:42:33.534539","52","1","100.64.0.5","48192","6.453899000","0","104257","5000","6.510467000"
"2623","14:42:33.534579","100","105457","172.26.191.172","5000","6.453939000","48","1","48192","6.510507000"
"2624","14:42:33.534588","100","105505","172.26.191.172","5000","6.453948000","48","1","48192","6.510516000"
"2625","14:42:33.534599","100","105553","172.26.191.172","5000","6.453959000","48","1","48192","6.510527000"
"2626","14:42:33.534601","100","105601","172.26.191.172","5000","6.453961000","48","1","48192","6.510529000"
"2627","14:42:33.534607","100","105649","172.26.191.172","5000","6.453967000","48","1","48192","6.510535000"
"2628","14:42:33.534608","100","105697","172.26.191.172","5000","6.453968000","48","1","48192","6.510536000"
"2629","14:42:33.534619","52","1","100.64.0.5","48192","6.453979000","0","104353","5000","6.510547000"
"2630","14:42:33.534630","100","105745","172.26.191.172","5000","6.453990000","48","1","48192","6.510558000"
"2631","14:42:33.534632","100","105793","172.26.191.172","5000","6.453992000","48","1","48192","6.510560000"
"2632","14:42:33.563767","52","1","100.64.0.5","48192","6.483127000","0","104641","5000","6.539695000"
"2633","14:42:33.563806","100","105841","172.26.191.172","5000","6.483166000","48","1","48192","6.539734000"
"2634","14:42:33.563817","100","105889","172.26.191.172","5000","6.483177000","48","1","48192","6.539745000"
"2635","14:42:33.563828","100","105937","172.26.191.172","5000","6.483188000","48","1","48192","6.539756000"
"2636","14:42:33.563829","100","105985","172.26.191.172","5000","6.483189000","48","1","48192","6.539757000"
"2637","14:42:33.563836","100","106033","172.26.191.172","5000","6.483196000","48","1","48192","6.539764000"
"2638","14:42:33.563837","100","106081","172.26.191.172","5000","6.483197000","48","1","48192","6.539765000"
"2639","14:42:33.563849","52","1","100.64.0.5","48192","6.483209000","0","104785","5000","6.539777000"
"2640","14:42:33.563860","100","106129","172.26.191.172","5000","6.483220000","48","1","48192","6.539788000"
"2641","14:42:33.563861","100","106177","172.26.191.172","5000","6.483221000","48","1","48192","6.539789000"
"2642","14:42:33.563868","100","106225","172.26.191.172","5000","6.483228000","48","1","48192","6.539796000"
"2643","14:42:33.563869","100","106273","172.26.191.172","5000","6.483229000","48","1","48192","6.539797000"
"2644","14:42:33.563876","52","1","100.64.0.5","48192","6.483236000","0","105025","5000","6.539804000"
"2645","14:42:33.563887","100","106321","172.26.191.172","5000","6.483247000","48","1","48192","6.539815000"
"2646","14:42:33.563888","100","106369","172.26.191.172","5000","6.483248000","48","1","48192","6.539816000"
"2647","14:42:33.563896","100","106417","172.26.191.172","5000","6.483256000","48","1","48192","6.539824000"
"2648","14:42:33.563897","100","106465","172.26.191.172","5000","6.483257000","48","1","48192","6.539825000"
"2649","14:42:33.563904","100","106513","172.26.191.172","5000","6.483264000","48","1","48192","6.539832000"
"2650","14:42:33.563905","100","106561","172.26.191.172","5000","6.483265000","48","1","48192","6.539833000"
"2651","14:42:33.595303","52","1","100.64.0.5","48192","6.514663000","0","105361","5000","6.571231000"
"2652","14:42:33.595343","100","106609","172.26.191.172","5000","6.514703000","48","1","48192","6.571271000"
"2653","14:42:33.595352","100","106657","172.26.191.172","5000","6.514712000","48","1","48192","6.571280000"
"2654","14:42:33.595363","100","106705","172.26.191.172","5000","6.514723000","48","1","48192","6.571291000"
"2655","14:42:33.595364","100","106753","172.26.191.172","5000","6.514724000","48","1","48192","6.571292000"
"2656","14:42:33.595370","100","106801","172.26.191.172","5000","6.514730000","48","1","48192","6.571298000"
"2657","14:42:33.595372","100","106849","172.26.191.172","5000","6.514732000","48","1","48192","6.571300000"
"2658","14:42:33.595384","52","1","100.64.0.5","48192","6.514744000","0","105457","5000","6.571312000"
"2659","14:42:33.595393","100","106897","172.26.191.172","5000","6.514753000","48","1","48192","6.571321000"
"2660","14:42:33.595395","100","106945","172.26.191.172","5000","6.514755000","48","1","48192","6.571323000"
"2661","14:42:33.625339","52","1","100.64.0.5","48192","6.544699000","0","105745","5000","6.601267000"
"2662","14:42:33.625355","100","106993","172.26.191.172","5000","6.544715000","48","1","48192","6.601283000"
"2663","14:42:33.625358","100","107041","172.26.191.172","5000","6.544718000","48","1","48192","6.601286000"
"2664","14:42:33.625363","100","107089","172.26.191.172","5000","6.544723000","48","1","48192","6.601291000"
"2665","14:42:33.625363","100","107137","172.26.191.172","5000","6.544723000","48","1","48192","6.601291000"
"2666","14:42:33.625365","100","107185","172.26.191.172","5000","6.544725000","48","1","48192","6.601293000"
"2667","14:42:33.625366","100","107233","172.26.191.172","5000","6.544726000","48","1","48192","6.601294000"
"2668","14:42:33.625370","52","1","100.64.0.5","48192","6.544730000","0","106033","5000","6.601298000"
"2669","14:42:33.625374","100","107281","172.26.191.172","5000","6.544734000","48","1","48192","6.601302000"
"2670","14:42:33.625375","100","107329","172.26.191.172","5000","6.544735000","48","1","48192","6.601303000"
"2671","14:42:33.625377","100","107377","172.26.191.172","5000","6.544737000","48","1","48192","6.601305000"
"2672","14:42:33.625378","100","107425","172.26.191.172","5000","6.544738000","48","1","48192","6.601306000"
"2673","14:42:33.625380","100","107473","172.26.191.172","5000","6.544740000","48","1","48192","6.601308000"
"2674","14:42:33.625380","100","107521","172.26.191.172","5000","6.544740000","48","1","48192","6.601308000"
"2675","14:42:33.625383","52","1","100.64.0.5","48192","6.544743000","0","106129","5000","6.601311000"
"2676","14:42:33.625386","100","107569","172.26.191.172","5000","6.544746000","48","1","48192","6.601314000"
"2677","14:42:33.625387","100","107617","172.26.191.172","5000","6.544747000","48","1","48192","6.601315000"
"2678","14:42:33.655119","64","1","100.64.0.5","48192","6.574479000","0","106369","5000","6.631047000"
"2679","14:42:33.655136","100","107665","172.26.191.172","5000","6.574496000","48","1","48192","6.631064000"
"2680","14:42:33.655139","100","107713","172.26.191.172","5000","6.574499000","48","1","48192","6.631067000"
"2681","14:42:33.655142","100","107761","172.26.191.172","5000","6.574502000","48","1","48192","6.631070000"
"2682","14:42:33.655143","100","107809","172.26.191.172","5000","6.574503000","48","1","48192","6.631071000"
"2683","14:42:33.655145","100","107857","172.26.191.172","5000","6.574505000","48","1","48192","6.631073000"
"2684","14:42:33.655145","100","107905","172.26.191.172","5000","6.574505000","48","1","48192","6.631073000"
"2685","14:42:33.655148","100","107953","172.26.191.172","5000","6.574508000","48","1","48192","6.631076000"
"2686","14:42:33.655148","100","108001","172.26.191.172","5000","6.574508000","48","1","48192","6.631076000"
"2687","14:42:33.655152","64","1","100.64.0.5","48192","6.574512000","0","106369","5000","6.631080000"
"2688","14:42:33.655156","100","106369","172.26.191.172","5000","6.574516000","48","1","48192","6.631084000"
"2689","14:42:33.655158","64","1","100.64.0.5","48192","6.574518000","0","106369","5000","6.631086000"
"2690","14:42:33.686229","64","1","100.64.0.5","48192","6.605589000","0","106369","5000","6.662157000"
"2691","14:42:33.686246","100","108049","172.26.191.172","5000","6.605606000","48","1","48192","6.662174000"
"2692","14:42:33.686254","64","1","100.64.0.5","48192","6.605614000","0","106369","5000","6.662182000"
"2693","14:42:33.686257","100","108097","172.26.191.172","5000","6.605617000","48","1","48192","6.662185000"
"2694","14:42:33.686259","64","1","100.64.0.5","48192","6.605619000","0","106369","5000","6.662187000"
"2695","14:42:33.686261","100","108145","172.26.191.172","5000","6.605621000","48","1","48192","6.662189000"
"2696","14:42:33.686263","64","1","100.64.0.5","48192","6.605623000","0","106369","5000","6.662191000"
"2697","14:42:33.686265","100","108193","172.26.191.172","5000","6.605625000","48","1","48192","6.662193000"
"2698","14:42:33.715598","64","1","100.64.0.5","48192","6.634958000","0","106369","5000","6.691526000"
"2699","14:42:33.715619","100","108241","172.26.191.172","5000","6.634979000","48","1","48192","6.691547000"
"2700","14:42:33.715630","64","1","100.64.0.5","48192","6.634990000","0","106369","5000","6.691558000"
"2701","14:42:33.715635","100","108289","172.26.191.172","5000","6.634995000","48","1","48192","6.691563000"
"2702","14:42:33.715638","64","1","100.64.0.5","48192","6.634998000","0","106369","5000","6.691566000"
"2703","14:42:33.715641","100","108337","172.26.191.172","5000","6.635001000","48","1","48192","6.691569000"
"2704","14:42:33.715644","64","1","100.64.0.5","48192","6.635004000","0","106369","5000","6.691572000"
"2705","14:42:33.715647","100","108385","172.26.191.172","5000","6.635007000","48","1","48192","6.691575000"
"2706","14:42:33.715650","64","1","100.64.0.5","48192","6.635010000","0","106369","5000","6.691578000"
"2707","14:42:33.715652","100","108433","172.26.191.172","5000","6.635012000","48","1","48192","6.691580000"
"2708","14:42:33.715655","64","1","100.64.0.5","48192","6.635015000","0","106369","5000","6.691583000"
"2709","14:42:33.715658","100","108481","172.26.191.172","5000","6.635018000","48","1","48192","6.691586000"
"2710","14:42:33.715661","64","1","100.64.0.5","48192","6.635021000","0","106369","5000","6.691589000"
"2711","14:42:33.715664","100","108529","172.26.191.172","5000","6.635024000","48","1","48192","6.691592000"
"2712","14:42:33.746358","64","1","100.64.0.5","48192","6.665718000","0","106369","5000","6.722286000"
"2713","14:42:33.746397","100","108577","172.26.191.172","5000","6.665757000","48","1","48192","6.722325000"
"2714","14:42:33.746421","64","1","100.64.0.5","48192","6.665781000","0","106369","5000","6.722349000"
"2715","14:42:33.746431","100","108625","172.26.191.172","5000","6.665791000","48","1","48192","6.722359000"
"2716","14:42:33.746437","64","1","100.64.0.5","48192","6.665797000","0","106369","5000","6.722365000"
"2717","14:42:33.746447","64","1","100.64.0.5","48192","6.665807000","0","106369","5000","6.722375000"
"2718","14:42:33.746460","100","108673","172.26.191.172","5000","6.665820000","48","1","48192","6.722388000"
"2719","14:42:33.746462","100","108721","172.26.191.172","5000","6.665822000","48","1","48192","6.722390000"
"2720","14:42:33.746468","52","1","100.64.0.5","48192","6.665828000","0","108049","5000","6.722396000"
"2721","14:42:33.776646","52","1","100.64.0.5","48192","6.696006000","0","108241","5000","6.752574000"
"2722","14:42:33.776688","100","108769","172.26.191.172","5000","6.696048000","48","1","48192","6.752616000"
"2723","14:42:33.776697","100","108817","172.26.191.172","5000","6.696057000","48","1","48192","6.752625000"
"2724","14:42:33.776708","100","108865","172.26.191.172","5000","6.696068000","48","1","48192","6.752636000"
"2725","14:42:33.776710","100","108913","172.26.191.172","5000","6.696070000","48","1","48192","6.752638000"
"2726","14:42:33.806912","52","1","100.64.0.5","48192","6.726272000","0","108433","5000","6.782840000"
"2727","14:42:33.806953","100","108961","172.26.191.172","5000","6.726313000","48","1","48192","6.782881000"
"2728","14:42:33.806962","100","109009","172.26.191.172","5000","6.726322000","48","1","48192","6.782890000"
"2729","14:42:33.806973","100","109057","172.26.191.172","5000","6.726333000","48","1","48192","6.782901000"
"2730","14:42:33.806975","100","109105","172.26.191.172","5000","6.726335000","48","1","48192","6.782903000"
"2731","14:42:33.806986","52","1","100.64.0.5","48192","6.726346000","0","108577","5000","6.782914000"
"2732","14:42:33.806996","100","109153","172.26.191.172","5000","6.726356000","48","1","48192","6.782924000"
"2733","14:42:33.806998","100","109201","172.26.191.172","5000","6.726358000","48","1","48192","6.782926000"
"2734","14:42:33.807005","100","109249","172.26.191.172","5000","6.726365000","48","1","48192","6.782933000"
"2735","14:42:33.807006","100","109297","172.26.191.172","5000","6.726366000","48","1","48192","6.782934000"
"2736","14:42:33.836906","52","1","100.64.0.5","48192","6.756266000","0","108769","5000","6.812834000"
"2737","14:42:33.836946","100","109345","172.26.191.172","5000","6.756306000","48","1","48192","6.812874000"
"2738","14:42:33.836954","100","109393","172.26.191.172","5000","6.756314000","48","1","48192","6.812882000"
"2739","14:42:33.836966","100","109441","172.26.191.172","5000","6.756326000","48","1","48192","6.812894000"
"2740","14:42:33.836967","100","109489","172.26.191.172","5000","6.756327000","48","1","48192","6.812895000"
"2741","14:42:33.868659","52","1","100.64.0.5","48192","6.788019000","0","108961","5000","6.844587000"
"2742","14:42:33.868696","100","109537","172.26.191.172","5000","6.788056000","48","1","48192","6.844624000"
"2743","14:42:33.868705","100","109585","172.26.191.172","5000","6.788065000","48","1","48192","6.844633000"
"2744","14:42:33.868716","100","109633","172.26.191.172","5000","6.788076000","48","1","48192","6.844644000"
"2745","14:42:33.868717","100","109681","172.26.191.172","5000","6.788077000","48","1","48192","6.844645000"
"2746","14:42:33.898463","52","1","100.64.0.5","48192","6.817823000","0","109249","5000","6.874391000"
"2747","14:42:33.898502","100","109729","172.26.191.172","5000","6.817862000","48","1","48192","6.874430000"
"2748","14:42:33.898511","100","109777","172.26.191.172","5000","6.817871000","48","1","48192","6.874439000"
"2749","14:42:33.898522","100","109825","172.26.191.172","5000","6.817882000","48","1","48192","6.874450000"
"2750","14:42:33.898523","100","109873","172.26.191.172","5000","6.817883000","48","1","48192","6.874451000"
"2751","14:42:33.898529","100","109921","172.26.191.172","5000","6.817889000","48","1","48192","6.874457000"
"2752","14:42:33.898531","100","109969","172.26.191.172","5000","6.817891000","48","1","48192","6.874459000"
"2753","14:42:33.898542","52","1","100.64.0.5","48192","6.817902000","0","109345","5000","6.874470000"
"2754","14:42:33.898551","100","110017","172.26.191.172","5000","6.817911000","48","1","48192","6.874479000"
"2755","14:42:33.898553","100","110065","172.26.191.172","5000","6.817913000","48","1","48192","6.874481000"
"2756","14:42:33.928190","52","1","100.64.0.5","48192","6.847550000","0","109537","5000","6.904118000"
"2757","14:42:33.928229","100","110113","172.26.191.172","5000","6.847589000","48","1","48192","6.904157000"
"2758","14:42:33.928238","100","110161","172.26.191.172","5000","6.847598000","48","1","48192","6.904166000"
"2759","14:42:33.928250","100","110209","172.26.191.172","5000","6.847610000","48","1","48192","6.904178000"
"2760","14:42:33.928251","100","110257","172.26.191.172","5000","6.847611000","48","1","48192","6.904179000"
"2761","14:42:33.958691","52","1","100.64.0.5","48192","6.878051000","0","109729","5000","6.934619000"
"2762","14:42:33.958730","100","110305","172.26.191.172","5000","6.878090000","48","1","48192","6.934658000"
"2763","14:42:33.958739","100","110353","172.26.191.172","5000","6.878099000","48","1","48192","6.934667000"
"2764","14:42:33.958749","100","110401","172.26.191.172","5000","6.878109000","48","1","48192","6.934677000"
"2765","14:42:33.958751","100","110449","172.26.191.172","5000","6.878111000","48","1","48192","6.934679000"
"2766","14:42:33.958757","100","110497","172.26.191.172","5000","6.878117000","48","1","48192","6.934685000"
"2767","14:42:33.958759","100","110545","172.26.191.172","5000","6.878119000","48","1","48192","6.934687000"
"2768","14:42:33.989454","52","1","100.64.0.5","48192","6.908814000","0","110017","5000","6.965382000"
"2769","14:42:33.989494","100","110593","172.26.191.172","5000","6.908854000","48","1","48192","6.965422000"
"2770","14:42:33.989502","100","110641","172.26.191.172","5000","6.908862000","48","1","48192","6.965430000"
"2771","14:42:33.989514","100","110689","172.26.191.172","5000","6.908874000","48","1","48192","6.965442000"
"2772","14:42:33.989515","100","110737","172.26.191.172","5000","6.908875000","48","1","48192","6.965443000"
"2773","14:42:33.989521","100","110785","172.26.191.172","5000","6.908881000","48","1","48192","6.965449000"
"2774","14:42:33.989523","100","110833","172.26.191.172","5000","6.908883000","48","1","48192","6.965451000"
"2775","14:42:33.989534","52","1","100.64.0.5","48192","6.908894000","0","110113","5000","6.965462000"
"2776","14:42:33.989543","100","110881","172.26.191.172","5000","6.908903000","48","1","48192","6.965471000"
"2777","14:42:33.989545","100","110929","172.26.191.172","5000","6.908905000","48","1","48192","6.965473000"
"2778","14:42:34.018973","52","1","100.64.0.5","48192","6.938333000","0","110305","5000","6.994901000"
"2779","14:42:34.019014","100","110977","172.26.191.172","5000","6.938374000","48","1","48192","6.994942000"
"2780","14:42:34.019027","100","111025","172.26.191.172","5000","6.938387000","48","1","48192","6.994955000"
"2781","14:42:34.019039","100","111073","172.26.191.172","5000","6.938399000","48","1","48192","6.994967000"
"2782","14:42:34.019041","100","111121","172.26.191.172","5000","6.938401000","48","1","48192","6.994969000"
"2783","14:42:34.049517","52","1","100.64.0.5","48192","6.968877000","0","110593","5000","7.025445000"
"2784","14:42:34.049555","100","111169","172.26.191.172","5000","6.968915000","48","1","48192","7.025483000"
"2785","14:42:34.049568","100","111217","172.26.191.172","5000","6.968928000","48","1","48192","7.025496000"
"2786","14:42:34.049579","100","111265","172.26.191.172","5000","6.968939000","48","1","48192","7.025507000"
"2787","14:42:34.049580","100","111313","172.26.191.172","5000","6.968940000","48","1","48192","7.025508000"
"2788","14:42:34.049587","100","111361","172.26.191.172","5000","6.968947000","48","1","48192","7.025515000"
"2789","14:42:34.049588","100","111409","172.26.191.172","5000","6.968948000","48","1","48192","7.025516000"
"2790","14:42:34.079776","52","1","100.64.0.5","48192","6.999136000","0","110881","5000","7.055704000"
"2791","14:42:34.079814","100","111457","172.26.191.172","5000","6.999174000","48","1","48192","7.055742000"
"2792","14:42:34.079823","100","111505","172.26.191.172","5000","6.999183000","48","1","48192","7.055751000"
"2793","14:42:34.079834","100","111553","172.26.191.172","5000","6.999194000","48","1","48192","7.055762000"
"2794","14:42:34.079835","100","111601","172.26.191.172","5000","6.999195000","48","1","48192","7.055763000"
"2795","14:42:34.079842","100","111649","172.26.191.172","5000","6.999202000","48","1","48192","7.055770000"
"2796","14:42:34.079843","100","111697","172.26.191.172","5000","6.999203000","48","1","48192","7.055771000"
"2797","14:42:34.079854","52","1","100.64.0.5","48192","6.999214000","0","110977","5000","7.055782000"
"2798","14:42:34.079863","100","111745","172.26.191.172","5000","6.999223000","48","1","48192","7.055791000"
"2799","14:42:34.079865","100","111793","172.26.191.172","5000","6.999225000","48","1","48192","7.055793000"
"2800","14:42:34.110683","52","1","100.64.0.5","48192","7.030043000","0","111169","5000","7.086611000"
"2801","14:42:34.110721","100","111841","172.26.191.172","5000","7.030081000","48","1","48192","7.086649000"
"2802","14:42:34.110730","100","111889","172.26.191.172","5000","7.030090000","48","1","48192","7.086658000"
"2803","14:42:34.110741","100","111937","172.26.191.172","5000","7.030101000","48","1","48192","7.086669000"
"2804","14:42:34.110742","100","111985","172.26.191.172","5000","7.030102000","48","1","48192","7.086670000"
"2805","14:42:34.140160","52","1","100.64.0.5","48192","7.059520000","0","111457","5000","7.116088000"
"2806","14:42:34.140199","100","112033","172.26.191.172","5000","7.059559000","48","1","48192","7.116127000"
"2807","14:42:34.140208","100","112081","172.26.191.172","5000","7.059568000","48","1","48192","7.116136000"
"2808","14:42:34.140218","100","112129","172.26.191.172","5000","7.059578000","48","1","48192","7.116146000"
"2809","14:42:34.140219","100","112177","172.26.191.172","5000","7.059579000","48","1","48192","7.116147000"
"2810","14:42:34.140226","100","112225","172.26.191.172","5000","7.059586000","48","1","48192","7.116154000"
"2811","14:42:34.140227","100","112273","172.26.191.172","5000","7.059587000","48","1","48192","7.116155000"
"2812","14:42:34.140234","100","112321","172.26.191.172","5000","7.059594000","48","1","48192","7.116162000"
"2813","14:42:34.140235","100","112369","172.26.191.172","5000","7.059595000","48","1","48192","7.116163000"
"2814","14:42:34.171064","52","1","100.64.0.5","48192","7.090424000","0","111745","5000","7.146992000"
"2815","14:42:34.171101","100","112417","172.26.191.172","5000","7.090461000","48","1","48192","7.147029000"
"2816","14:42:34.171110","100","112465","172.26.191.172","5000","7.090470000","48","1","48192","7.147038000"
"2817","14:42:34.171120","100","112513","172.26.191.172","5000","7.090480000","48","1","48192","7.147048000"
"2818","14:42:34.171122","100","112561","172.26.191.172","5000","7.090482000","48","1","48192","7.147050000"
"2819","14:42:34.171128","100","112609","172.26.191.172","5000","7.090488000","48","1","48192","7.147056000"
"2820","14:42:34.171129","100","112657","172.26.191.172","5000","7.090489000","48","1","48192","7.147057000"
"2821","14:42:34.171140","52","1","100.64.0.5","48192","7.090500000","0","111841","5000","7.147068000"
"2822","14:42:34.171149","100","112705","172.26.191.172","5000","7.090509000","48","1","48192","7.147077000"
"2823","14:42:34.171151","100","112753","172.26.191.172","5000","7.090511000","48","1","48192","7.147079000"
"2824","14:42:34.201385","52","1","100.64.0.5","48192","7.120745000","0","112033","5000","7.177313000"
"2825","14:42:34.201424","100","112801","172.26.191.172","5000","7.120784000","48","1","48192","7.177352000"
"2826","14:42:34.201433","100","112849","172.26.191.172","5000","7.120793000","48","1","48192","7.177361000"
"2827","14:42:34.201443","100","112897","172.26.191.172","5000","7.120803000","48","1","48192","7.177371000"
"2828","14:42:34.201445","100","112945","172.26.191.172","5000","7.120805000","48","1","48192","7.177373000"
"2829","14:42:34.230646","52","1","100.64.0.5","48192","7.150006000","0","112321","5000","7.206574000"
"2830","14:42:34.230686","100","112993","172.26.191.172","5000","7.150046000","48","1","48192","7.206614000"
"2831","14:42:34.230697","100","113041","172.26.191.172","5000","7.150057000","48","1","48192","7.206625000"
"2832","14:42:34.230708","100","113089","172.26.191.172","5000","7.150068000","48","1","48192","7.206636000"
"2833","14:42:34.230710","100","113137","172.26.191.172","5000","7.150070000","48","1","48192","7.206638000"
"2834","14:42:34.230717","100","113185","172.26.191.172","5000","7.150077000","48","1","48192","7.206645000"
"2835","14:42:34.230719","100","113233","172.26.191.172","5000","7.150079000","48","1","48192","7.206647000"
"2836","14:42:34.230732","52","1","100.64.0.5","48192","7.150092000","0","112417","5000","7.206660000"
"2837","14:42:34.230741","100","113281","172.26.191.172","5000","7.150101000","48","1","48192","7.206669000"
"2838","14:42:34.230743","100","113329","172.26.191.172","5000","7.150103000","48","1","48192","7.206671000"
"2839","14:42:34.261431","52","1","100.64.0.5","48192","7.180791000","0","112705","5000","7.237359000"
"2840","14:42:34.261472","100","113377","172.26.191.172","5000","7.180832000","48","1","48192","7.237400000"
"2841","14:42:34.261481","100","113425","172.26.191.172","5000","7.180841000","48","1","48192","7.237409000"
"2842","14:42:34.261491","100","113473","172.26.191.172","5000","7.180851000","48","1","48192","7.237419000"
"2843","14:42:34.261492","100","113521","172.26.191.172","5000","7.180852000","48","1","48192","7.237420000"
"2844","14:42:34.261498","100","113569","172.26.191.172","5000","7.180858000","48","1","48192","7.237426000"
"2845","14:42:34.261500","100","113617","172.26.191.172","5000","7.180860000","48","1","48192","7.237428000"
"2846","14:42:34.261511","52","1","100.64.0.5","48192","7.180871000","0","112801","5000","7.237439000"
"2847","14:42:34.261520","100","113665","172.26.191.172","5000","7.180880000","48","1","48192","7.237448000"
"2848","14:42:34.261522","100","113713","172.26.191.172","5000","7.180882000","48","1","48192","7.237450000"
"2849","14:42:34.292101","52","1","100.64.0.5","48192","7.211461000","0","112993","5000","7.268029000"
"2850","14:42:34.292141","100","113761","172.26.191.172","5000","7.211501000","48","1","48192","7.268069000"
"2851","14:42:34.292150","100","113809","172.26.191.172","5000","7.211510000","48","1","48192","7.268078000"
"2852","14:42:34.292161","100","113857","172.26.191.172","5000","7.211521000","48","1","48192","7.268089000"
"2853","14:42:34.292162","100","113905","172.26.191.172","5000","7.211522000","48","1","48192","7.268090000"
"2854","14:42:34.321857","52","1","100.64.0.5","48192","7.241217000","0","113281","5000","7.297785000"
"2855","14:42:34.321896","100","113953","172.26.191.172","5000","7.241256000","48","1","48192","7.297824000"
"2856","14:42:34.321905","100","114001","172.26.191.172","5000","7.241265000","48","1","48192","7.297833000"
"2857","14:42:34.321915","100","114049","172.26.191.172","5000","7.241275000","48","1","48192","7.297843000"
"2858","14:42:34.321917","100","114097","172.26.191.172","5000","7.241277000","48","1","48192","7.297845000"
"2859","14:42:34.321923","100","114145","172.26.191.172","5000","7.241283000","48","1","48192","7.297851000"
"2860","14:42:34.321924","100","114193","172.26.191.172","5000","7.241284000","48","1","48192","7.297852000"
"2861","14:42:34.321936","52","1","100.64.0.5","48192","7.241296000","0","113377","5000","7.297864000"
"2862","14:42:34.321948","100","114241","172.26.191.172","5000","7.241308000","48","1","48192","7.297876000"
"2863","14:42:34.321950","100","114289","172.26.191.172","5000","7.241310000","48","1","48192","7.297878000"
"2864","14:42:34.321957","100","114337","172.26.191.172","5000","7.241317000","48","1","48192","7.297885000"
"2865","14:42:34.321958","100","114385","172.26.191.172","5000","7.241318000","48","1","48192","7.297886000"
"2866","14:42:34.352219","52","1","100.64.0.5","48192","7.271579000","0","113665","5000","7.328147000"
"2867","14:42:34.352259","100","114433","172.26.191.172","5000","7.271619000","48","1","48192","7.328187000"
"2868","14:42:34.352268","100","114481","172.26.191.172","5000","7.271628000","48","1","48192","7.328196000"
"2869","14:42:34.352279","100","114529","172.26.191.172","5000","7.271639000","48","1","48192","7.328207000"
"2870","14:42:34.352281","100","114577","172.26.191.172","5000","7.271641000","48","1","48192","7.328209000"
"2871","14:42:34.352288","100","114625","172.26.191.172","5000","7.271648000","48","1","48192","7.328216000"
"2872","14:42:34.352289","100","114673","172.26.191.172","5000","7.271649000","48","1","48192","7.328217000"
"2873","14:42:34.352300","52","1","100.64.0.5","48192","7.271660000","0","113761","5000","7.328228000"
"2874","14:42:34.352309","100","114721","172.26.191.172","5000","7.271669000","48","1","48192","7.328237000"
"2875","14:42:34.352311","100","114769","172.26.191.172","5000","7.271671000","48","1","48192","7.328239000"
"2876","14:42:34.383341","52","1","100.64.0.5","48192","7.302701000","0","113953","5000","7.359269000"
"2877","14:42:34.383380","100","114817","172.26.191.172","5000","7.302740000","48","1","48192","7.359308000"
"2878","14:42:34.383389","100","114865","172.26.191.172","5000","7.302749000","48","1","48192","7.359317000"
"2879","14:42:34.383400","100","114913","172.26.191.172","5000","7.302760000","48","1","48192","7.359328000"
"2880","14:42:34.383401","100","114961","172.26.191.172","5000","7.302761000","48","1","48192","7.359329000"
"2881","14:42:34.413623","52","1","100.64.0.5","48192","7.332983000","0","114001","5000","7.389551000"
"2882","14:42:34.413655","100","115009","172.26.191.172","5000","7.333015000","48","1","48192","7.389583000"
"2883","14:42:34.413676","52","1","100.64.0.5","48192","7.333036000","0","114337","5000","7.389604000"
"2884","14:42:34.413693","100","115057","172.26.191.172","5000","7.333053000","48","1","48192","7.389621000"
"2885","14:42:34.413695","100","115105","172.26.191.172","5000","7.333055000","48","1","48192","7.389623000"
"2886","14:42:34.413703","100","115153","172.26.191.172","5000","7.333063000","48","1","48192","7.389631000"
"2887","14:42:34.413704","100","115201","172.26.191.172","5000","7.333064000","48","1","48192","7.389632000"
"2888","14:42:34.413710","100","115249","172.26.191.172","5000","7.333070000","48","1","48192","7.389638000"
"2889","14:42:34.413711","100","115297","172.26.191.172","5000","7.333071000","48","1","48192","7.389639000"
"2890","14:42:34.413719","52","1","100.64.0.5","48192","7.333079000","0","114433","5000","7.389647000"
"2891","14:42:34.413727","100","115345","172.26.191.172","5000","7.333087000","48","1","48192","7.389655000"
"2892","14:42:34.413728","100","115393","172.26.191.172","5000","7.333088000","48","1","48192","7.389656000"
"2893","14:42:34.413735","100","115441","172.26.191.172","5000","7.333095000","48","1","48192","7.389663000"
"2894","14:42:34.413736","100","115489","172.26.191.172","5000","7.333096000","48","1","48192","7.389664000"
"2895","14:42:34.443389","52","1","100.64.0.5","48192","7.362749000","0","114721","5000","7.419317000"
"2896","14:42:34.443429","100","115537","172.26.191.172","5000","7.362789000","48","1","48192","7.419357000"
"2897","14:42:34.443438","100","115585","172.26.191.172","5000","7.362798000","48","1","48192","7.419366000"
"2898","14:42:34.443450","100","115633","172.26.191.172","5000","7.362810000","48","1","48192","7.419378000"
"2899","14:42:34.443451","100","115681","172.26.191.172","5000","7.362811000","48","1","48192","7.419379000"
"2900","14:42:34.443457","100","115729","172.26.191.172","5000","7.362817000","48","1","48192","7.419385000"
"2901","14:42:34.443458","100","115777","172.26.191.172","5000","7.362818000","48","1","48192","7.419386000"
"2902","14:42:34.443470","52","1","100.64.0.5","48192","7.362830000","0","114817","5000","7.419398000"
"2903","14:42:34.443480","100","115825","172.26.191.172","5000","7.362840000","48","1","48192","7.419408000"
"2904","14:42:34.443482","100","115873","172.26.191.172","5000","7.362842000","48","1","48192","7.419410000"
"2905","14:42:34.473975","52","1","100.64.0.5","48192","7.393335000","0","115009","5000","7.449903000"
"2906","14:42:34.474018","100","115921","172.26.191.172","5000","7.393378000","48","1","48192","7.449946000"
"2907","14:42:34.474028","100","115969","172.26.191.172","5000","7.393388000","48","1","48192","7.449956000"
"2908","14:42:34.474040","100","116017","172.26.191.172","5000","7.393400000","48","1","48192","7.449968000"
"2909","14:42:34.474041","100","116065","172.26.191.172","5000","7.393401000","48","1","48192","7.449969000"
"2910","14:42:34.504614","52","1","100.64.0.5","48192","7.423974000","0","115345","5000","7.480542000"
"2911","14:42:34.504654","100","116113","172.26.191.172","5000","7.424014000","48","1","48192","7.480582000"
"2912","14:42:34.504663","100","116161","172.26.191.172","5000","7.424023000","48","1","48192","7.480591000"
"2913","14:42:34.504674","100","116209","172.26.191.172","5000","7.424034000","48","1","48192","7.480602000"
"2914","14:42:34.504675","100","116257","172.26.191.172","5000","7.424035000","48","1","48192","7.480603000"
"2915","14:42:34.504682","100","116305","172.26.191.172","5000","7.424042000","48","1","48192","7.480610000"
"2916","14:42:34.504683","100","116353","172.26.191.172","5000","7.424043000","48","1","48192","7.480611000"
"2917","14:42:34.504695","52","1","100.64.0.5","48192","7.424055000","0","115537","5000","7.480623000"
"2918","14:42:34.504704","100","116401","172.26.191.172","5000","7.424064000","48","1","48192","7.480632000"
"2919","14:42:34.504705","100","116449","172.26.191.172","5000","7.424065000","48","1","48192","7.480633000"
"2920","14:42:34.504714","100","116497","172.26.191.172","5000","7.424074000","48","1","48192","7.480642000"
"2921","14:42:34.504715","100","116545","172.26.191.172","5000","7.424075000","48","1","48192","7.480643000"
"2922","14:42:34.504721","100","116593","172.26.191.172","5000","7.424081000","48","1","48192","7.480649000"
"2923","14:42:34.504722","100","116641","172.26.191.172","5000","7.424082000","48","1","48192","7.480650000"
"2924","14:42:34.534227","52","1","100.64.0.5","48192","7.453587000","0","115825","5000","7.510155000"
"2925","14:42:34.534271","100","116689","172.26.191.172","5000","7.453631000","48","1","48192","7.510199000"
"2926","14:42:34.534281","100","116737","172.26.191.172","5000","7.453641000","48","1","48192","7.510209000"
"2927","14:42:34.534293","100","116785","172.26.191.172","5000","7.453653000","48","1","48192","7.510221000"
"2928","14:42:34.534294","100","116833","172.26.191.172","5000","7.453654000","48","1","48192","7.510222000"
"2929","14:42:34.534301","100","116881","172.26.191.172","5000","7.453661000","48","1","48192","7.510229000"
"2930","14:42:34.534302","100","116929","172.26.191.172","5000","7.453662000","48","1","48192","7.510230000"
"2931","14:42:34.534315","52","1","100.64.0.5","48192","7.453675000","0","115921","5000","7.510243000"
"2932","14:42:34.534325","100","116977","172.26.191.172","5000","7.453685000","48","1","48192","7.510253000"
"2933","14:42:34.534327","100","117025","172.26.191.172","5000","7.453687000","48","1","48192","7.510255000"
"2934","14:42:34.563898","52","1","100.64.0.5","48192","7.483258000","0","116113","5000","7.539826000"
"2935","14:42:34.563938","100","117073","172.26.191.172","5000","7.483298000","48","1","48192","7.539866000"
"2936","14:42:34.563947","100","117121","172.26.191.172","5000","7.483307000","48","1","48192","7.539875000"
"2937","14:42:34.563958","100","117169","172.26.191.172","5000","7.483318000","48","1","48192","7.539886000"
"2938","14:42:34.563959","100","117217","172.26.191.172","5000","7.483319000","48","1","48192","7.539887000"
"2939","14:42:34.595585","52","1","100.64.0.5","48192","7.514945000","0","116401","5000","7.571513000"
"2940","14:42:34.595625","100","117265","172.26.191.172","5000","7.514985000","48","1","48192","7.571553000"
"2941","14:42:34.595634","100","117313","172.26.191.172","5000","7.514994000","48","1","48192","7.571562000"
"2942","14:42:34.595644","100","117361","172.26.191.172","5000","7.515004000","48","1","48192","7.571572000"
"2943","14:42:34.595646","100","117409","172.26.191.172","5000","7.515006000","48","1","48192","7.571574000"
"2944","14:42:34.595652","100","117457","172.26.191.172","5000","7.515012000","48","1","48192","7.571580000"
"2945","14:42:34.595654","100","117505","172.26.191.172","5000","7.515014000","48","1","48192","7.571582000"
"2946","14:42:34.595666","52","1","100.64.0.5","48192","7.515026000","0","116689","5000","7.571594000"
"2947","14:42:34.595679","100","117553","172.26.191.172","5000","7.515039000","48","1","48192","7.571607000"
"2948","14:42:34.595681","100","117601","172.26.191.172","5000","7.515041000","48","1","48192","7.571609000"
"2949","14:42:34.595687","100","117649","172.26.191.172","5000","7.515047000","48","1","48192","7.571615000"
"2950","14:42:34.595688","100","117697","172.26.191.172","5000","7.515048000","48","1","48192","7.571616000"
"2951","14:42:34.595694","100","117745","172.26.191.172","5000","7.515054000","48","1","48192","7.571622000"
"2952","14:42:34.595695","100","117793","172.26.191.172","5000","7.515055000","48","1","48192","7.571623000"
"2953","14:42:34.625219","52","1","100.64.0.5","48192","7.544579000","0","116977","5000","7.601147000"
"2954","14:42:34.625240","100","117841","172.26.191.172","5000","7.544600000","48","1","48192","7.601168000"
"2955","14:42:34.625244","100","117889","172.26.191.172","5000","7.544604000","48","1","48192","7.601172000"
"2956","14:42:34.625250","100","117937","172.26.191.172","5000","7.544610000","48","1","48192","7.601178000"
"2957","14:42:34.625251","100","117985","172.26.191.172","5000","7.544611000","48","1","48192","7.601179000"
"2958","14:42:34.625254","100","118033","172.26.191.172","5000","7.544614000","48","1","48192","7.601182000"
"2959","14:42:34.625255","100","118081","172.26.191.172","5000","7.544615000","48","1","48192","7.601183000"
"2960","14:42:34.625261","52","1","100.64.0.5","48192","7.544621000","0","117073","5000","7.601189000"
"2961","14:42:34.625266","100","118129","172.26.191.172","5000","7.544626000","48","1","48192","7.601194000"
"2962","14:42:34.625266","100","118177","172.26.191.172","5000","7.544626000","48","1","48192","7.601194000"
"2963","14:42:34.654967","52","1","100.64.0.5","48192","7.574327000","0","117265","5000","7.630895000"
"2964","14:42:34.654987","100","118225","172.26.191.172","5000","7.574347000","48","1","48192","7.630915000"
"2965","14:42:34.654991","100","118273","172.26.191.172","5000","7.574351000","48","1","48192","7.630919000"
"2966","14:42:34.654995","100","118321","172.26.191.172","5000","7.574355000","48","1","48192","7.630923000"
"2967","14:42:34.654996","100","118369","172.26.191.172","5000","7.574356000","48","1","48192","7.630924000"
"2968","14:42:34.686087","52","1","100.64.0.5","48192","7.605447000","0","117553","5000","7.662015000"
"2969","14:42:34.686136","100","118417","172.26.191.172","5000","7.605496000","48","1","48192","7.662064000"
"2970","14:42:34.686149","100","118465","172.26.191.172","5000","7.605509000","48","1","48192","7.662077000"
"2971","14:42:34.686164","100","118513","172.26.191.172","5000","7.605524000","48","1","48192","7.662092000"
"2972","14:42:34.686166","100","118561","172.26.191.172","5000","7.605526000","48","1","48192","7.662094000"
"2973","14:42:34.686174","100","118609","172.26.191.172","5000","7.605534000","48","1","48192","7.662102000"
"2974","14:42:34.686176","100","118657","172.26.191.172","5000","7.605536000","48","1","48192","7.662104000"
"2975","14:42:34.686192","52","1","100.64.0.5","48192","7.605552000","0","117841","5000","7.662120000"
"2976","14:42:34.686209","100","118705","172.26.191.172","5000","7.605569000","48","1","48192","7.662137000"
"2977","14:42:34.686211","100","118753","172.26.191.172","5000","7.605571000","48","1","48192","7.662139000"
"2978","14:42:34.686224","100","118801","172.26.191.172","5000","7.605584000","48","1","48192","7.662152000"
"2979","14:42:34.686226","100","118849","172.26.191.172","5000","7.605586000","48","1","48192","7.662154000"
"2980","14:42:34.686232","100","118897","172.26.191.172","5000","7.605592000","48","1","48192","7.662160000"
"2981","14:42:34.686233","100","118945","172.26.191.172","5000","7.605593000","48","1","48192","7.662161000"
"2982","14:42:34.686238","100","118993","172.26.191.172","5000","7.605598000","48","1","48192","7.662166000"
"2983","14:42:34.686239","100","119041","172.26.191.172","5000","7.605599000","48","1","48192","7.662167000"
"2984","14:42:34.715287","52","1","100.64.0.5","48192","7.634647000","0","118129","5000","7.691215000"
"2985","14:42:34.715327","100","119089","172.26.191.172","5000","7.634687000","48","1","48192","7.691255000"
"2986","14:42:34.715336","100","119137","172.26.191.172","5000","7.634696000","48","1","48192","7.691264000"
"2987","14:42:34.715347","100","119185","172.26.191.172","5000","7.634707000","48","1","48192","7.691275000"
"2988","14:42:34.715348","100","119233","172.26.191.172","5000","7.634708000","48","1","48192","7.691276000"
"2989","14:42:34.715356","100","119281","172.26.191.172","5000","7.634716000","48","1","48192","7.691284000"
"2990","14:42:34.715358","100","119329","172.26.191.172","5000","7.634718000","48","1","48192","7.691286000"
"2991","14:42:34.716588","52","1","100.64.0.5","48192","7.635948000","0","118225","5000","7.692516000"
"2992","14:42:34.716626","100","119377","172.26.191.172","5000","7.635986000","48","1","48192","7.692554000"
"2993","14:42:34.716635","100","119425","172.26.191.172","5000","7.635995000","48","1","48192","7.692563000"
"2994","14:42:34.745735","52","1","100.64.0.5","48192","7.665095000","0","118417","5000","7.721663000"
"2995","14:42:34.745773","100","119473","172.26.191.172","5000","7.665133000","48","1","48192","7.721701000"
"2996","14:42:34.745783","100","119521","172.26.191.172","5000","7.665143000","48","1","48192","7.721711000"
"2997","14:42:34.745795","100","119569","172.26.191.172","5000","7.665155000","48","1","48192","7.721723000"
"2998","14:42:34.745796","100","119617","172.26.191.172","5000","7.665156000","48","1","48192","7.721724000"
"2999","14:42:34.776710","52","1","100.64.0.5","48192","7.696070000","0","118657","5000","7.752638000"
"3000","14:42:34.776754","100","119665","172.26.191.172","5000","7.696114000","48","1","48192","7.752682000"
"3001","14:42:34.776764","100","119713","172.26.191.172","5000","7.696124000","48","1","48192","7.752692000"
"3002","14:42:34.776776","100","119761","172.26.191.172","5000","7.696136000","48","1","48192","7.752704000"
"3003","14:42:34.776777","100","119809","172.26.191.172","5000","7.696137000","48","1","48192","7.752705000"
"3004","14:42:34.776790","52","1","100.64.0.5","48192","7.696150000","0","118993","5000","7.752718000"
"3005","14:42:34.776804","100","119857","172.26.191.172","5000","7.696164000","48","1","48192","7.752732000"
"3006","14:42:34.776805","100","119905","172.26.191.172","5000","7.696165000","48","1","48192","7.752733000"
"3007","14:42:34.776813","100","119953","172.26.191.172","5000","7.696173000","48","1","48192","7.752741000"
"3008","14:42:34.776815","100","120001","172.26.191.172","5000","7.696175000","48","1","48192","7.752743000"
"3009","14:42:34.776821","100","120049","172.26.191.172","5000","7.696181000","48","1","48192","7.752749000"
"3010","14:42:34.776823","100","120097","172.26.191.172","5000","7.696183000","48","1","48192","7.752751000"
"3011","14:42:34.776831","100","120145","172.26.191.172","5000","7.696191000","48","1","48192","7.752759000"
"3012","14:42:34.776833","100","120193","172.26.191.172","5000","7.696193000","48","1","48192","7.752761000"
"3013","14:42:34.776840","52","1","100.64.0.5","48192","7.696200000","0","119089","5000","7.752768000"
"3014","14:42:34.776850","100","120241","172.26.191.172","5000","7.696210000","48","1","48192","7.752778000"
"3015","14:42:34.776852","100","120289","172.26.191.172","5000","7.696212000","48","1","48192","7.752780000"
"3016","14:42:34.807157","52","1","100.64.0.5","48192","7.726517000","0","119377","5000","7.783085000"
"3017","14:42:34.807178","100","120337","172.26.191.172","5000","7.726538000","48","1","48192","7.783106000"
"3018","14:42:34.807183","100","120385","172.26.191.172","5000","7.726543000","48","1","48192","7.783111000"
"3019","14:42:34.807188","100","120433","172.26.191.172","5000","7.726548000","48","1","48192","7.783116000"
"3020","14:42:34.807189","100","120481","172.26.191.172","5000","7.726549000","48","1","48192","7.783117000"
"3021","14:42:34.807192","100","120529","172.26.191.172","5000","7.726552000","48","1","48192","7.783120000"
"3022","14:42:34.807192","100","120577","172.26.191.172","5000","7.726552000","48","1","48192","7.783120000"
"3023","14:42:34.807198","52","1","100.64.0.5","48192","7.726558000","0","119473","5000","7.783126000"
"3024","14:42:34.807202","100","120625","172.26.191.172","5000","7.726562000","48","1","48192","7.783130000"
"3025","14:42:34.807203","100","120673","172.26.191.172","5000","7.726563000","48","1","48192","7.783131000"
"3026","14:42:34.837227","52","1","100.64.0.5","48192","7.756587000","0","119665","5000","7.813155000"
"3027","14:42:34.837266","100","120721","172.26.191.172","5000","7.756626000","48","1","48192","7.813194000"
"3028","14:42:34.837276","100","120769","172.26.191.172","5000","7.756636000","48","1","48192","7.813204000"
"3029","14:42:34.837288","100","120817","172.26.191.172","5000","7.756648000","48","1","48192","7.813216000"
"3030","14:42:34.837290","100","120865","172.26.191.172","5000","7.756650000","48","1","48192","7.813218000"
"3031","14:42:34.867841","52","1","100.64.0.5","48192","7.787201000","0","119953","5000","7.843769000"
"3032","14:42:34.867881","100","120913","172.26.191.172","5000","7.787241000","48","1","48192","7.843809000"
"3033","14:42:34.867890","100","120961","172.26.191.172","5000","7.787250000","48","1","48192","7.843818000"
"3034","14:42:34.867901","100","121009","172.26.191.172","5000","7.787261000","48","1","48192","7.843829000"
"3035","14:42:34.867903","100","121057","172.26.191.172","5000","7.787263000","48","1","48192","7.843831000"
"3036","14:42:34.867910","100","121105","172.26.191.172","5000","7.787270000","48","1","48192","7.843838000"
"3037","14:42:34.867912","100","121153","172.26.191.172","5000","7.787272000","48","1","48192","7.843840000"
"3038","14:42:34.867924","52","1","100.64.0.5","48192","7.787284000","0","120241","5000","7.843852000"
"3039","14:42:34.867934","100","121201","172.26.191.172","5000","7.787294000","48","1","48192","7.843862000"
"3040","14:42:34.867936","100","121249","172.26.191.172","5000","7.787296000","48","1","48192","7.843864000"
"3041","14:42:34.867943","100","121297","172.26.191.172","5000","7.787303000","48","1","48192","7.843871000"
"3042","14:42:34.867944","100","121345","172.26.191.172","5000","7.787304000","48","1","48192","7.843872000"
"3043","14:42:34.867950","100","121393","172.26.191.172","5000","7.787310000","48","1","48192","7.843878000"
"3044","14:42:34.867951","100","121441","172.26.191.172","5000","7.787311000","48","1","48192","7.843879000"
"3045","14:42:34.867957","52","1","100.64.0.5","48192","7.787317000","0","120337","5000","7.843885000"
"3046","14:42:34.867966","100","121489","172.26.191.172","5000","7.787326000","48","1","48192","7.843894000"
"3047","14:42:34.867967","100","121537","172.26.191.172","5000","7.787327000","48","1","48192","7.843895000"
"3048","14:42:34.897646","52","1","100.64.0.5","48192","7.817006000","0","120625","5000","7.873574000"
"3049","14:42:34.897686","100","121585","172.26.191.172","5000","7.817046000","48","1","48192","7.873614000"
"3050","14:42:34.897695","100","121633","172.26.191.172","5000","7.817055000","48","1","48192","7.873623000"
"3051","14:42:34.897708","100","121681","172.26.191.172","5000","7.817068000","48","1","48192","7.873636000"
"3052","14:42:34.897710","100","121729","172.26.191.172","5000","7.817070000","48","1","48192","7.873638000"
"3053","14:42:34.897720","100","121777","172.26.191.172","5000","7.817080000","48","1","48192","7.873648000"
"3054","14:42:34.897721","100","121825","172.26.191.172","5000","7.817081000","48","1","48192","7.873649000"
"3055","14:42:34.897729","100","121873","172.26.191.172","5000","7.817089000","48","1","48192","7.873657000"
"3056","14:42:34.897731","100","121921","172.26.191.172","5000","7.817091000","48","1","48192","7.873659000"
"3057","14:42:34.897745","52","1","100.64.0.5","48192","7.817105000","0","120721","5000","7.873673000"
"3058","14:42:34.897763","100","121969","172.26.191.172","5000","7.817123000","48","1","48192","7.873691000"
"3059","14:42:34.897765","100","122017","172.26.191.172","5000","7.817125000","48","1","48192","7.873693000"
"3060","14:42:34.928245","52","1","100.64.0.5","48192","7.847605000","0","120913","5000","7.904173000"
"3061","14:42:34.928285","100","122065","172.26.191.172","5000","7.847645000","48","1","48192","7.904213000"
"3062","14:42:34.928294","100","122113","172.26.191.172","5000","7.847654000","48","1","48192","7.904222000"
"3063","14:42:34.928307","100","122161","172.26.191.172","5000","7.847667000","48","1","48192","7.904235000"
"3064","14:42:34.928309","100","122209","172.26.191.172","5000","7.847669000","48","1","48192","7.904237000"
"3065","14:42:34.958267","52","1","100.64.0.5","48192","7.877627000","0","121201","5000","7.934195000"
"3066","14:42:34.958301","100","122257","172.26.191.172","5000","7.877661000","48","1","48192","7.934229000"
"3067","14:42:34.958310","100","122305","172.26.191.172","5000","7.877670000","48","1","48192","7.934238000"
"3068","14:42:34.958334","100","122353","172.26.191.172","5000","7.877694000","48","1","48192","7.934262000"
"3069","14:42:34.958336","100","122401","172.26.191.172","5000","7.877696000","48","1","48192","7.934264000"
"3070","14:42:34.958348","100","122449","172.26.191.172","5000","7.877708000","48","1","48192","7.934276000"
"3071","14:42:34.958350","100","122497","172.26.191.172","5000","7.877710000","48","1","48192","7.934278000"
"3072","14:42:34.958368","52","1","100.64.0.5","48192","7.877728000","0","121489","5000","7.934296000"
"3073","14:42:34.958391","100","122545","172.26.191.172","5000","7.877751000","48","1","48192","7.934319000"
"3074","14:42:34.958393","100","122593","172.26.191.172","5000","7.877753000","48","1","48192","7.934321000"
"3075","14:42:34.958404","100","122641","172.26.191.172","5000","7.877764000","48","1","48192","7.934332000"
"3076","14:42:34.958406","100","122689","172.26.191.172","5000","7.877766000","48","1","48192","7.934334000"
"3077","14:42:34.958417","100","122737","172.26.191.172","5000","7.877777000","48","1","48192","7.934345000"
"3078","14:42:34.958418","100","122785","172.26.191.172","5000","7.877778000","48","1","48192","7.934346000"
"3079","14:42:34.958429","52","1","100.64.0.5","48192","7.877789000","0","121585","5000","7.934357000"
"3080","14:42:34.958443","100","122833","172.26.191.172","5000","7.877803000","48","1","48192","7.934371000"
"3081","14:42:34.958445","100","122881","172.26.191.172","5000","7.877805000","48","1","48192","7.934373000"
"3082","14:42:34.989170","52","1","100.64.0.5","48192","7.908530000","0","121873","5000","7.965098000"
"3083","14:42:34.989202","100","122929","172.26.191.172","5000","7.908562000","48","1","48192","7.965130000"
"3084","14:42:34.989209","100","122977","172.26.191.172","5000","7.908569000","48","1","48192","7.965137000"
"3085","14:42:34.989219","100","123025","172.26.191.172","5000","7.908579000","48","1","48192","7.965147000"
"3086","14:42:34.989221","100","123073","172.26.191.172","5000","7.908581000","48","1","48192","7.965149000"
"3087","14:42:34.989228","100","123121","172.26.191.172","5000","7.908588000","48","1","48192","7.965156000"
"3088","14:42:34.989229","100","123169","172.26.191.172","5000","7.908589000","48","1","48192","7.965157000"
"3089","14:42:34.989240","52","1","100.64.0.5","48192","7.908600000","0","122065","5000","7.965168000"
"3090","14:42:34.989252","100","123217","172.26.191.172","5000","7.908612000","48","1","48192","7.965180000"
"3091","14:42:34.989254","100","123265","172.26.191.172","5000","7.908614000","48","1","48192","7.965182000"
"3092","14:42:34.989263","100","123313","172.26.191.172","5000","7.908623000","48","1","48192","7.965191000"
"3093","14:42:34.989265","100","123361","172.26.191.172","5000","7.908625000","48","1","48192","7.965193000"
"3094","14:42:35.019555","52","1","100.64.0.5","48192","7.938915000","0","122257","5000","7.995483000"
"3095","14:42:35.019593","100","123409","172.26.191.172","5000","7.938953000","48","1","48192","7.995521000"
"3096","14:42:35.019604","100","123457","172.26.191.172","5000","7.938964000","48","1","48192","7.995532000"
"3097","14:42:35.019618","100","123505","172.26.191.172","5000","7.938978000","48","1","48192","7.995546000"
"3098","14:42:35.019620","100","123553","172.26.191.172","5000","7.938980000","48","1","48192","7.995548000"
"3099","14:42:35.048389","52","1","100.64.0.5","48192","7.967749000","0","122545","5000","8.024317000"
"3100","14:42:35.048431","100","123601","172.26.191.172","5000","7.967791000","48","1","48192","8.024359000"
"3101","14:42:35.048441","100","123649","172.26.191.172","5000","7.967801000","48","1","48192","8.024369000"
"3102","14:42:35.048454","100","123697","172.26.191.172","5000","7.967814000","48","1","48192","8.024382000"
"3103","14:42:35.048456","100","123745","172.26.191.172","5000","7.967816000","48","1","48192","8.024384000"
"3104","14:42:35.048464","100","123793","172.26.191.172","5000","7.967824000","48","1","48192","8.024392000"
"3105","14:42:35.048466","100","123841","172.26.191.172","5000","7.967826000","48","1","48192","8.024394000"
"3106","14:42:35.049641","52","1","100.64.0.5","48192","7.969001000","0","122833","5000","8.025569000"
"3107","14:42:35.049680","100","123889","172.26.191.172","5000","7.969040000","48","1","48192","8.025608000"
"3108","14:42:35.049689","100","123937","172.26.191.172","5000","7.969049000","48","1","48192","8.025617000"
"3109","14:42:35.049704","100","123985","172.26.191.172","5000","7.969064000","48","1","48192","8.025632000"
"3110","14:42:35.049706","100","124033","172.26.191.172","5000","7.969066000","48","1","48192","8.025634000"
"3111","14:42:35.049715","100","124081","172.26.191.172","5000","7.969075000","48","1","48192","8.025643000"
"3112","14:42:35.049716","100","124129","172.26.191.172","5000","7.969076000","48","1","48192","8.025644000"
"3113","14:42:35.049731","52","1","100.64.0.5","48192","7.969091000","0","122929","5000","8.025659000"
"3114","14:42:35.049745","100","124177","172.26.191.172","5000","7.969105000","48","1","48192","8.025673000"
"3115","14:42:35.049747","100","124225","172.26.191.172","5000","7.969107000","48","1","48192","8.025675000"
"3116","14:42:35.079701","52","1","100.64.0.5","48192","7.999061000","0","123217","5000","8.055629000"
"3117","14:42:35.079742","100","124273","172.26.191.172","5000","7.999102000","48","1","48192","8.055670000"
"3118","14:42:35.079750","100","124321","172.26.191.172","5000","7.999110000","48","1","48192","8.055678000"
"3119","14:42:35.079764","100","124369","172.26.191.172","5000","7.999124000","48","1","48192","8.055692000"
"3120","14:42:35.079766","100","124417","172.26.191.172","5000","7.999126000","48","1","48192","8.055694000"
"3121","14:42:35.079776","100","124465","172.26.191.172","5000","7.999136000","48","1","48192","8.055704000"
"3122","14:42:35.079777","100","124513","172.26.191.172","5000","7.999137000","48","1","48192","8.055705000"
"3123","14:42:35.079787","100","124561","172.26.191.172","5000","7.999147000","48","1","48192","8.055715000"
"3124","14:42:35.079788","100","124609","172.26.191.172","5000","7.999148000","48","1","48192","8.055716000"
"3125","14:42:35.079803","52","1","100.64.0.5","48192","7.999163000","0","123265","5000","8.055731000"
"3126","14:42:35.079817","52","1","100.64.0.5","48192","7.999177000","0","123409","5000","8.055745000"
"3127","14:42:35.079835","100","124657","172.26.191.172","5000","7.999195000","48","1","48192","8.055763000"
"3128","14:42:35.079837","100","124705","172.26.191.172","5000","7.999197000","48","1","48192","8.055765000"
"3129","14:42:35.079849","100","124753","172.26.191.172","5000","7.999209000","48","1","48192","8.055777000"
"3130","14:42:35.079851","100","124801","172.26.191.172","5000","7.999211000","48","1","48192","8.055779000"
"3131","14:42:35.110230","52","1","100.64.0.5","48192","8.029590000","0","123601","5000","8.086158000"
"3132","14:42:35.110270","100","124849","172.26.191.172","5000","8.029630000","48","1","48192","8.086198000"
"3133","14:42:35.110279","100","124897","172.26.191.172","5000","8.029639000","48","1","48192","8.086207000"
"3134","14:42:35.110301","100","124945","172.26.191.172","5000","8.029661000","48","1","48192","8.086229000"
"3135","14:42:35.110304","100","124993","172.26.191.172","5000","8.029664000","48","1","48192","8.086232000"
"3136","14:42:35.140083","52","1","100.64.0.5","48192","8.059443000","0","123889","5000","8.116011000"
"3137","14:42:35.140122","100","125041","172.26.191.172","5000","8.059482000","48","1","48192","8.116050000"
"3138","14:42:35.140131","100","125089","172.26.191.172","5000","8.059491000","48","1","48192","8.116059000"
"3139","14:42:35.140145","100","125137","172.26.191.172","5000","8.059505000","48","1","48192","8.116073000"
"3140","14:42:35.140147","100","125185","172.26.191.172","5000","8.059507000","48","1","48192","8.116075000"
"3141","14:42:35.140156","100","125233","172.26.191.172","5000","8.059516000","48","1","48192","8.116084000"
"3142","14:42:35.140157","100","125281","172.26.191.172","5000","8.059517000","48","1","48192","8.116085000"
"3143","14:42:35.140172","52","1","100.64.0.5","48192","8.059532000","0","123985","5000","8.116100000"
"3144","14:42:35.140187","100","125329","172.26.191.172","5000","8.059547000","48","1","48192","8.116115000"
"3145","14:42:35.140190","100","125377","172.26.191.172","5000","8.059550000","48","1","48192","8.116118000"
"3146","14:42:35.140201","52","1","100.64.0.5","48192","8.059561000","0","124177","5000","8.116129000"
"3147","14:42:35.140218","100","125425","172.26.191.172","5000","8.059578000","48","1","48192","8.116146000"
"3148","14:42:35.140220","100","125473","172.26.191.172","5000","8.059580000","48","1","48192","8.116148000"
"3149","14:42:35.140230","100","125521","172.26.191.172","5000","8.059590000","48","1","48192","8.116158000"
"3150","14:42:35.140232","100","125569","172.26.191.172","5000","8.059592000","48","1","48192","8.116160000"
"3151","14:42:35.140241","52","1","100.64.0.5","48192","8.059601000","0","124225","5000","8.116169000"
"3152","14:42:35.140254","52","1","100.64.0.5","48192","8.059614000","0","124273","5000","8.116182000"
"3153","14:42:35.140268","100","125617","172.26.191.172","5000","8.059628000","48","1","48192","8.116196000"
"3154","14:42:35.140270","100","125665","172.26.191.172","5000","8.059630000","48","1","48192","8.116198000"
"3155","14:42:35.170833","52","1","100.64.0.5","48192","8.090193000","0","124561","5000","8.146761000"
"3156","14:42:35.170873","100","125713","172.26.191.172","5000","8.090233000","48","1","48192","8.146801000"
"3157","14:42:35.170883","100","125761","172.26.191.172","5000","8.090243000","48","1","48192","8.146811000"
"3158","14:42:35.170897","100","125809","172.26.191.172","5000","8.090257000","48","1","48192","8.146825000"
"3159","14:42:35.170899","100","125857","172.26.191.172","5000","8.090259000","48","1","48192","8.146827000"
"3160","14:42:35.170910","100","125905","172.26.191.172","5000","8.090270000","48","1","48192","8.146838000"
"3161","14:42:35.170911","100","125953","172.26.191.172","5000","8.090271000","48","1","48192","8.146839000"
"3162","14:42:35.170926","52","1","100.64.0.5","48192","8.090286000","0","124849","5000","8.146854000"
"3163","14:42:35.170944","100","126001","172.26.191.172","5000","8.090304000","48","1","48192","8.146872000"
"3164","14:42:35.170947","100","126049","172.26.191.172","5000","8.090307000","48","1","48192","8.146875000"
"3165","14:42:35.170959","100","126097","172.26.191.172","5000","8.090319000","48","1","48192","8.146887000"
"3166","14:42:35.170961","100","126145","172.26.191.172","5000","8.090321000","48","1","48192","8.146889000"
"3167","14:42:35.170971","100","126193","172.26.191.172","5000","8.090331000","48","1","48192","8.146899000"
"3168","14:42:35.170973","100","126241","172.26.191.172","5000","8.090333000","48","1","48192","8.146901000"
"3169","14:42:35.200649","52","1","100.64.0.5","48192","8.120009000","0","125041","5000","8.176577000"
"3170","14:42:35.200688","100","126289","172.26.191.172","5000","8.120048000","48","1","48192","8.176616000"
"3171","14:42:35.200697","100","126337","172.26.191.172","5000","8.120057000","48","1","48192","8.176625000"
"3172","14:42:35.200711","100","126385","172.26.191.172","5000","8.120071000","48","1","48192","8.176639000"
"3173","14:42:35.200713","100","126433","172.26.191.172","5000","8.120073000","48","1","48192","8.176641000"
"3174","14:42:35.231119","52","1","100.64.0.5","48192","8.150479000","0","125329","5000","8.207047000"
"3175","14:42:35.231144","100","126481","172.26.191.172","5000","8.150504000","48","1","48192","8.207072000"
"3176","14:42:35.231150","100","126529","172.26.191.172","5000","8.150510000","48","1","48192","8.207078000"
"3177","14:42:35.231163","100","126577","172.26.191.172","5000","8.150523000","48","1","48192","8.207091000"
"3178","14:42:35.231165","100","126625","172.26.191.172","5000","8.150525000","48","1","48192","8.207093000"
"3179","14:42:35.231170","100","126673","172.26.191.172","5000","8.150530000","48","1","48192","8.207098000"
"3180","14:42:35.231171","100","126721","172.26.191.172","5000","8.150531000","48","1","48192","8.207099000"
"3181","14:42:35.231180","52","1","100.64.0.5","48192","8.150540000","0","125617","5000","8.207108000"
"3182","14:42:35.231192","100","126769","172.26.191.172","5000","8.150552000","48","1","48192","8.207120000"
"3183","14:42:35.231193","100","126817","172.26.191.172","5000","8.150553000","48","1","48192","8.207121000"
"3184","14:42:35.231199","100","126865","172.26.191.172","5000","8.150559000","48","1","48192","8.207127000"
"3185","14:42:35.231201","100","126913","172.26.191.172","5000","8.150561000","48","1","48192","8.207129000"
"3186","14:42:35.231206","100","126961","172.26.191.172","5000","8.150566000","48","1","48192","8.207134000"
"3187","14:42:35.231207","100","127009","172.26.191.172","5000","8.150567000","48","1","48192","8.207135000"
"3188","14:42:35.231212","52","1","100.64.0.5","48192","8.150572000","0","125713","5000","8.207140000"
"3189","14:42:35.231222","100","127057","172.26.191.172","5000","8.150582000","48","1","48192","8.207150000"
"3190","14:42:35.231223","100","127105","172.26.191.172","5000","8.150583000","48","1","48192","8.207151000"
"3191","14:42:35.260370","52","1","100.64.0.5","48192","8.179730000","0","126001","5000","8.236298000"
"3192","14:42:35.260413","100","127153","172.26.191.172","5000","8.179773000","48","1","48192","8.236341000"
"3193","14:42:35.260422","100","127201","172.26.191.172","5000","8.179782000","48","1","48192","8.236350000"
"3194","14:42:35.260436","100","127249","172.26.191.172","5000","8.179796000","48","1","48192","8.236364000"
"3195","14:42:35.260438","100","127297","172.26.191.172","5000","8.179798000","48","1","48192","8.236366000"
"3196","14:42:35.260449","100","127345","172.26.191.172","5000","8.179809000","48","1","48192","8.236377000"
"3197","14:42:35.260450","100","127393","172.26.191.172","5000","8.179810000","48","1","48192","8.236378000"
"3198","14:42:35.261747","52","1","100.64.0.5","48192","8.181107000","0","126289","5000","8.237675000"
"3199","14:42:35.261787","100","127441","172.26.191.172","5000","8.181147000","48","1","48192","8.237715000"
"3200","14:42:35.261797","100","127489","172.26.191.172","5000","8.181157000","48","1","48192","8.237725000"
"3201","14:42:35.261811","100","127537","172.26.191.172","5000","8.181171000","48","1","48192","8.237739000"
"3202","14:42:35.261813","100","127585","172.26.191.172","5000","8.181173000","48","1","48192","8.237741000"
"3203","14:42:35.261822","100","127633","172.26.191.172","5000","8.181182000","48","1","48192","8.237750000"
"3204","14:42:35.261824","100","127681","172.26.191.172","5000","8.181184000","48","1","48192","8.237752000"
"3205","14:42:35.261831","100","127729","172.26.191.172","5000","8.181191000","48","1","48192","8.237759000"
"3206","14:42:35.261833","100","127777","172.26.191.172","5000","8.181193000","48","1","48192","8.237761000"
"3207","14:42:35.292299","52","1","100.64.0.5","48192","8.211659000","0","126481","5000","8.268227000"
"3208","14:42:35.292354","100","127825","172.26.191.172","5000","8.211714000","48","1","48192","8.268282000"
"3209","14:42:35.292364","100","127873","172.26.191.172","5000","8.211724000","48","1","48192","8.268292000"
"3210","14:42:35.292378","100","127921","172.26.191.172","5000","8.211738000","48","1","48192","8.268306000"
"3211","14:42:35.292381","100","127969","172.26.191.172","5000","8.211741000","48","1","48192","8.268309000"
"3212","14:42:35.322462","52","1","100.64.0.5","48192","8.241822000","0","126769","5000","8.298390000"
"3213","14:42:35.322501","100","128017","172.26.191.172","5000","8.241861000","48","1","48192","8.298429000"
"3214","14:42:35.322510","100","128065","172.26.191.172","5000","8.241870000","48","1","48192","8.298438000"
"3215","14:42:35.322524","100","128113","172.26.191.172","5000","8.241884000","48","1","48192","8.298452000"
"3216","14:42:35.322526","100","128161","172.26.191.172","5000","8.241886000","48","1","48192","8.298454000"
"3217","14:42:35.322535","100","128209","172.26.191.172","5000","8.241895000","48","1","48192","8.298463000"
"3218","14:42:35.322536","100","128257","172.26.191.172","5000","8.241896000","48","1","48192","8.298464000"
"3219","14:42:35.322551","52","1","100.64.0.5","48192","8.241911000","0","127057","5000","8.298479000"
"3220","14:42:35.322569","100","128305","172.26.191.172","5000","8.241929000","48","1","48192","8.298497000"
"3221","14:42:35.322570","100","128353","172.26.191.172","5000","8.241930000","48","1","48192","8.298498000"
"3222","14:42:35.322582","100","128401","172.26.191.172","5000","8.241942000","48","1","48192","8.298510000"
"3223","14:42:35.322584","100","128449","172.26.191.172","5000","8.241944000","48","1","48192","8.298512000"
"3224","14:42:35.322595","100","128497","172.26.191.172","5000","8.241955000","48","1","48192","8.298523000"
"3225","14:42:35.322597","100","128545","172.26.191.172","5000","8.241957000","48","1","48192","8.298525000"
"3226","14:42:35.322607","52","1","100.64.0.5","48192","8.241967000","0","127153","5000","8.298535000"
"3227","14:42:35.322622","100","128593","172.26.191.172","5000","8.241982000","48","1","48192","8.298550000"
"3228","14:42:35.322624","100","128641","172.26.191.172","5000","8.241984000","48","1","48192","8.298552000"
"3229","14:42:35.352186","52","1","100.64.0.5","48192","8.271546000","0","127441","5000","8.328114000"
"3230","14:42:35.352228","100","128689","172.26.191.172","5000","8.271588000","48","1","48192","8.328156000"
"3231","14:42:35.352237","100","128737","172.26.191.172","5000","8.271597000","48","1","48192","8.328165000"
"3232","14:42:35.352251","100","128785","172.26.191.172","5000","8.271611000","48","1","48192","8.328179000"
"3233","14:42:35.352253","100","128833","172.26.191.172","5000","8.271613000","48","1","48192","8.328181000"
"3234","14:42:35.352265","100","128881","172.26.191.172","5000","8.271625000","48","1","48192","8.328193000"
"3235","14:42:35.352266","100","128929","172.26.191.172","5000","8.271626000","48","1","48192","8.328194000"
"3236","14:42:35.352281","52","1","100.64.0.5","48192","8.271641000","0","127729","5000","8.328209000"
"3237","14:42:35.352299","100","128977","172.26.191.172","5000","8.271659000","48","1","48192","8.328227000"
"3238","14:42:35.352302","100","129025","172.26.191.172","5000","8.271662000","48","1","48192","8.328230000"
"3239","14:42:35.352313","100","129073","172.26.191.172","5000","8.271673000","48","1","48192","8.328241000"
"3240","14:42:35.352314","100","129121","172.26.191.172","5000","8.271674000","48","1","48192","8.328242000"
"3241","14:42:35.352324","100","129169","172.26.191.172","5000","8.271684000","48","1","48192","8.328252000"
"3242","14:42:35.352326","100","129217","172.26.191.172","5000","8.271686000","48","1","48192","8.328254000"
"3243","14:42:35.352360","52","1","100.64.0.5","48192","8.271720000","0","127825","5000","8.328288000"
"3244","14:42:35.352377","100","129265","172.26.191.172","5000","8.271737000","48","1","48192","8.328305000"
"3245","14:42:35.352379","100","129313","172.26.191.172","5000","8.271739000","48","1","48192","8.328307000"
"3246","14:42:35.382918","52","1","100.64.0.5","48192","8.302278000","0","128017","5000","8.358846000"
"3247","14:42:35.382957","100","129361","172.26.191.172","5000","8.302317000","48","1","48192","8.358885000"
"3248","14:42:35.382966","100","129409","172.26.191.172","5000","8.302326000","48","1","48192","8.358894000"
"3249","14:42:35.382980","100","129457","172.26.191.172","5000","8.302340000","48","1","48192","8.358908000"
"3250","14:42:35.382982","100","129505","172.26.191.172","5000","8.302342000","48","1","48192","8.358910000"
"3251","14:42:35.413409","52","1","100.64.0.5","48192","8.332769000","0","128305","5000","8.389337000"
"3252","14:42:35.413467","100","129553","172.26.191.172","5000","8.332827000","48","1","48192","8.389395000"
"3253","14:42:35.413477","100","129601","172.26.191.172","5000","8.332837000","48","1","48192","8.389405000"
"3254","14:42:35.413493","100","129649","172.26.191.172","5000","8.332853000","48","1","48192","8.389421000"
"3255","14:42:35.413494","100","129697","172.26.191.172","5000","8.332854000","48","1","48192","8.389422000"
"3256","14:42:35.413504","100","129745","172.26.191.172","5000","8.332864000","48","1","48192","8.389432000"
"3257","14:42:35.413506","100","129793","172.26.191.172","5000","8.332866000","48","1","48192","8.389434000"
"3258","14:42:35.413523","52","1","100.64.0.5","48192","8.332883000","0","128401","5000","8.389451000"
"3259","14:42:35.413541","100","129841","172.26.191.172","5000","8.332901000","48","1","48192","8.389469000"
"3260","14:42:35.413543","100","129889","172.26.191.172","5000","8.332903000","48","1","48192","8.389471000"
"3261","14:42:35.413555","52","1","100.64.0.5","48192","8.332915000","0","128689","5000","8.389483000"
"3262","14:42:35.413575","100","129937","172.26.191.172","5000","8.332935000","48","1","48192","8.389503000"
"3263","14:42:35.413578","100","129985","172.26.191.172","5000","8.332938000","48","1","48192","8.389506000"
"3264","14:42:35.413592","100","130033","172.26.191.172","5000","8.332952000","48","1","48192","8.389520000"
"3265","14:42:35.413594","100","130081","172.26.191.172","5000","8.332954000","48","1","48192","8.389522000"
"3266","14:42:35.413606","100","130129","172.26.191.172","5000","8.332966000","48","1","48192","8.389534000"
"3267","14:42:35.413607","100","130177","172.26.191.172","5000","8.332967000","48","1","48192","8.389535000"
"3268","14:42:35.443187","52","1","100.64.0.5","48192","8.362547000","0","128977","5000","8.419115000"
"3269","14:42:35.443228","100","130225","172.26.191.172","5000","8.362588000","48","1","48192","8.419156000"
"3270","14:42:35.443237","100","130273","172.26.191.172","5000","8.362597000","48","1","48192","8.419165000"
"3271","14:42:35.443252","100","130321","172.26.191.172","5000","8.362612000","48","1","48192","8.419180000"
"3272","14:42:35.443254","100","130369","172.26.191.172","5000","8.362614000","48","1","48192","8.419182000"
"3273","14:42:35.443263","100","130417","172.26.191.172","5000","8.362623000","48","1","48192","8.419191000"
"3274","14:42:35.443265","100","130465","172.26.191.172","5000","8.362625000","48","1","48192","8.419193000"
"3275","14:42:35.443280","52","1","100.64.0.5","48192","8.362640000","0","129169","5000","8.419208000"
"3276","14:42:35.443298","100","130513","172.26.191.172","5000","8.362658000","48","1","48192","8.419226000"
"3277","14:42:35.443300","100","130561","172.26.191.172","5000","8.362660000","48","1","48192","8.419228000"
"3278","14:42:35.443308","100","130609","172.26.191.172","5000","8.362668000","48","1","48192","8.419236000"
"3279","14:42:35.443318","100","130657","172.26.191.172","5000","8.362678000","48","1","48192","8.419246000"
"3280","14:42:35.443320","100","130705","172.26.191.172","5000","8.362680000","48","1","48192","8.419248000"
"3281","14:42:35.443330","52","1","100.64.0.5","48192","8.362690000","0","129361","5000","8.419258000"
"3282","14:42:35.443348","100","130753","172.26.191.172","5000","8.362708000","48","1","48192","8.419276000"
"3283","14:42:35.443350","100","130801","172.26.191.172","5000","8.362710000","48","1","48192","8.419278000"
"3284","14:42:35.443361","100","130849","172.26.191.172","5000","8.362721000","48","1","48192","8.419289000"
"3285","14:42:35.443363","100","130897","172.26.191.172","5000","8.362723000","48","1","48192","8.419291000"
"3286","14:42:35.473741","52","1","100.64.0.5","48192","8.393101000","0","129553","5000","8.449669000"
"3287","14:42:35.473780","100","130945","172.26.191.172","5000","8.393140000","48","1","48192","8.449708000"
"3288","14:42:35.473789","100","130993","172.26.191.172","5000","8.393149000","48","1","48192","8.449717000"
"3289","14:42:35.473806","100","131041","172.26.191.172","5000","8.393166000","48","1","48192","8.449734000"
"3290","14:42:35.473808","100","131089","172.26.191.172","5000","8.393168000","48","1","48192","8.449736000"
"3291","14:42:35.504037","52","1","100.64.0.5","48192","8.423397000","0","129841","5000","8.479965000"
"3292","14:42:35.504077","100","131137","172.26.191.172","5000","8.423437000","48","1","48192","8.480005000"
"3293","14:42:35.504086","100","131185","172.26.191.172","5000","8.423446000","48","1","48192","8.480014000"
"3294","14:42:35.504102","100","131233","172.26.191.172","5000","8.423462000","48","1","48192","8.480030000"
"3295","14:42:35.504104","100","131281","172.26.191.172","5000","8.423464000","48","1","48192","8.480032000"
"3296","14:42:35.504114","100","131329","172.26.191.172","5000","8.423474000","48","1","48192","8.480042000"
"3297","14:42:35.504115","100","131377","172.26.191.172","5000","8.423475000","48","1","48192","8.480043000"
"3298","14:42:35.504130","52","1","100.64.0.5","48192","8.423490000","0","129937","5000","8.480058000"
"3299","14:42:35.504147","100","131425","172.26.191.172","5000","8.423507000","48","1","48192","8.480075000"
"3300","14:42:35.504148","100","131473","172.26.191.172","5000","8.423508000","48","1","48192","8.480076000"
"3301","14:42:35.504160","52","1","100.64.0.5","48192","8.423520000","0","130129","5000","8.480088000"
"3302","14:42:35.504177","100","131521","172.26.191.172","5000","8.423537000","48","1","48192","8.480105000"
"3303","14:42:35.504179","100","131569","172.26.191.172","5000","8.423539000","48","1","48192","8.480107000"
"3304","14:42:35.504189","100","131617","172.26.191.172","5000","8.423549000","48","1","48192","8.480117000"
"3305","14:42:35.504191","100","131665","172.26.191.172","5000","8.423551000","48","1","48192","8.480119000"
"3306","14:42:35.504202","52","1","100.64.0.5","48192","8.423562000","0","130225","5000","8.480130000"
"3307","14:42:35.504215","100","131713","172.26.191.172","5000","8.423575000","48","1","48192","8.480143000"
"3308","14:42:35.504217","100","131761","172.26.191.172","5000","8.423577000","48","1","48192","8.480145000"
"3309","14:42:35.534534","52","1","100.64.0.5","48192","8.453894000","0","130417","5000","8.510462000"
"3310","14:42:35.534576","100","131809","172.26.191.172","5000","8.453936000","48","1","48192","8.510504000"
"3311","14:42:35.534584","100","131857","172.26.191.172","5000","8.453944000","48","1","48192","8.510512000"
"3312","14:42:35.534599","100","131905","172.26.191.172","5000","8.453959000","48","1","48192","8.510527000"
"3313","14:42:35.534601","100","131953","172.26.191.172","5000","8.453961000","48","1","48192","8.510529000"
"3314","14:42:35.534619","52","1","100.64.0.5","48192","8.453979000","0","130753","5000","8.510547000"
"3315","14:42:35.534639","100","132001","172.26.191.172","5000","8.453999000","48","1","48192","8.510567000"
"3316","14:42:35.534641","100","132049","172.26.191.172","5000","8.454001000","48","1","48192","8.510569000"
"3317","14:42:35.534652","100","132097","172.26.191.172","5000","8.454012000","48","1","48192","8.510580000"
"3318","14:42:35.534654","100","132145","172.26.191.172","5000","8.454014000","48","1","48192","8.510582000"
"3319","14:42:35.534665","100","132193","172.26.191.172","5000","8.454025000","48","1","48192","8.510593000"
"3320","14:42:35.534667","100","132241","172.26.191.172","5000","8.454027000","48","1","48192","8.510595000"
"3321","14:42:35.534677","100","132289","172.26.191.172","5000","8.454037000","48","1","48192","8.510605000"
"3322","14:42:35.534679","100","132337","172.26.191.172","5000","8.454039000","48","1","48192","8.510607000"
"3323","14:42:35.534689","52","1","100.64.0.5","48192","8.454049000","0","130897","5000","8.510617000"
"3324","14:42:35.534706","100","132385","172.26.191.172","5000","8.454066000","48","1","48192","8.510634000"
"3325","14:42:35.534708","100","132433","172.26.191.172","5000","8.454068000","48","1","48192","8.510636000"
"3326","14:42:35.534718","100","132481","172.26.191.172","5000","8.454078000","48","1","48192","8.510646000"
"3327","14:42:35.534719","100","132529","172.26.191.172","5000","8.454079000","48","1","48192","8.510647000"
"3328","14:42:35.564410","52","1","100.64.0.5","48192","8.483770000","0","131137","5000","8.540338000"
"3329","14:42:35.564452","100","132577","172.26.191.172","5000","8.483812000","48","1","48192","8.540380000"
"3330","14:42:35.564461","100","132625","172.26.191.172","5000","8.483821000","48","1","48192","8.540389000"
"3331","14:42:35.564475","100","132673","172.26.191.172","5000","8.483835000","48","1","48192","8.540403000"
"3332","14:42:35.564477","100","132721","172.26.191.172","5000","8.483837000","48","1","48192","8.540405000"
"3333","14:42:35.595226","52","1","100.64.0.5","48192","8.514586000","0","131425","5000","8.571154000"
"3334","14:42:35.595266","100","132769","172.26.191.172","5000","8.514626000","48","1","48192","8.571194000"
"3335","14:42:35.595275","100","132817","172.26.191.172","5000","8.514635000","48","1","48192","8.571203000"
"3336","14:42:35.595289","100","132865","172.26.191.172","5000","8.514649000","48","1","48192","8.571217000"
"3337","14:42:35.595291","100","132913","172.26.191.172","5000","8.514651000","48","1","48192","8.571219000"
"3338","14:42:35.595300","100","132961","172.26.191.172","5000","8.514660000","48","1","48192","8.571228000"
"3339","14:42:35.595302","100","133009","172.26.191.172","5000","8.514662000","48","1","48192","8.571230000"
"3340","14:42:35.595317","52","1","100.64.0.5","48192","8.514677000","0","131713","5000","8.571245000"
"3341","14:42:35.595335","100","133057","172.26.191.172","5000","8.514695000","48","1","48192","8.571263000"
"3342","14:42:35.595337","100","133105","172.26.191.172","5000","8.514697000","48","1","48192","8.571265000"
"3343","14:42:35.595348","100","133153","172.26.191.172","5000","8.514708000","48","1","48192","8.571276000"
"3344","14:42:35.595351","100","133201","172.26.191.172","5000","8.514711000","48","1","48192","8.571279000"
"3345","14:42:35.595363","100","133249","172.26.191.172","5000","8.514723000","48","1","48192","8.571291000"
"3346","14:42:35.595365","100","133297","172.26.191.172","5000","8.514725000","48","1","48192","8.571293000"
"3347","14:42:35.595376","52","1","100.64.0.5","48192","8.514736000","0","131809","5000","8.571304000"
"3348","14:42:35.595390","100","133345","172.26.191.172","5000","8.514750000","48","1","48192","8.571318000"
"3349","14:42:35.595392","100","133393","172.26.191.172","5000","8.514752000","48","1","48192","8.571320000"
"3350","14:42:35.624769","52","1","100.64.0.5","48192","8.544129000","0","132097","5000","8.600697000"
"3351","14:42:35.624809","100","133441","172.26.191.172","5000","8.544169000","48","1","48192","8.600737000"
"3352","14:42:35.624818","100","133489","172.26.191.172","5000","8.544178000","48","1","48192","8.600746000"
"3353","14:42:35.624832","100","133537","172.26.191.172","5000","8.544192000","48","1","48192","8.600760000"
"3354","14:42:35.624834","100","133585","172.26.191.172","5000","8.544194000","48","1","48192","8.600762000"
"3355","14:42:35.624843","100","133633","172.26.191.172","5000","8.544203000","48","1","48192","8.600771000"
"3356","14:42:35.624844","100","133681","172.26.191.172","5000","8.544204000","48","1","48192","8.600772000"
"3357","14:42:35.624859","52","1","100.64.0.5","48192","8.544219000","0","132385","5000","8.600787000"
"3358","14:42:35.624876","100","133729","172.26.191.172","5000","8.544236000","48","1","48192","8.600804000"
"3359","14:42:35.624878","100","133777","172.26.191.172","5000","8.544238000","48","1","48192","8.600806000"
"3360","14:42:35.624889","100","133825","172.26.191.172","5000","8.544249000","48","1","48192","8.600817000"
"3361","14:42:35.624892","100","133873","172.26.191.172","5000","8.544252000","48","1","48192","8.600820000"
"3362","14:42:35.624901","100","133921","172.26.191.172","5000","8.544261000","48","1","48192","8.600829000"
"3363","14:42:35.624904","100","133969","172.26.191.172","5000","8.544264000","48","1","48192","8.600832000"
"3364","14:42:35.624913","52","1","100.64.0.5","48192","8.544273000","0","132481","5000","8.600841000"
"3365","14:42:35.624927","100","134017","172.26.191.172","5000","8.544287000","48","1","48192","8.600855000"
"3366","14:42:35.624930","100","134065","172.26.191.172","5000","8.544290000","48","1","48192","8.600858000"
"3367","14:42:35.624941","100","134113","172.26.191.172","5000","8.544301000","48","1","48192","8.600869000"
"3368","14:42:35.624942","100","134161","172.26.191.172","5000","8.544302000","48","1","48192","8.600870000"
"3369","14:42:35.655142","52","1","100.64.0.5","48192","8.574502000","0","132769","5000","8.631070000"
"3370","14:42:35.655183","100","134209","172.26.191.172","5000","8.574543000","48","1","48192","8.631111000"
"3371","14:42:35.655192","100","134257","172.26.191.172","5000","8.574552000","48","1","48192","8.631120000"
"3372","14:42:35.655206","100","134305","172.26.191.172","5000","8.574566000","48","1","48192","8.631134000"
"3373","14:42:35.655208","100","134353","172.26.191.172","5000","8.574568000","48","1","48192","8.631136000"
"3374","14:42:35.655217","100","134401","172.26.191.172","5000","8.574577000","48","1","48192","8.631145000"
"3375","14:42:35.655219","100","134449","172.26.191.172","5000","8.574579000","48","1","48192","8.631147000"
"3376","14:42:35.686483","52","1","100.64.0.5","48192","8.605843000","0","133057","5000","8.662411000"
"3377","14:42:35.686524","100","134497","172.26.191.172","5000","8.605884000","48","1","48192","8.662452000"
"3378","14:42:35.686533","100","134545","172.26.191.172","5000","8.605893000","48","1","48192","8.662461000"
"3379","14:42:35.686547","100","134593","172.26.191.172","5000","8.605907000","48","1","48192","8.662475000"
"3380","14:42:35.686549","100","134641","172.26.191.172","5000","8.605909000","48","1","48192","8.662477000"
"3381","14:42:35.686560","100","134689","172.26.191.172","5000","8.605920000","48","1","48192","8.662488000"
"3382","14:42:35.686561","100","134737","172.26.191.172","5000","8.605921000","48","1","48192","8.662489000"
"3383","14:42:35.686576","52","1","100.64.0.5","48192","8.605936000","0","133345","5000","8.662504000"
"3384","14:42:35.686595","100","134785","172.26.191.172","5000","8.605955000","48","1","48192","8.662523000"
"3385","14:42:35.686597","100","134833","172.26.191.172","5000","8.605957000","48","1","48192","8.662525000"
"3386","14:42:35.686607","100","134881","172.26.191.172","5000","8.605967000","48","1","48192","8.662535000"
"3387","14:42:35.686609","100","134929","172.26.191.172","5000","8.605969000","48","1","48192","8.662537000"
"3388","14:42:35.686619","100","134977","172.26.191.172","5000","8.605979000","48","1","48192","8.662547000"
"3389","14:42:35.686621","100","135025","172.26.191.172","5000","8.605981000","48","1","48192","8.662549000"
"3390","14:42:35.686631","52","1","100.64.0.5","48192","8.605991000","0","133441","5000","8.662559000"
"3391","14:42:35.686646","100","135073","172.26.191.172","5000","8.606006000","48","1","48192","8.662574000"
"3392","14:42:35.686648","100","135121","172.26.191.172","5000","8.606008000","48","1","48192","8.662576000"
"3393","14:42:35.716115","52","1","100.64.0.5","48192","8.635475000","0","133729","5000","8.692043000"
"3394","14:42:35.716156","100","135169","172.26.191.172","5000","8.635516000","48","1","48192","8.692084000"
"3395","14:42:35.716165","100","135217","172.26.191.172","5000","8.635525000","48","1","48192","8.692093000"
"3396","14:42:35.716176","100","135265","172.26.191.172","5000","8.635536000","48","1","48192","8.692104000"
"3397","14:42:35.716177","100","135313","172.26.191.172","5000","8.635537000","48","1","48192","8.692105000"
"3398","14:42:35.716185","100","135361","172.26.191.172","5000","8.635545000","48","1","48192","8.692113000"
"3399","14:42:35.716187","100","135409","172.26.191.172","5000","8.635547000","48","1","48192","8.692115000"
"3400","14:42:35.716198","52","1","100.64.0.5","48192","8.635558000","0","134017","5000","8.692126000"
"3401","14:42:35.716209","100","135457","172.26.191.172","5000","8.635569000","48","1","48192","8.692137000"
"3402","14:42:35.716211","100","135505","172.26.191.172","5000","8.635571000","48","1","48192","8.692139000"
"3403","14:42:35.716217","100","135553","172.26.191.172","5000","8.635577000","48","1","48192","8.692145000"
"3404","14:42:35.716219","100","135601","172.26.191.172","5000","8.635579000","48","1","48192","8.692147000"
"3405","14:42:35.716225","100","135649","172.26.191.172","5000","8.635585000","48","1","48192","8.692153000"
"3406","14:42:35.716226","100","135697","172.26.191.172","5000","8.635586000","48","1","48192","8.692154000"
"3407","14:42:35.716232","52","1","100.64.0.5","48192","8.635592000","0","134113","5000","8.692160000"
"3408","14:42:35.716241","100","135745","172.26.191.172","5000","8.635601000","48","1","48192","8.692169000"
"3409","14:42:35.716243","100","135793","172.26.191.172","5000","8.635603000","48","1","48192","8.692171000"
"3410","14:42:35.746223","52","1","100.64.0.5","48192","8.665583000","0","134401","5000","8.722151000"
"3411","14:42:35.746265","100","135841","172.26.191.172","5000","8.665625000","48","1","48192","8.722193000"
"3412","14:42:35.746274","100","135889","172.26.191.172","5000","8.665634000","48","1","48192","8.722202000"
"3413","14:42:35.746287","100","135937","172.26.191.172","5000","8.665647000","48","1","48192","8.722215000"
"3414","14:42:35.746288","100","135985","172.26.191.172","5000","8.665648000","48","1","48192","8.722216000"
"3415","14:42:35.746295","100","136033","172.26.191.172","5000","8.665655000","48","1","48192","8.722223000"
"3416","14:42:35.746297","100","136081","172.26.191.172","5000","8.665657000","48","1","48192","8.722225000"
"3417","14:42:35.746309","52","1","100.64.0.5","48192","8.665669000","0","134497","5000","8.722237000"
"3418","14:42:35.746318","100","136129","172.26.191.172","5000","8.665678000","48","1","48192","8.722246000"
"3419","14:42:35.746320","100","136177","172.26.191.172","5000","8.665680000","48","1","48192","8.722248000"
"3420","14:42:35.776643","52","1","100.64.0.5","48192","8.696003000","0","134785","5000","8.752571000"
"3421","14:42:35.776684","100","136225","172.26.191.172","5000","8.696044000","48","1","48192","8.752612000"
"3422","14:42:35.776693","100","136273","172.26.191.172","5000","8.696053000","48","1","48192","8.752621000"
"3423","14:42:35.776704","100","136321","172.26.191.172","5000","8.696064000","48","1","48192","8.752632000"
"3424","14:42:35.776705","100","136369","172.26.191.172","5000","8.696065000","48","1","48192","8.752633000"
"3425","14:42:35.776712","100","136417","172.26.191.172","5000","8.696072000","48","1","48192","8.752640000"
"3426","14:42:35.776713","100","136465","172.26.191.172","5000","8.696073000","48","1","48192","8.752641000"
"3427","14:42:35.776725","52","1","100.64.0.5","48192","8.696085000","0","135073","5000","8.752653000"
"3428","14:42:35.776737","100","136513","172.26.191.172","5000","8.696097000","48","1","48192","8.752665000"
"3429","14:42:35.776739","100","136561","172.26.191.172","5000","8.696099000","48","1","48192","8.752667000"
"3430","14:42:35.776745","100","136609","172.26.191.172","5000","8.696105000","48","1","48192","8.752673000"
"3431","14:42:35.776747","100","136657","172.26.191.172","5000","8.696107000","48","1","48192","8.752675000"
"3432","14:42:35.776754","100","136705","172.26.191.172","5000","8.696114000","48","1","48192","8.752682000"
"3433","14:42:35.776755","100","136753","172.26.191.172","5000","8.696115000","48","1","48192","8.752683000"
"3434","14:42:35.776761","52","1","100.64.0.5","48192","8.696121000","0","135169","5000","8.752689000"
"3435","14:42:35.776770","100","136801","172.26.191.172","5000","8.696130000","48","1","48192","8.752698000"
"3436","14:42:35.776771","100","136849","172.26.191.172","5000","8.696131000","48","1","48192","8.752699000"
"3437","14:42:35.806926","52","1","100.64.0.5","48192","8.726286000","0","135457","5000","8.782854000"
"3438","14:42:35.806968","100","136897","172.26.191.172","5000","8.726328000","48","1","48192","8.782896000"
"3439","14:42:35.806977","100","136945","172.26.191.172","5000","8.726337000","48","1","48192","8.782905000"
"3440","14:42:35.806989","100","136993","172.26.191.172","5000","8.726349000","48","1","48192","8.782917000"
"3441","14:42:35.806990","100","137041","172.26.191.172","5000","8.726350000","48","1","48192","8.782918000"
"3442","14:42:35.806996","100","137089","172.26.191.172","5000","8.726356000","48","1","48192","8.782924000"
"3443","14:42:35.806997","100","137137","172.26.191.172","5000","8.726357000","48","1","48192","8.782925000"
"3444","14:42:35.807010","52","1","100.64.0.5","48192","8.726370000","0","135505","5000","8.782938000"
"3445","14:42:35.807019","100","137185","172.26.191.172","5000","8.726379000","48","1","48192","8.782947000"
"3446","14:42:35.807021","100","137233","172.26.191.172","5000","8.726381000","48","1","48192","8.782949000"
"3447","14:42:35.807028","52","1","100.64.0.5","48192","8.726388000","0","135841","5000","8.782956000"
"3448","14:42:35.807041","100","137281","172.26.191.172","5000","8.726401000","48","1","48192","8.782969000"
"3449","14:42:35.807043","100","137329","172.26.191.172","5000","8.726403000","48","1","48192","8.782971000"
"3450","14:42:35.807049","100","137377","172.26.191.172","5000","8.726409000","48","1","48192","8.782977000"
"3451","14:42:35.807050","100","137425","172.26.191.172","5000","8.726410000","48","1","48192","8.782978000"
"3452","14:42:35.807056","100","137473","172.26.191.172","5000","8.726416000","48","1","48192","8.782984000"
"3453","14:42:35.807057","100","137521","172.26.191.172","5000","8.726417000","48","1","48192","8.782985000"
"3454","14:42:35.837201","52","1","100.64.0.5","48192","8.756561000","0","136129","5000","8.813129000"
"3455","14:42:35.837242","100","137569","172.26.191.172","5000","8.756602000","48","1","48192","8.813170000"
"3456","14:42:35.837250","100","137617","172.26.191.172","5000","8.756610000","48","1","48192","8.813178000"
"3457","14:42:35.837262","100","137665","172.26.191.172","5000","8.756622000","48","1","48192","8.813190000"
"3458","14:42:35.837263","100","137713","172.26.191.172","5000","8.756623000","48","1","48192","8.813191000"
"3459","14:42:35.837269","100","137761","172.26.191.172","5000","8.756629000","48","1","48192","8.813197000"
"3460","14:42:35.837271","100","137809","172.26.191.172","5000","8.756631000","48","1","48192","8.813199000"
"3461","14:42:35.837278","100","137857","172.26.191.172","5000","8.756638000","48","1","48192","8.813206000"
"3462","14:42:35.837279","100","137905","172.26.191.172","5000","8.756639000","48","1","48192","8.813207000"
"3463","14:42:35.837290","52","1","100.64.0.5","48192","8.756650000","0","136225","5000","8.813218000"
"3464","14:42:35.837300","100","137953","172.26.191.172","5000","8.756660000","48","1","48192","8.813228000"
"3465","14:42:35.837302","100","138001","172.26.191.172","5000","8.756662000","48","1","48192","8.813230000"
"3466","14:42:35.867628","52","1","100.64.0.5","48192","8.786988000","0","136513","5000","8.843556000"
"3467","14:42:35.867668","100","138049","172.26.191.172","5000","8.787028000","48","1","48192","8.843596000"
"3468","14:42:35.867676","100","138097","172.26.191.172","5000","8.787036000","48","1","48192","8.843604000"
"3469","14:42:35.867687","100","138145","172.26.191.172","5000","8.787047000","48","1","48192","8.843615000"
"3470","14:42:35.867688","100","138193","172.26.191.172","5000","8.787048000","48","1","48192","8.843616000"
"3471","14:42:35.867694","100","138241","172.26.191.172","5000","8.787054000","48","1","48192","8.843622000"
"3472","14:42:35.867696","100","138289","172.26.191.172","5000","8.787056000","48","1","48192","8.843624000"
"3473","14:42:35.867707","52","1","100.64.0.5","48192","8.787067000","0","136801","5000","8.843635000"
"3474","14:42:35.867719","100","138337","172.26.191.172","5000","8.787079000","48","1","48192","8.843647000"
"3475","14:42:35.867720","100","138385","172.26.191.172","5000","8.787080000","48","1","48192","8.843648000"
"3476","14:42:35.867729","100","138433","172.26.191.172","5000","8.787089000","48","1","48192","8.843657000"
"3477","14:42:35.867730","100","138481","172.26.191.172","5000","8.787090000","48","1","48192","8.843658000"
"3478","14:42:35.867736","100","138529","172.26.191.172","5000","8.787096000","48","1","48192","8.843664000"
"3479","14:42:35.867737","100","138577","172.26.191.172","5000","8.787097000","48","1","48192","8.843665000"
"3480","14:42:35.867743","52","1","100.64.0.5","48192","8.787103000","0","136897","5000","8.843671000"
"3481","14:42:35.867752","100","138625","172.26.191.172","5000","8.787112000","48","1","48192","8.843680000"
"3482","14:42:35.867753","100","138673","172.26.191.172","5000","8.787113000","48","1","48192","8.843681000"
"3483","14:42:35.897901","52","1","100.64.0.5","48192","8.817261000","0","137185","5000","8.873829000"
"3484","14:42:35.897942","100","138721","172.26.191.172","5000","8.817302000","48","1","48192","8.873870000"
"3485","14:42:35.897951","100","138769","172.26.191.172","5000","8.817311000","48","1","48192","8.873879000"
"3486","14:42:35.897962","100","138817","172.26.191.172","5000","8.817322000","48","1","48192","8.873890000"
"3487","14:42:35.897963","100","138865","172.26.191.172","5000","8.817323000","48","1","48192","8.873891000"
"3488","14:42:35.897969","100","138913","172.26.191.172","5000","8.817329000","48","1","48192","8.873897000"
"3489","14:42:35.897971","100","138961","172.26.191.172","5000","8.817331000","48","1","48192","8.873899000"
"3490","14:42:35.897983","52","1","100.64.0.5","48192","8.817343000","0","137281","5000","8.873911000"
"3491","14:42:35.897993","100","139009","172.26.191.172","5000","8.817353000","48","1","48192","8.873921000"
"3492","14:42:35.897995","100","139057","172.26.191.172","5000","8.817355000","48","1","48192","8.873923000"
"3493","14:42:35.898014","52","1","100.64.0.5","48192","8.817374000","0","137569","5000","8.873942000"
"3494","14:42:35.898031","100","139105","172.26.191.172","5000","8.817391000","48","1","48192","8.873959000"
"3495","14:42:35.898033","100","139153","172.26.191.172","5000","8.817393000","48","1","48192","8.873961000"
"3496","14:42:35.898042","100","139201","172.26.191.172","5000","8.817402000","48","1","48192","8.873970000"
"3497","14:42:35.898044","100","139249","172.26.191.172","5000","8.817404000","48","1","48192","8.873972000"
"3498","14:42:35.898052","100","139297","172.26.191.172","5000","8.817412000","48","1","48192","8.873980000"
"3499","14:42:35.898054","100","139345","172.26.191.172","5000","8.817414000","48","1","48192","8.873982000"
"3500","14:42:35.928093","52","1","100.64.0.5","48192","8.847453000","0","137857","5000","8.904021000"
"3501","14:42:35.928133","100","139393","172.26.191.172","5000","8.847493000","48","1","48192","8.904061000"
"3502","14:42:35.928142","100","139441","172.26.191.172","5000","8.847502000","48","1","48192","8.904070000"
"3503","14:42:35.928153","100","139489","172.26.191.172","5000","8.847513000","48","1","48192","8.904081000"
"3504","14:42:35.928155","100","139537","172.26.191.172","5000","8.847515000","48","1","48192","8.904083000"
"3505","14:42:35.928161","100","139585","172.26.191.172","5000","8.847521000","48","1","48192","8.904089000"
"3506","14:42:35.928163","100","139633","172.26.191.172","5000","8.847523000","48","1","48192","8.904091000"
"3507","14:42:35.928174","52","1","100.64.0.5","48192","8.847534000","0","138049","5000","8.904102000"
"3508","14:42:35.928184","100","139681","172.26.191.172","5000","8.847544000","48","1","48192","8.904112000"
"3509","14:42:35.928186","100","139729","172.26.191.172","5000","8.847546000","48","1","48192","8.904114000"
"3510","14:42:35.928194","100","139777","172.26.191.172","5000","8.847554000","48","1","48192","8.904122000"
"3511","14:42:35.928196","100","139825","172.26.191.172","5000","8.847556000","48","1","48192","8.904124000"
"3512","14:42:35.957947","52","1","100.64.0.5","48192","8.877307000","0","138337","5000","8.933875000"
"3513","14:42:35.957987","100","139873","172.26.191.172","5000","8.877347000","48","1","48192","8.933915000"
"3514","14:42:35.957996","100","139921","172.26.191.172","5000","8.877356000","48","1","48192","8.933924000"
"3515","14:42:35.958007","100","139969","172.26.191.172","5000","8.877367000","48","1","48192","8.933935000"
"3516","14:42:35.958009","100","140017","172.26.191.172","5000","8.877369000","48","1","48192","8.933937000"
"3517","14:42:35.958015","100","140065","172.26.191.172","5000","8.877375000","48","1","48192","8.933943000"
"3518","14:42:35.958016","100","140113","172.26.191.172","5000","8.877376000","48","1","48192","8.933944000"
"3519","14:42:35.958028","52","1","100.64.0.5","48192","8.877388000","0","138625","5000","8.933956000"
"3520","14:42:35.958039","100","140161","172.26.191.172","5000","8.877399000","48","1","48192","8.933967000"
"3521","14:42:35.958041","100","140209","172.26.191.172","5000","8.877401000","48","1","48192","8.933969000"
"3522","14:42:35.958049","100","140257","172.26.191.172","5000","8.877409000","48","1","48192","8.933977000"
"3523","14:42:35.958050","100","140305","172.26.191.172","5000","8.877410000","48","1","48192","8.933978000"
"3524","14:42:35.958056","100","140353","172.26.191.172","5000","8.877416000","48","1","48192","8.933984000"
"3525","14:42:35.958058","100","140401","172.26.191.172","5000","8.877418000","48","1","48192","8.933986000"
"3526","14:42:35.958064","52","1","100.64.0.5","48192","8.877424000","0","138721","5000","8.933992000"
"3527","14:42:35.958072","100","140449","172.26.191.172","5000","8.877432000","48","1","48192","8.934000000"
"3528","14:42:35.958073","100","140497","172.26.191.172","5000","8.877433000","48","1","48192","8.934001000"
"3529","14:42:35.988734","52","1","100.64.0.5","48192","8.908094000","0","139009","5000","8.964662000"
"3530","14:42:35.988779","100","140545","172.26.191.172","5000","8.908139000","48","1","48192","8.964707000"
"3531","14:42:35.988789","100","140593","172.26.191.172","5000","8.908149000","48","1","48192","8.964717000"
"3532","14:42:35.988801","100","140641","172.26.191.172","5000","8.908161000","48","1","48192","8.964729000"
"3533","14:42:35.988802","100","140689","172.26.191.172","5000","8.908162000","48","1","48192","8.964730000"
"3534","14:42:35.988809","100","140737","172.26.191.172","5000","8.908169000","48","1","48192","8.964737000"
"3535","14:42:35.988811","100","140785","172.26.191.172","5000","8.908171000","48","1","48192","8.964739000"
"3536","14:42:35.988824","52","1","100.64.0.5","48192","8.908184000","0","139201","5000","8.964752000"
"3537","14:42:35.988835","100","140833","172.26.191.172","5000","8.908195000","48","1","48192","8.964763000"
"3538","14:42:35.988838","100","140881","172.26.191.172","5000","8.908198000","48","1","48192","8.964766000"
"3539","14:42:35.988845","100","140929","172.26.191.172","5000","8.908205000","48","1","48192","8.964773000"
"3540","14:42:35.988847","100","140977","172.26.191.172","5000","8.908207000","48","1","48192","8.964775000"
"3541","14:42:35.988854","52","1","100.64.0.5","48192","8.908214000","0","139393","5000","8.964782000"
"3542","14:42:35.988866","100","141025","172.26.191.172","5000","8.908226000","48","1","48192","8.964794000"
"3543","14:42:35.988868","100","141073","172.26.191.172","5000","8.908228000","48","1","48192","8.964796000"
"3544","14:42:35.988874","100","141121","172.26.191.172","5000","8.908234000","48","1","48192","8.964802000"
"3545","14:42:35.988877","100","141169","172.26.191.172","5000","8.908237000","48","1","48192","8.964805000"
"3546","14:42:36.019551","52","1","100.64.0.5","48192","8.938911000","0","139681","5000","8.995479000"
"3547","14:42:36.019593","100","141217","172.26.191.172","5000","8.938953000","48","1","48192","8.995521000"
"3548","14:42:36.019602","100","141265","172.26.191.172","5000","8.938962000","48","1","48192","8.995530000"
"3549","14:42:36.019613","100","141313","172.26.191.172","5000","8.938973000","48","1","48192","8.995541000"
"3550","14:42:36.019614","100","141361","172.26.191.172","5000","8.938974000","48","1","48192","8.995542000"
"3551","14:42:36.019620","100","141409","172.26.191.172","5000","8.938980000","48","1","48192","8.995548000"
"3552","14:42:36.019621","100","141457","172.26.191.172","5000","8.938981000","48","1","48192","8.995549000"
"3553","14:42:36.019628","100","141505","172.26.191.172","5000","8.938988000","48","1","48192","8.995556000"
"3554","14:42:36.019629","100","141553","172.26.191.172","5000","8.938989000","48","1","48192","8.995557000"
"3555","14:42:36.019640","52","1","100.64.0.5","48192","8.939000000","0","139873","5000","8.995568000"
"3556","14:42:36.019651","100","141601","172.26.191.172","5000","8.939011000","48","1","48192","8.995579000"
"3557","14:42:36.019653","100","141649","172.26.191.172","5000","8.939013000","48","1","48192","8.995581000"
"3558","14:42:36.019661","100","141697","172.26.191.172","5000","8.939021000","48","1","48192","8.995589000"
"3559","14:42:36.019662","100","141745","172.26.191.172","5000","8.939022000","48","1","48192","8.995590000"
"3560","14:42:36.049158","52","1","100.64.0.5","48192","8.968518000","0","140161","5000","9.025086000"
"3561","14:42:36.049198","100","141793","172.26.191.172","5000","8.968558000","48","1","48192","9.025126000"
"3562","14:42:36.049207","100","141841","172.26.191.172","5000","8.968567000","48","1","48192","9.025135000"
"3563","14:42:36.049218","100","141889","172.26.191.172","5000","8.968578000","48","1","48192","9.025146000"
"3564","14:42:36.049219","100","141937","172.26.191.172","5000","8.968579000","48","1","48192","9.025147000"
"3565","14:42:36.049225","100","141985","172.26.191.172","5000","8.968585000","48","1","48192","9.025153000"
"3566","14:42:36.049227","100","142033","172.26.191.172","5000","8.968587000","48","1","48192","9.025155000"
"3567","14:42:36.049238","52","1","100.64.0.5","48192","8.968598000","0","140257","5000","9.025166000"
"3568","14:42:36.049248","100","142081","172.26.191.172","5000","8.968608000","48","1","48192","9.025176000"
"3569","14:42:36.049249","100","142129","172.26.191.172","5000","8.968609000","48","1","48192","9.025177000"
"3570","14:42:36.049256","52","1","100.64.0.5","48192","8.968616000","0","140545","5000","9.025184000"
"3571","14:42:36.049268","100","142177","172.26.191.172","5000","8.968628000","48","1","48192","9.025196000"
"3572","14:42:36.049269","100","142225","172.26.191.172","5000","8.968629000","48","1","48192","9.025197000"
"3573","14:42:36.049276","100","142273","172.26.191.172","5000","8.968636000","48","1","48192","9.025204000"
"3574","14:42:36.049277","100","142321","172.26.191.172","5000","8.968637000","48","1","48192","9.025205000"
"3575","14:42:36.049285","100","142369","172.26.191.172","5000","8.968645000","48","1","48192","9.025213000"
"3576","14:42:36.049286","100","142417","172.26.191.172","5000","8.968646000","48","1","48192","9.025214000"
"3577","14:42:36.080515","52","1","100.64.0.5","48192","8.999875000","0","140833","5000","9.056443000"
"3578","14:42:36.080554","100","142465","172.26.191.172","5000","8.999914000","48","1","48192","9.056482000"
"3579","14:42:36.080563","100","142513","172.26.191.172","5000","8.999923000","48","1","48192","9.056491000"
"3580","14:42:36.080574","100","142561","172.26.191.172","5000","8.999934000","48","1","48192","9.056502000"
"3581","14:42:36.080575","100","142609","172.26.191.172","5000","8.999935000","48","1","48192","9.056503000"
"3582","14:42:36.080582","100","142657","172.26.191.172","5000","8.999942000","48","1","48192","9.056510000"
"3583","14:42:36.080584","100","142705","172.26.191.172","5000","8.999944000","48","1","48192","9.056512000"
"3584","14:42:36.080595","52","1","100.64.0.5","48192","8.999955000","0","141121","5000","9.056523000"
"3585","14:42:36.080607","100","142753","172.26.191.172","5000","8.999967000","48","1","48192","9.056535000"
"3586","14:42:36.080609","100","142801","172.26.191.172","5000","8.999969000","48","1","48192","9.056537000"
"3587","14:42:36.080615","100","142849","172.26.191.172","5000","8.999975000","48","1","48192","9.056543000"
"3588","14:42:36.080616","100","142897","172.26.191.172","5000","8.999976000","48","1","48192","9.056544000"
"3589","14:42:36.080622","100","142945","172.26.191.172","5000","8.999982000","48","1","48192","9.056550000"
"3590","14:42:36.080623","100","142993","172.26.191.172","5000","8.999983000","48","1","48192","9.056551000"
"3591","14:42:36.080629","52","1","100.64.0.5","48192","8.999989000","0","141169","5000","9.056557000"
"3592","14:42:36.080638","52","1","100.64.0.5","48192","8.999998000","0","141217","5000","9.056566000"
"3593","14:42:36.080647","100","143041","172.26.191.172","5000","9.000007000","48","1","48192","9.056575000"
"3594","14:42:36.080649","100","143089","172.26.191.172","5000","9.000009000","48","1","48192","9.056577000"
"3595","14:42:36.110056","52","1","100.64.0.5","48192","9.029416000","0","141505","5000","9.085984000"
"3596","14:42:36.110097","100","143137","172.26.191.172","5000","9.029457000","48","1","48192","9.086025000"
"3597","14:42:36.110105","100","143185","172.26.191.172","5000","9.029465000","48","1","48192","9.086033000"
"3598","14:42:36.110118","100","143233","172.26.191.172","5000","9.029478000","48","1","48192","9.086046000"
"3599","14:42:36.110119","100","143281","172.26.191.172","5000","9.029479000","48","1","48192","9.086047000"
"3600","14:42:36.110126","100","143329","172.26.191.172","5000","9.029486000","48","1","48192","9.086054000"
"3601","14:42:36.110127","100","143377","172.26.191.172","5000","9.029487000","48","1","48192","9.086055000"
"3602","14:42:36.110139","52","1","100.64.0.5","48192","9.029499000","0","141793","5000","9.086067000"
"3603","14:42:36.110150","100","143425","172.26.191.172","5000","9.029510000","48","1","48192","9.086078000"
"3604","14:42:36.110152","100","143473","172.26.191.172","5000","9.029512000","48","1","48192","9.086080000"
"3605","14:42:36.110158","100","143521","172.26.191.172","5000","9.029518000","48","1","48192","9.086086000"
"3606","14:42:36.110160","100","143569","172.26.191.172","5000","9.029520000","48","1","48192","9.086088000"
"3607","14:42:36.110166","100","143617","172.26.191.172","5000","9.029526000","48","1","48192","9.086094000"
"3608","14:42:36.110167","100","143665","172.26.191.172","5000","9.029527000","48","1","48192","9.086095000"
"3609","14:42:36.140161","52","1","100.64.0.5","48192","9.059521000","0","142081","5000","9.116089000"
"3610","14:42:36.140200","100","143713","172.26.191.172","5000","9.059560000","48","1","48192","9.116128000"
"3611","14:42:36.140209","100","143761","172.26.191.172","5000","9.059569000","48","1","48192","9.116137000"
"3612","14:42:36.140221","100","143809","172.26.191.172","5000","9.059581000","48","1","48192","9.116149000"
"3613","14:42:36.140222","100","143857","172.26.191.172","5000","9.059582000","48","1","48192","9.116150000"
"3614","14:42:36.140229","100","143905","172.26.191.172","5000","9.059589000","48","1","48192","9.116157000"
"3615","14:42:36.140230","100","143953","172.26.191.172","5000","9.059590000","48","1","48192","9.116158000"
"3616","14:42:36.140242","52","1","100.64.0.5","48192","9.059602000","0","142369","5000","9.116170000"
"3617","14:42:36.140252","100","144001","172.26.191.172","5000","9.059612000","48","1","48192","9.116180000"
"3618","14:42:36.140254","100","144049","172.26.191.172","5000","9.059614000","48","1","48192","9.116182000"
"3619","14:42:36.140261","100","144097","172.26.191.172","5000","9.059621000","48","1","48192","9.116189000"
"3620","14:42:36.140263","100","144145","172.26.191.172","5000","9.059623000","48","1","48192","9.116191000"
"3621","14:42:36.140269","100","144193","172.26.191.172","5000","9.059629000","48","1","48192","9.116197000"
"3622","14:42:36.140271","100","144241","172.26.191.172","5000","9.059631000","48","1","48192","9.116199000"
"3623","14:42:36.140277","52","1","100.64.0.5","48192","9.059637000","0","142465","5000","9.116205000"
"3624","14:42:36.140285","100","144289","172.26.191.172","5000","9.059645000","48","1","48192","9.116213000"
"3625","14:42:36.140286","100","144337","172.26.191.172","5000","9.059646000","48","1","48192","9.116214000"
"3626","14:42:36.171499","52","1","100.64.0.5","48192","9.090859000","0","142753","5000","9.147427000"
"3627","14:42:36.171540","100","144385","172.26.191.172","5000","9.090900000","48","1","48192","9.147468000"
"3628","14:42:36.171549","100","144433","172.26.191.172","5000","9.090909000","48","1","48192","9.147477000"
"3629","14:42:36.171560","100","144481","172.26.191.172","5000","9.090920000","48","1","48192","9.147488000"
"3630","14:42:36.171561","100","144529","172.26.191.172","5000","9.090921000","48","1","48192","9.147489000"
"3631","14:42:36.171569","100","144577","172.26.191.172","5000","9.090929000","48","1","48192","9.147497000"
"3632","14:42:36.171570","100","144625","172.26.191.172","5000","9.090930000","48","1","48192","9.147498000"
"3633","14:42:36.171582","52","1","100.64.0.5","48192","9.090942000","0","143041","5000","9.147510000"
"3634","14:42:36.171593","100","144673","172.26.191.172","5000","9.090953000","48","1","48192","9.147521000"
"3635","14:42:36.171595","100","144721","172.26.191.172","5000","9.090955000","48","1","48192","9.147523000"
"3636","14:42:36.171602","100","144769","172.26.191.172","5000","9.090962000","48","1","48192","9.147530000"
"3637","14:42:36.171603","100","144817","172.26.191.172","5000","9.090963000","48","1","48192","9.147531000"
"3638","14:42:36.171609","100","144865","172.26.191.172","5000","9.090969000","48","1","48192","9.147537000"
"3639","14:42:36.171611","100","144913","172.26.191.172","5000","9.090971000","48","1","48192","9.147539000"
"3640","14:42:36.171617","52","1","100.64.0.5","48192","9.090977000","0","143137","5000","9.147545000"
"3641","14:42:36.171625","100","144961","172.26.191.172","5000","9.090985000","48","1","48192","9.147553000"
"3642","14:42:36.171627","100","145009","172.26.191.172","5000","9.090987000","48","1","48192","9.147555000"
"3643","14:42:36.201471","52","1","100.64.0.5","48192","9.120831000","0","143185","5000","9.177399000"
"3644","14:42:36.201526","100","145057","172.26.191.172","5000","9.120886000","48","1","48192","9.177454000"
"3645","14:42:36.201536","100","145105","172.26.191.172","5000","9.120896000","48","1","48192","9.177464000"
"3646","14:42:36.201555","52","1","100.64.0.5","48192","9.120915000","0","143521","5000","9.177483000"
"3647","14:42:36.201573","100","145153","172.26.191.172","5000","9.120933000","48","1","48192","9.177501000"
"3648","14:42:36.201575","100","145201","172.26.191.172","5000","9.120935000","48","1","48192","9.177503000"
"3649","14:42:36.201583","100","145249","172.26.191.172","5000","9.120943000","48","1","48192","9.177511000"
"3650","14:42:36.201585","100","145297","172.26.191.172","5000","9.120945000","48","1","48192","9.177513000"
"3651","14:42:36.201593","100","145345","172.26.191.172","5000","9.120953000","48","1","48192","9.177521000"
"3652","14:42:36.201595","100","145393","172.26.191.172","5000","9.120955000","48","1","48192","9.177523000"
"3653","14:42:36.201603","52","1","100.64.0.5","48192","9.120963000","0","143713","5000","9.177531000"
"3654","14:42:36.201614","100","145441","172.26.191.172","5000","9.120974000","48","1","48192","9.177542000"
"3655","14:42:36.201616","100","145489","172.26.191.172","5000","9.120976000","48","1","48192","9.177544000"
"3656","14:42:36.201624","100","145537","172.26.191.172","5000","9.120984000","48","1","48192","9.177552000"
"3657","14:42:36.201625","100","145585","172.26.191.172","5000","9.120985000","48","1","48192","9.177553000"
"3658","14:42:36.201631","100","145633","172.26.191.172","5000","9.120991000","48","1","48192","9.177559000"
"3659","14:42:36.201632","100","145681","172.26.191.172","5000","9.120992000","48","1","48192","9.177560000"
"3660","14:42:36.231270","52","1","100.64.0.5","48192","9.150630000","0","144001","5000","9.207198000"
"3661","14:42:36.231310","100","145729","172.26.191.172","5000","9.150670000","48","1","48192","9.207238000"
"3662","14:42:36.231318","100","145777","172.26.191.172","5000","9.150678000","48","1","48192","9.207246000"
"3663","14:42:36.231330","100","145825","172.26.191.172","5000","9.150690000","48","1","48192","9.207258000"
"3664","14:42:36.231331","100","145873","172.26.191.172","5000","9.150691000","48","1","48192","9.207259000"
"3665","14:42:36.231337","100","145921","172.26.191.172","5000","9.150697000","48","1","48192","9.207265000"
"3666","14:42:36.231339","100","145969","172.26.191.172","5000","9.150699000","48","1","48192","9.207267000"
"3667","14:42:36.231350","52","1","100.64.0.5","48192","9.150710000","0","144289","5000","9.207278000"
"3668","14:42:36.231360","100","146017","172.26.191.172","5000","9.150720000","48","1","48192","9.207288000"
"3669","14:42:36.231362","100","146065","172.26.191.172","5000","9.150722000","48","1","48192","9.207290000"
"3670","14:42:36.231368","100","146113","172.26.191.172","5000","9.150728000","48","1","48192","9.207296000"
"3671","14:42:36.231370","100","146161","172.26.191.172","5000","9.150730000","48","1","48192","9.207298000"
"3672","14:42:36.231377","100","146209","172.26.191.172","5000","9.150737000","48","1","48192","9.207305000"
"3673","14:42:36.231379","100","146257","172.26.191.172","5000","9.150739000","48","1","48192","9.207307000"
"3674","14:42:36.231385","52","1","100.64.0.5","48192","9.150745000","0","144385","5000","9.207313000"
"3675","14:42:36.231394","100","146305","172.26.191.172","5000","9.150754000","48","1","48192","9.207322000"
"3676","14:42:36.231395","100","146353","172.26.191.172","5000","9.150755000","48","1","48192","9.207323000"
"3677","14:42:36.261043","52","1","100.64.0.5","48192","9.180403000","0","144673","5000","9.236971000"
"3678","14:42:36.261082","100","146401","172.26.191.172","5000","9.180442000","48","1","48192","9.237010000"
"3679","14:42:36.261097","100","146449","172.26.191.172","5000","9.180457000","48","1","48192","9.237025000"
"3680","14:42:36.261109","100","146497","172.26.191.172","5000","9.180469000","48","1","48192","9.237037000"
"3681","14:42:36.261110","100","146545","172.26.191.172","5000","9.180470000","48","1","48192","9.237038000"
"3682","14:42:36.261116","100","146593","172.26.191.172","5000","9.180476000","48","1","48192","9.237044000"
"3683","14:42:36.261118","100","146641","172.26.191.172","5000","9.180478000","48","1","48192","9.237046000"
"3684","14:42:36.261129","52","1","100.64.0.5","48192","9.180489000","0","144961","5000","9.237057000"
"3685","14:42:36.261140","100","146689","172.26.191.172","5000","9.180500000","48","1","48192","9.237068000"
"3686","14:42:36.261142","100","146737","172.26.191.172","5000","9.180502000","48","1","48192","9.237070000"
"3687","14:42:36.261148","100","146785","172.26.191.172","5000","9.180508000","48","1","48192","9.237076000"
"3688","14:42:36.261150","100","146833","172.26.191.172","5000","9.180510000","48","1","48192","9.237078000"
"3689","14:42:36.261157","100","146881","172.26.191.172","5000","9.180517000","48","1","48192","9.237085000"
"3690","14:42:36.261158","100","146929","172.26.191.172","5000","9.180518000","48","1","48192","9.237086000"
"3691","14:42:36.261164","52","1","100.64.0.5","48192","9.180524000","0","145057","5000","9.237092000"
"3692","14:42:36.261173","100","146977","172.26.191.172","5000","9.180533000","48","1","48192","9.237101000"
"3693","14:42:36.261175","100","147025","172.26.191.172","5000","9.180535000","48","1","48192","9.237103000"
"3694","14:42:36.292504","52","1","100.64.0.5","48192","9.211864000","0","145345","5000","9.268432000"
"3695","14:42:36.292545","100","147073","172.26.191.172","5000","9.211905000","48","1","48192","9.268473000"
"3696","14:42:36.292556","100","147121","172.26.191.172","5000","9.211916000","48","1","48192","9.268484000"
"3697","14:42:36.292568","100","147169","172.26.191.172","5000","9.211928000","48","1","48192","9.268496000"
"3698","14:42:36.292570","100","147217","172.26.191.172","5000","9.211930000","48","1","48192","9.268498000"
"3699","14:42:36.292576","100","147265","172.26.191.172","5000","9.211936000","48","1","48192","9.268504000"
"3700","14:42:36.292577","100","147313","172.26.191.172","5000","9.211937000","48","1","48192","9.268505000"
"3701","14:42:36.292589","52","1","100.64.0.5","48192","9.211949000","0","145633","5000","9.268517000"
"3702","14:42:36.292601","100","147361","172.26.191.172","5000","9.211961000","48","1","48192","9.268529000"
"3703","14:42:36.292603","100","147409","172.26.191.172","5000","9.211963000","48","1","48192","9.268531000"
"3704","14:42:36.292610","100","147457","172.26.191.172","5000","9.211970000","48","1","48192","9.268538000"
"3705","14:42:36.292611","100","147505","172.26.191.172","5000","9.211971000","48","1","48192","9.268539000"
"3706","14:42:36.292617","100","147553","172.26.191.172","5000","9.211977000","48","1","48192","9.268545000"
"3707","14:42:36.292618","100","147601","172.26.191.172","5000","9.211978000","48","1","48192","9.268546000"
"3708","14:42:36.292625","52","1","100.64.0.5","48192","9.211985000","0","145729","5000","9.268553000"
"3709","14:42:36.292633","100","147649","172.26.191.172","5000","9.211993000","48","1","48192","9.268561000"
"3710","14:42:36.292634","100","147697","172.26.191.172","5000","9.211994000","48","1","48192","9.268562000"
"3711","14:42:36.322611","52","1","100.64.0.5","48192","9.241971000","0","146017","5000","9.298539000"
"3712","14:42:36.322652","100","147745","172.26.191.172","5000","9.242012000","48","1","48192","9.298580000"
"3713","14:42:36.322661","100","147793","172.26.191.172","5000","9.242021000","48","1","48192","9.298589000"
"3714","14:42:36.322674","100","147841","172.26.191.172","5000","9.242034000","48","1","48192","9.298602000"
"3715","14:42:36.322675","100","147889","172.26.191.172","5000","9.242035000","48","1","48192","9.298603000"
"3716","14:42:36.322681","100","147937","172.26.191.172","5000","9.242041000","48","1","48192","9.298609000"
"3717","14:42:36.322682","100","147985","172.26.191.172","5000","9.242042000","48","1","48192","9.298610000"
"3718","14:42:36.322694","52","1","100.64.0.5","48192","9.242054000","0","146305","5000","9.298622000"
"3719","14:42:36.322705","100","148033","172.26.191.172","5000","9.242065000","48","1","48192","9.298633000"
"3720","14:42:36.322706","100","148081","172.26.191.172","5000","9.242066000","48","1","48192","9.298634000"
"3721","14:42:36.322713","100","148129","172.26.191.172","5000","9.242073000","48","1","48192","9.298641000"
"3722","14:42:36.322714","100","148177","172.26.191.172","5000","9.242074000","48","1","48192","9.298642000"
"3723","14:42:36.322720","100","148225","172.26.191.172","5000","9.242080000","48","1","48192","9.298648000"
"3724","14:42:36.322722","100","148273","172.26.191.172","5000","9.242082000","48","1","48192","9.298650000"
"3725","14:42:36.322728","52","1","100.64.0.5","48192","9.242088000","0","146401","5000","9.298656000"
"3726","14:42:36.322737","100","148321","172.26.191.172","5000","9.242097000","48","1","48192","9.298665000"
"3727","14:42:36.322738","100","148369","172.26.191.172","5000","9.242098000","48","1","48192","9.298666000"
"3728","14:42:36.352208","52","1","100.64.0.5","48192","9.271568000","0","146689","5000","9.328136000"
"3729","14:42:36.352249","100","148417","172.26.191.172","5000","9.271609000","48","1","48192","9.328177000"
"3730","14:42:36.352258","100","148465","172.26.191.172","5000","9.271618000","48","1","48192","9.328186000"
"3731","14:42:36.352271","100","148513","172.26.191.172","5000","9.271631000","48","1","48192","9.328199000"
"3732","14:42:36.352272","100","148561","172.26.191.172","5000","9.271632000","48","1","48192","9.328200000"
"3733","14:42:36.352279","100","148609","172.26.191.172","5000","9.271639000","48","1","48192","9.328207000"
"3734","14:42:36.352280","100","148657","172.26.191.172","5000","9.271640000","48","1","48192","9.328208000"
"3735","14:42:36.352292","52","1","100.64.0.5","48192","9.271652000","0","146785","5000","9.328220000"
"3736","14:42:36.352302","100","148705","172.26.191.172","5000","9.271662000","48","1","48192","9.328230000"
"3737","14:42:36.352303","100","148753","172.26.191.172","5000","9.271663000","48","1","48192","9.328231000"
"3738","14:42:36.352310","52","1","100.64.0.5","48192","9.271670000","0","147073","5000","9.328238000"
"3739","14:42:36.352321","100","148801","172.26.191.172","5000","9.271681000","48","1","48192","9.328249000"
"3740","14:42:36.352322","100","148849","172.26.191.172","5000","9.271682000","48","1","48192","9.328250000"
"3741","14:42:36.352328","100","148897","172.26.191.172","5000","9.271688000","48","1","48192","9.328256000"
"3742","14:42:36.352330","100","148945","172.26.191.172","5000","9.271690000","48","1","48192","9.328258000"
"3743","14:42:36.352349","100","148993","172.26.191.172","5000","9.271709000","48","1","48192","9.328277000"
"3744","14:42:36.352350","100","149041","172.26.191.172","5000","9.271710000","48","1","48192","9.328278000"
"3745","14:42:36.382958","52","1","100.64.0.5","48192","9.302318000","0","147361","5000","9.358886000"
"3746","14:42:36.382999","100","149089","172.26.191.172","5000","9.302359000","48","1","48192","9.358927000"
"3747","14:42:36.383008","100","149137","172.26.191.172","5000","9.302368000","48","1","48192","9.358936000"
"3748","14:42:36.383020","100","149185","172.26.191.172","5000","9.302380000","48","1","48192","9.358948000"
"3749","14:42:36.383021","100","149233","172.26.191.172","5000","9.302381000","48","1","48192","9.358949000"
"3750","14:42:36.383027","100","149281","172.26.191.172","5000","9.302387000","48","1","48192","9.358955000"
"3751","14:42:36.383028","100","149329","172.26.191.172","5000","9.302388000","48","1","48192","9.358956000"
"3752","14:42:36.383040","52","1","100.64.0.5","48192","9.302400000","0","147649","5000","9.358968000"
"3753","14:42:36.383052","100","149377","172.26.191.172","5000","9.302412000","48","1","48192","9.358980000"
"3754","14:42:36.383054","100","149425","172.26.191.172","5000","9.302414000","48","1","48192","9.358982000"
"3755","14:42:36.383060","100","149473","172.26.191.172","5000","9.302420000","48","1","48192","9.358988000"
"3756","14:42:36.383062","100","149521","172.26.191.172","5000","9.302422000","48","1","48192","9.358990000"
"3757","14:42:36.383069","100","149569","172.26.191.172","5000","9.302429000","48","1","48192","9.358997000"
"3758","14:42:36.383070","100","149617","172.26.191.172","5000","9.302430000","48","1","48192","9.358998000"
"3759","14:42:36.383076","100","149665","172.26.191.172","5000","9.302436000","48","1","48192","9.359004000"
"3760","14:42:36.383077","100","149713","172.26.191.172","5000","9.302437000","48","1","48192","9.359005000"
"3761","14:42:36.383083","52","1","100.64.0.5","48192","9.302443000","0","147745","5000","9.359011000"
"3762","14:42:36.383091","100","149761","172.26.191.172","5000","9.302451000","48","1","48192","9.359019000"
"3763","14:42:36.383093","100","149809","172.26.191.172","5000","9.302453000","48","1","48192","9.359021000"
"3764","14:42:36.412636","52","1","100.64.0.5","48192","9.331996000","0","148033","5000","9.388564000"
"3765","14:42:36.412675","100","149857","172.26.191.172","5000","9.332035000","48","1","48192","9.388603000"
"3766","14:42:36.412684","100","149905","172.26.191.172","5000","9.332044000","48","1","48192","9.388612000"
"3767","14:42:36.412695","100","149953","172.26.191.172","5000","9.332055000","48","1","48192","9.388623000"
"3768","14:42:36.412696","100","150001","172.26.191.172","5000","9.332056000","48","1","48192","9.388624000"
"3769","14:42:36.412702","100","150049","172.26.191.172","5000","9.332062000","48","1","48192","9.388630000"
"3770","14:42:36.412703","100","150097","172.26.191.172","5000","9.332063000","48","1","48192","9.388631000"
"3771","14:42:36.412715","52","1","100.64.0.5","48192","9.332075000","0","148321","5000","9.388643000"
"3772","14:42:36.412727","100","150145","172.26.191.172","5000","9.332087000","48","1","48192","9.388655000"
"3773","14:42:36.412728","100","150193","172.26.191.172","5000","9.332088000","48","1","48192","9.388656000"
"3774","14:42:36.412735","100","150241","172.26.191.172","5000","9.332095000","48","1","48192","9.388663000"
"3775","14:42:36.412737","100","150289","172.26.191.172","5000","9.332097000","48","1","48192","9.388665000"
"3776","14:42:36.412744","100","150337","172.26.191.172","5000","9.332104000","48","1","48192","9.388672000"
"3777","14:42:36.412745","100","150385","172.26.191.172","5000","9.332105000","48","1","48192","9.388673000"
"3778","14:42:36.412751","52","1","100.64.0.5","48192","9.332111000","0","148417","5000","9.388679000"
"3779","14:42:36.412759","100","150433","172.26.191.172","5000","9.332119000","48","1","48192","9.388687000"
"3780","14:42:36.412760","100","150481","172.26.191.172","5000","9.332120000","48","1","48192","9.388688000"
"3781","14:42:36.443422","52","1","100.64.0.5","48192","9.362782000","0","148705","5000","9.419350000"
"3782","14:42:36.443462","100","150529","172.26.191.172","5000","9.362822000","48","1","48192","9.419390000"
"3783","14:42:36.443471","100","150577","172.26.191.172","5000","9.362831000","48","1","48192","9.419399000"
"3784","14:42:36.443482","100","150625","172.26.191.172","5000","9.362842000","48","1","48192","9.419410000"
"3785","14:42:36.443483","100","150673","172.26.191.172","5000","9.362843000","48","1","48192","9.419411000"
"3786","14:42:36.443489","100","150721","172.26.191.172","5000","9.362849000","48","1","48192","9.419417000"
"3787","14:42:36.443490","100","150769","172.26.191.172","5000","9.362850000","48","1","48192","9.419418000"
"3788","14:42:36.443502","52","1","100.64.0.5","48192","9.362862000","0","148993","5000","9.419430000"
"3789","14:42:36.443514","100","150817","172.26.191.172","5000","9.362874000","48","1","48192","9.419442000"
"3790","14:42:36.443515","100","150865","172.26.191.172","5000","9.362875000","48","1","48192","9.419443000"
"3791","14:42:36.443523","100","150913","172.26.191.172","5000","9.362883000","48","1","48192","9.419451000"
"3792","14:42:36.443525","100","150961","172.26.191.172","5000","9.362885000","48","1","48192","9.419453000"
"3793","14:42:36.443531","100","151009","172.26.191.172","5000","9.362891000","48","1","48192","9.419459000"
"3794","14:42:36.443532","100","151057","172.26.191.172","5000","9.362892000","48","1","48192","9.419460000"
"3795","14:42:36.443538","52","1","100.64.0.5","48192","9.362898000","0","149089","5000","9.419466000"
"3796","14:42:36.443547","100","151105","172.26.191.172","5000","9.362907000","48","1","48192","9.419475000"
"3797","14:42:36.443548","100","151153","172.26.191.172","5000","9.362908000","48","1","48192","9.419476000"
"3798","14:42:36.474066","52","1","100.64.0.5","48192","9.393426000","0","149377","5000","9.449994000"
"3799","14:42:36.474106","100","151201","172.26.191.172","5000","9.393466000","48","1","48192","9.450034000"
"3800","14:42:36.474116","100","151249","172.26.191.172","5000","9.393476000","48","1","48192","9.450044000"
"3801","14:42:36.474126","100","151297","172.26.191.172","5000","9.393486000","48","1","48192","9.450054000"
"3802","14:42:36.474128","100","151345","172.26.191.172","5000","9.393488000","48","1","48192","9.450056000"
"3803","14:42:36.474134","100","151393","172.26.191.172","5000","9.393494000","48","1","48192","9.450062000"
"3804","14:42:36.474135","100","151441","172.26.191.172","5000","9.393495000","48","1","48192","9.450063000"
"3805","14:42:36.474147","52","1","100.64.0.5","48192","9.393507000","0","149665","5000","9.450075000"
"3806","14:42:36.474159","100","151489","172.26.191.172","5000","9.393519000","48","1","48192","9.450087000"
"3807","14:42:36.474161","100","151537","172.26.191.172","5000","9.393521000","48","1","48192","9.450089000"
"3808","14:42:36.474169","100","151585","172.26.191.172","5000","9.393529000","48","1","48192","9.450097000"
"3809","14:42:36.474170","100","151633","172.26.191.172","5000","9.393530000","48","1","48192","9.450098000"
"3810","14:42:36.474176","100","151681","172.26.191.172","5000","9.393536000","48","1","48192","9.450104000"
"3811","14:42:36.474177","100","151729","172.26.191.172","5000","9.393537000","48","1","48192","9.450105000"
"3812","14:42:36.474183","52","1","100.64.0.5","48192","9.393543000","0","149761","5000","9.450111000"
"3813","14:42:36.474191","100","151777","172.26.191.172","5000","9.393551000","48","1","48192","9.450119000"
"3814","14:42:36.474192","100","151825","172.26.191.172","5000","9.393552000","48","1","48192","9.450120000"
"3815","14:42:36.503885","52","1","100.64.0.5","48192","9.423245000","0","150049","5000","9.479813000"
"3816","14:42:36.503925","100","151873","172.26.191.172","5000","9.423285000","48","1","48192","9.479853000"
"3817","14:42:36.503934","100","151921","172.26.191.172","5000","9.423294000","48","1","48192","9.479862000"
"3818","14:42:36.503945","100","151969","172.26.191.172","5000","9.423305000","48","1","48192","9.479873000"
"3819","14:42:36.503947","100","152017","172.26.191.172","5000","9.423307000","48","1","48192","9.479875000"
"3820","14:42:36.503953","100","152065","172.26.191.172","5000","9.423313000","48","1","48192","9.479881000"
"3821","14:42:36.503954","100","152113","172.26.191.172","5000","9.423314000","48","1","48192","9.479882000"
"3822","14:42:36.503966","52","1","100.64.0.5","48192","9.423326000","0","150337","5000","9.479894000"
"3823","14:42:36.503978","100","152161","172.26.191.172","5000","9.423338000","48","1","48192","9.479906000"
"3824","14:42:36.503979","100","152209","172.26.191.172","5000","9.423339000","48","1","48192","9.479907000"
"3825","14:42:36.503986","100","152257","172.26.191.172","5000","9.423346000","48","1","48192","9.479914000"
"3826","14:42:36.503987","100","152305","172.26.191.172","5000","9.423347000","48","1","48192","9.479915000"
"3827","14:42:36.503994","100","152353","172.26.191.172","5000","9.423354000","48","1","48192","9.479922000"
"3828","14:42:36.503995","100","152401","172.26.191.172","5000","9.423355000","48","1","48192","9.479923000"
"3829","14:42:36.504001","52","1","100.64.0.5","48192","9.423361000","0","150433","5000","9.479929000"
"3830","14:42:36.504010","100","152449","172.26.191.172","5000","9.423370000","48","1","48192","9.479938000"
"3831","14:42:36.504011","100","152497","172.26.191.172","5000","9.423371000","48","1","48192","9.479939000"
"3832","14:42:36.533848","52","1","100.64.0.5","48192","9.453208000","0","150721","5000","9.509776000"
"3833","14:42:36.533888","100","152545","172.26.191.172","5000","9.453248000","48","1","48192","9.509816000"
"3834","14:42:36.533897","100","152593","172.26.191.172","5000","9.453257000","48","1","48192","9.509825000"
"3835","14:42:36.533909","100","152641","172.26.191.172","5000","9.453269000","48","1","48192","9.509837000"
"3836","14:42:36.533911","100","152689","172.26.191.172","5000","9.453271000","48","1","48192","9.509839000"
"3837","14:42:36.533917","100","152737","172.26.191.172","5000","9.453277000","48","1","48192","9.509845000"
"3838","14:42:36.533918","100","152785","172.26.191.172","5000","9.453278000","48","1","48192","9.509846000"
"3839","14:42:36.533930","52","1","100.64.0.5","48192","9.453290000","0","151009","5000","9.509858000"
"3840","14:42:36.533941","100","152833","172.26.191.172","5000","9.453301000","48","1","48192","9.509869000"
"3841","14:42:36.533942","100","152881","172.26.191.172","5000","9.453302000","48","1","48192","9.509870000"
"3842","14:42:36.533949","100","152929","172.26.191.172","5000","9.453309000","48","1","48192","9.509877000"
"3843","14:42:36.533951","100","152977","172.26.191.172","5000","9.453311000","48","1","48192","9.509879000"
"3844","14:42:36.533956","100","153025","172.26.191.172","5000","9.453316000","48","1","48192","9.509884000"
"3845","14:42:36.533957","100","153073","172.26.191.172","5000","9.453317000","48","1","48192","9.509885000"
"3846","14:42:36.533964","52","1","100.64.0.5","48192","9.453324000","0","151153","5000","9.509892000"
"3847","14:42:36.533975","100","153121","172.26.191.172","5000","9.453335000","48","1","48192","9.509903000"
"3848","14:42:36.533976","100","153169","172.26.191.172","5000","9.453336000","48","1","48192","9.509904000"
"3849","14:42:36.533982","100","153217","172.26.191.172","5000","9.453342000","48","1","48192","9.509910000"
"3850","14:42:36.533983","100","153265","172.26.191.172","5000","9.453343000","48","1","48192","9.509911000"
"3851","14:42:36.564239","52","1","100.64.0.5","48192","9.483599000","0","151489","5000","9.540167000"
"3852","14:42:36.564280","100","153313","172.26.191.172","5000","9.483640000","48","1","48192","9.540208000"
"3853","14:42:36.564289","100","153361","172.26.191.172","5000","9.483649000","48","1","48192","9.540217000"
"3854","14:42:36.564300","100","153409","172.26.191.172","5000","9.483660000","48","1","48192","9.540228000"
"3855","14:42:36.564301","100","153457","172.26.191.172","5000","9.483661000","48","1","48192","9.540229000"
"3856","14:42:36.564307","100","153505","172.26.191.172","5000","9.483667000","48","1","48192","9.540235000"
"3857","14:42:36.564309","100","153553","172.26.191.172","5000","9.483669000","48","1","48192","9.540237000"
"3858","14:42:36.564321","52","1","100.64.0.5","48192","9.483681000","0","151777","5000","9.540249000"
"3859","14:42:36.564332","100","153601","172.26.191.172","5000","9.483692000","48","1","48192","9.540260000"
"3860","14:42:36.564348","100","153649","172.26.191.172","5000","9.483708000","48","1","48192","9.540276000"
"3861","14:42:36.564357","100","153697","172.26.191.172","5000","9.483717000","48","1","48192","9.540285000"
"3862","14:42:36.564358","100","153745","172.26.191.172","5000","9.483718000","48","1","48192","9.540286000"
"3863","14:42:36.564364","100","153793","172.26.191.172","5000","9.483724000","48","1","48192","9.540292000"
"3864","14:42:36.564365","100","153841","172.26.191.172","5000","9.483725000","48","1","48192","9.540293000"
"3865","14:42:36.564378","52","1","100.64.0.5","48192","9.483738000","0","151825","5000","9.540306000"
"3866","14:42:36.564388","100","153889","172.26.191.172","5000","9.483748000","48","1","48192","9.540316000"
"3867","14:42:36.564389","100","153937","172.26.191.172","5000","9.483749000","48","1","48192","9.540317000"
"3868","14:42:36.594841","52","1","100.64.0.5","48192","9.514201000","0","152161","5000","9.570769000"
"3869","14:42:36.594881","100","153985","172.26.191.172","5000","9.514241000","48","1","48192","9.570809000"
"3870","14:42:36.594890","100","154033","172.26.191.172","5000","9.514250000","48","1","48192","9.570818000"
"3871","14:42:36.594902","100","154081","172.26.191.172","5000","9.514262000","48","1","48192","9.570830000"
"3872","14:42:36.594903","100","154129","172.26.191.172","5000","9.514263000","48","1","48192","9.570831000"
"3873","14:42:36.594909","100","154177","172.26.191.172","5000","9.514269000","48","1","48192","9.570837000"
"3874","14:42:36.594911","100","154225","172.26.191.172","5000","9.514271000","48","1","48192","9.570839000"
"3875","14:42:36.594918","100","154273","172.26.191.172","5000","9.514278000","48","1","48192","9.570846000"
"3876","14:42:36.594919","100","154321","172.26.191.172","5000","9.514279000","48","1","48192","9.570847000"
"3877","14:42:36.594931","52","1","100.64.0.5","48192","9.514291000","0","152353","5000","9.570859000"
"3878","14:42:36.594941","100","154369","172.26.191.172","5000","9.514301000","48","1","48192","9.570869000"
"3879","14:42:36.594942","100","154417","172.26.191.172","5000","9.514302000","48","1","48192","9.570870000"
"3880","14:42:36.594949","100","154465","172.26.191.172","5000","9.514309000","48","1","48192","9.570877000"
"3881","14:42:36.594950","100","154513","172.26.191.172","5000","9.514310000","48","1","48192","9.570878000"
"3882","14:42:36.594956","52","1","100.64.0.5","48192","9.514316000","0","152545","5000","9.570884000"
"3883","14:42:36.594967","100","154561","172.26.191.172","5000","9.514327000","48","1","48192","9.570895000"
"3884","14:42:36.594968","100","154609","172.26.191.172","5000","9.514328000","48","1","48192","9.570896000"
"3885","14:42:36.594974","100","154657","172.26.191.172","5000","9.514334000","48","1","48192","9.570902000"
"3886","14:42:36.594975","100","154705","172.26.191.172","5000","9.514335000","48","1","48192","9.570903000"
"3887","14:42:36.624653","52","1","100.64.0.5","48192","9.544013000","0","152833","5000","9.600581000"
"3888","14:42:36.624694","100","154753","172.26.191.172","5000","9.544054000","48","1","48192","9.600622000"
"3889","14:42:36.624703","100","154801","172.26.191.172","5000","9.544063000","48","1","48192","9.600631000"
"3890","14:42:36.624714","100","154849","172.26.191.172","5000","9.544074000","48","1","48192","9.600642000"
"3891","14:42:36.624716","100","154897","172.26.191.172","5000","9.544076000","48","1","48192","9.600644000"
"3892","14:42:36.624722","100","154945","172.26.191.172","5000","9.544082000","48","1","48192","9.600650000"
"3893","14:42:36.624723","100","154993","172.26.191.172","5000","9.544083000","48","1","48192","9.600651000"
"3894","14:42:36.624735","52","1","100.64.0.5","48192","9.544095000","0","153121","5000","9.600663000"
"3895","14:42:36.624747","100","155041","172.26.191.172","5000","9.544107000","48","1","48192","9.600675000"
"3896","14:42:36.624748","100","155089","172.26.191.172","5000","9.544108000","48","1","48192","9.600676000"
"3897","14:42:36.624756","100","155137","172.26.191.172","5000","9.544116000","48","1","48192","9.600684000"
"3898","14:42:36.624757","100","155185","172.26.191.172","5000","9.544117000","48","1","48192","9.600685000"
"3899","14:42:36.624762","100","155233","172.26.191.172","5000","9.544122000","48","1","48192","9.600690000"
"3900","14:42:36.624764","100","155281","172.26.191.172","5000","9.544124000","48","1","48192","9.600692000"
"3901","14:42:36.624770","52","1","100.64.0.5","48192","9.544130000","0","153217","5000","9.600698000"
"3902","14:42:36.624778","100","155329","172.26.191.172","5000","9.544138000","48","1","48192","9.600706000"
"3903","14:42:36.624780","100","155377","172.26.191.172","5000","9.544140000","48","1","48192","9.600708000"
"3904","14:42:36.655515","52","1","100.64.0.5","48192","9.574875000","0","153505","5000","9.631443000"
"3905","14:42:36.655555","100","155425","172.26.191.172","5000","9.574915000","48","1","48192","9.631483000"
"3906","14:42:36.655563","100","155473","172.26.191.172","5000","9.574923000","48","1","48192","9.631491000"
"3907","14:42:36.655574","100","155521","172.26.191.172","5000","9.574934000","48","1","48192","9.631502000"
"3908","14:42:36.655575","100","155569","172.26.191.172","5000","9.574935000","48","1","48192","9.631503000"
"3909","14:42:36.655581","100","155617","172.26.191.172","5000","9.574941000","48","1","48192","9.631509000"
"3910","14:42:36.655583","100","155665","172.26.191.172","5000","9.574943000","48","1","48192","9.631511000"
"3911","14:42:36.655594","52","1","100.64.0.5","48192","9.574954000","0","153793","5000","9.631522000"
"3912","14:42:36.655604","100","155713","172.26.191.172","5000","9.574964000","48","1","48192","9.631532000"
"3913","14:42:36.655606","100","155761","172.26.191.172","5000","9.574966000","48","1","48192","9.631534000"
"3914","14:42:36.655613","100","155809","172.26.191.172","5000","9.574973000","48","1","48192","9.631541000"
"3915","14:42:36.655614","100","155857","172.26.191.172","5000","9.574974000","48","1","48192","9.631542000"
"3916","14:42:36.655620","100","155905","172.26.191.172","5000","9.574980000","48","1","48192","9.631548000"
"3917","14:42:36.655621","100","155953","172.26.191.172","5000","9.574981000","48","1","48192","9.631549000"
"3918","14:42:36.655627","52","1","100.64.0.5","48192","9.574987000","0","153889","5000","9.631555000"
"3919","14:42:36.655636","100","156001","172.26.191.172","5000","9.574996000","48","1","48192","9.631564000"
"3920","14:42:36.655637","100","156049","172.26.191.172","5000","9.574997000","48","1","48192","9.631565000"
"3921","14:42:36.685109","52","1","100.64.0.5","48192","9.604469000","0","154177","5000","9.661037000"
"3922","14:42:36.685127","100","156097","172.26.191.172","5000","9.604487000","48","1","48192","9.661055000"
"3923","14:42:36.685132","100","156145","172.26.191.172","5000","9.604492000","48","1","48192","9.661060000"
"3924","14:42:36.685137","100","156193","172.26.191.172","5000","9.604497000","48","1","48192","9.661065000"
"3925","14:42:36.685137","100","156241","172.26.191.172","5000","9.604497000","48","1","48192","9.661065000"
"3926","14:42:36.685140","100","156289","172.26.191.172","5000","9.604500000","48","1","48192","9.661068000"
"3927","14:42:36.685141","100","156337","172.26.191.172","5000","9.604501000","48","1","48192","9.661069000"
"3928","14:42:36.686210","52","1","100.64.0.5","48192","9.605570000","0","154465","5000","9.662138000"
"3929","14:42:36.686218","100","156385","172.26.191.172","5000","9.605578000","48","1","48192","9.662146000"
"3930","14:42:36.686221","100","156433","172.26.191.172","5000","9.605581000","48","1","48192","9.662149000"
"3931","14:42:36.686225","100","156481","172.26.191.172","5000","9.605585000","48","1","48192","9.662153000"
"3932","14:42:36.686225","100","156529","172.26.191.172","5000","9.605585000","48","1","48192","9.662153000"
"3933","14:42:36.686228","100","156577","172.26.191.172","5000","9.605588000","48","1","48192","9.662156000"
"3934","14:42:36.686229","100","156625","172.26.191.172","5000","9.605589000","48","1","48192","9.662157000"
"3935","14:42:36.686233","52","1","100.64.0.5","48192","9.605593000","0","154561","5000","9.662161000"
"3936","14:42:36.686238","100","156673","172.26.191.172","5000","9.605598000","48","1","48192","9.662166000"
"3937","14:42:36.686239","100","156721","172.26.191.172","5000","9.605599000","48","1","48192","9.662167000"
"3938","14:42:36.686243","52","1","100.64.0.5","48192","9.605603000","0","154609","5000","9.662171000"
"3939","14:42:36.686248","100","156769","172.26.191.172","5000","9.605608000","48","1","48192","9.662176000"
"3940","14:42:36.686249","100","156817","172.26.191.172","5000","9.605609000","48","1","48192","9.662177000"
"3941","14:42:36.715885","52","1","100.64.0.5","48192","9.635245000","0","154753","5000","9.691813000"
"3942","14:42:36.715919","100","156865","172.26.191.172","5000","9.635279000","48","1","48192","9.691847000"
"3943","14:42:36.715929","100","156913","172.26.191.172","5000","9.635289000","48","1","48192","9.691857000"
"3944","14:42:36.715944","52","1","100.64.0.5","48192","9.635304000","0","155041","5000","9.691872000"
"3945","14:42:36.715957","100","156961","172.26.191.172","5000","9.635317000","48","1","48192","9.691885000"
"3946","14:42:36.715958","100","157009","172.26.191.172","5000","9.635318000","48","1","48192","9.691886000"
"3947","14:42:36.715967","100","157057","172.26.191.172","5000","9.635327000","48","1","48192","9.691895000"
"3948","14:42:36.715968","100","157105","172.26.191.172","5000","9.635328000","48","1","48192","9.691896000"
"3949","14:42:36.715975","100","157153","172.26.191.172","5000","9.635335000","48","1","48192","9.691903000"
"3950","14:42:36.715977","100","157201","172.26.191.172","5000","9.635337000","48","1","48192","9.691905000"
"3951","14:42:36.715984","52","1","100.64.0.5","48192","9.635344000","0","155281","5000","9.691912000"
"3952","14:42:36.715995","100","157249","172.26.191.172","5000","9.635355000","48","1","48192","9.691923000"
"3953","14:42:36.715997","100","157297","172.26.191.172","5000","9.635357000","48","1","48192","9.691925000"
"3954","14:42:36.716003","100","157345","172.26.191.172","5000","9.635363000","48","1","48192","9.691931000"
"3955","14:42:36.716005","100","157393","172.26.191.172","5000","9.635365000","48","1","48192","9.691933000"
"3956","14:42:36.716011","100","157441","172.26.191.172","5000","9.635371000","48","1","48192","9.691939000"
"3957","14:42:36.716012","100","157489","172.26.191.172","5000","9.635372000","48","1","48192","9.691940000"
"3958","14:42:36.746597","52","1","100.64.0.5","48192","9.665957000","0","155569","5000","9.722525000"
"3959","14:42:36.746639","100","157537","172.26.191.172","5000","9.665999000","48","1","48192","9.722567000"
"3960","14:42:36.746648","100","157585","172.26.191.172","5000","9.666008000","48","1","48192","9.722576000"
"3961","14:42:36.746659","100","157633","172.26.191.172","5000","9.666019000","48","1","48192","9.722587000"
"3962","14:42:36.746660","100","157681","172.26.191.172","5000","9.666020000","48","1","48192","9.722588000"
"3963","14:42:36.746668","100","157729","172.26.191.172","5000","9.666028000","48","1","48192","9.722596000"
"3964","14:42:36.746669","100","157777","172.26.191.172","5000","9.666029000","48","1","48192","9.722597000"
"3965","14:42:36.746681","52","1","100.64.0.5","48192","9.666041000","0","155617","5000","9.722609000"
"3966","14:42:36.746690","52","1","100.64.0.5","48192","9.666050000","0","155857","5000","9.722618000"
"3967","14:42:36.746701","100","157825","172.26.191.172","5000","9.666061000","48","1","48192","9.722629000"
"3968","14:42:36.746702","100","157873","172.26.191.172","5000","9.666062000","48","1","48192","9.722630000"
"3969","14:42:36.746708","100","157921","172.26.191.172","5000","9.666068000","48","1","48192","9.722636000"
"3970","14:42:36.746710","100","157969","172.26.191.172","5000","9.666070000","48","1","48192","9.722638000"
"3971","14:42:36.746716","100","158017","172.26.191.172","5000","9.666076000","48","1","48192","9.722644000"
"3972","14:42:36.746717","100","158065","172.26.191.172","5000","9.666077000","48","1","48192","9.722645000"
"3973","14:42:36.746724","52","1","100.64.0.5","48192","9.666084000","0","156001","5000","9.722652000"
"3974","14:42:36.746732","100","158113","172.26.191.172","5000","9.666092000","48","1","48192","9.722660000"
"3975","14:42:36.746734","100","158161","172.26.191.172","5000","9.666094000","48","1","48192","9.722662000"
"3976","14:42:36.777040","52","1","100.64.0.5","48192","9.696400000","0","156289","5000","9.752968000"
"3977","14:42:36.777081","100","158209","172.26.191.172","5000","9.696441000","48","1","48192","9.753009000"
"3978","14:42:36.777089","100","158257","172.26.191.172","5000","9.696449000","48","1","48192","9.753017000"
"3979","14:42:36.777101","100","158305","172.26.191.172","5000","9.696461000","48","1","48192","9.753029000"
"3980","14:42:36.777102","100","158353","172.26.191.172","5000","9.696462000","48","1","48192","9.753030000"
"3981","14:42:36.777109","100","158401","172.26.191.172","5000","9.696469000","48","1","48192","9.753037000"
"3982","14:42:36.777110","100","158449","172.26.191.172","5000","9.696470000","48","1","48192","9.753038000"
"3983","14:42:36.777122","52","1","100.64.0.5","48192","9.696482000","0","156385","5000","9.753050000"
"3984","14:42:36.777133","100","158497","172.26.191.172","5000","9.696493000","48","1","48192","9.753061000"
"3985","14:42:36.777135","100","158545","172.26.191.172","5000","9.696495000","48","1","48192","9.753063000"
"3986","14:42:36.777141","100","158593","172.26.191.172","5000","9.696501000","48","1","48192","9.753069000"
"3987","14:42:36.777143","100","158641","172.26.191.172","5000","9.696503000","48","1","48192","9.753071000"
"3988","14:42:36.777149","52","1","100.64.0.5","48192","9.696509000","0","156673","5000","9.753077000"
"3989","14:42:36.777160","100","158689","172.26.191.172","5000","9.696520000","48","1","48192","9.753088000"
"3990","14:42:36.777161","100","158737","172.26.191.172","5000","9.696521000","48","1","48192","9.753089000"
"3991","14:42:36.777168","100","158785","172.26.191.172","5000","9.696528000","48","1","48192","9.753096000"
"3992","14:42:36.777169","100","158833","172.26.191.172","5000","9.696529000","48","1","48192","9.753097000"
"3993","14:42:36.777175","100","158881","172.26.191.172","5000","9.696535000","48","1","48192","9.753103000"
"3994","14:42:36.777176","100","158929","172.26.191.172","5000","9.696536000","48","1","48192","9.753104000"
"3995","14:42:36.806849","52","1","100.64.0.5","48192","9.726209000","0","156961","5000","9.782777000"
"3996","14:42:36.806890","100","158977","172.26.191.172","5000","9.726250000","48","1","48192","9.782818000"
"3997","14:42:36.806899","100","159025","172.26.191.172","5000","9.726259000","48","1","48192","9.782827000"
"3998","14:42:36.806910","100","159073","172.26.191.172","5000","9.726270000","48","1","48192","9.782838000"
"3999","14:42:36.806912","100","159121","172.26.191.172","5000","9.726272000","48","1","48192","9.782840000"
"4000","14:42:36.806918","100","159169","172.26.191.172","5000","9.726278000","48","1","48192","9.782846000"
"4001","14:42:36.806920","100","159217","172.26.191.172","5000","9.726280000","48","1","48192","9.782848000"
"4002","14:42:36.806931","52","1","100.64.0.5","48192","9.726291000","0","157249","5000","9.782859000"
"4003","14:42:36.806943","100","159265","172.26.191.172","5000","9.726303000","48","1","48192","9.782871000"
"4004","14:42:36.806945","100","159313","172.26.191.172","5000","9.726305000","48","1","48192","9.782873000"
"4005","14:42:36.806953","100","159361","172.26.191.172","5000","9.726313000","48","1","48192","9.782881000"
"4006","14:42:36.806954","100","159409","172.26.191.172","5000","9.726314000","48","1","48192","9.782882000"
"4007","14:42:36.806960","100","159457","172.26.191.172","5000","9.726320000","48","1","48192","9.782888000"
"4008","14:42:36.806961","100","159505","172.26.191.172","5000","9.726321000","48","1","48192","9.782889000"
"4009","14:42:36.806967","52","1","100.64.0.5","48192","9.726327000","0","157393","5000","9.782895000"
"4010","14:42:36.806977","100","159553","172.26.191.172","5000","9.726337000","48","1","48192","9.782905000"
"4011","14:42:36.806978","100","159601","172.26.191.172","5000","9.726338000","48","1","48192","9.782906000"
"4012","14:42:36.836384","52","1","100.64.0.5","48192","9.755744000","0","157681","5000","9.812312000"
"4013","14:42:36.836427","100","159649","172.26.191.172","5000","9.755787000","48","1","48192","9.812355000"
"4014","14:42:36.836436","100","159697","172.26.191.172","5000","9.755796000","48","1","48192","9.812364000"
"4015","14:42:36.836447","100","159745","172.26.191.172","5000","9.755807000","48","1","48192","9.812375000"
"4016","14:42:36.836448","100","159793","172.26.191.172","5000","9.755808000","48","1","48192","9.812376000"
"4017","14:42:36.836455","100","159841","172.26.191.172","5000","9.755815000","48","1","48192","9.812383000"
"4018","14:42:36.836456","100","159889","172.26.191.172","5000","9.755816000","48","1","48192","9.812384000"
"4019","14:42:36.836470","52","1","100.64.0.5","48192","9.755830000","0","157921","5000","9.812398000"
"4020","14:42:36.836482","100","159937","172.26.191.172","5000","9.755842000","48","1","48192","9.812410000"
"4021","14:42:36.836483","100","159985","172.26.191.172","5000","9.755843000","48","1","48192","9.812411000"
"4022","14:42:36.836491","100","160033","172.26.191.172","5000","9.755851000","48","1","48192","9.812419000"
"4023","14:42:36.836492","100","160081","172.26.191.172","5000","9.755852000","48","1","48192","9.812420000"
"4024","14:42:36.836498","100","160129","172.26.191.172","5000","9.755858000","48","1","48192","9.812426000"
"4025","14:42:36.836499","100","160177","172.26.191.172","5000","9.755859000","48","1","48192","9.812427000"
"4026","14:42:36.836506","52","1","100.64.0.5","48192","9.755866000","0","157969","5000","9.812434000"
"4027","14:42:36.836514","52","1","100.64.0.5","48192","9.755874000","0","158017","5000","9.812442000"
"4028","14:42:36.836522","100","160225","172.26.191.172","5000","9.755882000","48","1","48192","9.812450000"
"4029","14:42:36.836523","100","160273","172.26.191.172","5000","9.755883000","48","1","48192","9.812451000"
"4030","14:42:36.837687","52","1","100.64.0.5","48192","9.757047000","0","158065","5000","9.813615000"
"4031","14:42:36.837708","100","160321","172.26.191.172","5000","9.757068000","48","1","48192","9.813636000"
"4032","14:42:36.868426","52","1","100.64.0.5","48192","9.787786000","0","158353","5000","9.844354000"
"4033","14:42:36.868466","100","160369","172.26.191.172","5000","9.787826000","48","1","48192","9.844394000"
"4034","14:42:36.868476","100","160417","172.26.191.172","5000","9.787836000","48","1","48192","9.844404000"
"4035","14:42:36.868489","100","160465","172.26.191.172","5000","9.787849000","48","1","48192","9.844417000"
"4036","14:42:36.868490","100","160513","172.26.191.172","5000","9.787850000","48","1","48192","9.844418000"
"4037","14:42:36.868497","100","160561","172.26.191.172","5000","9.787857000","48","1","48192","9.844425000"
"4038","14:42:36.868498","100","160609","172.26.191.172","5000","9.787858000","48","1","48192","9.844426000"
"4039","14:42:36.868510","52","1","100.64.0.5","48192","9.787870000","0","158497","5000","9.844438000"
"4040","14:42:36.868521","100","160657","172.26.191.172","5000","9.787881000","48","1","48192","9.844449000"
"4041","14:42:36.868523","100","160705","172.26.191.172","5000","9.787883000","48","1","48192","9.844451000"
"4042","14:42:36.868531","52","1","100.64.0.5","48192","9.787891000","0","158785","5000","9.844459000"
"4043","14:42:36.868541","100","160753","172.26.191.172","5000","9.787901000","48","1","48192","9.844469000"
"4044","14:42:36.868543","100","160801","172.26.191.172","5000","9.787903000","48","1","48192","9.844471000"
"4045","14:42:36.868549","100","160849","172.26.191.172","5000","9.787909000","48","1","48192","9.844477000"
"4046","14:42:36.868550","100","160897","172.26.191.172","5000","9.787910000","48","1","48192","9.844478000"
"4047","14:42:36.868556","100","160945","172.26.191.172","5000","9.787916000","48","1","48192","9.844484000"
"4048","14:42:36.868557","100","160993","172.26.191.172","5000","9.787917000","48","1","48192","9.844485000"
"4049","14:42:36.868563","100","161041","172.26.191.172","5000","9.787923000","48","1","48192","9.844491000"
"4050","14:42:36.868564","100","161089","172.26.191.172","5000","9.787924000","48","1","48192","9.844492000"
"4051","14:42:36.898223","52","1","100.64.0.5","48192","9.817583000","0","159073","5000","9.874151000"
"4052","14:42:36.898260","100","161137","172.26.191.172","5000","9.817620000","48","1","48192","9.874188000"
"4053","14:42:36.898270","100","161185","172.26.191.172","5000","9.817630000","48","1","48192","9.874198000"
"4054","14:42:36.898281","100","161233","172.26.191.172","5000","9.817641000","48","1","48192","9.874209000"
"4055","14:42:36.898283","100","161281","172.26.191.172","5000","9.817643000","48","1","48192","9.874211000"
"4056","14:42:36.898289","100","161329","172.26.191.172","5000","9.817649000","48","1","48192","9.874217000"
"4057","14:42:36.898290","100","161377","172.26.191.172","5000","9.817650000","48","1","48192","9.874218000"
"4058","14:42:36.898302","52","1","100.64.0.5","48192","9.817662000","0","159169","5000","9.874230000"
"4059","14:42:36.898314","100","161425","172.26.191.172","5000","9.817674000","48","1","48192","9.874242000"
"4060","14:42:36.898316","100","161473","172.26.191.172","5000","9.817676000","48","1","48192","9.874244000"
"4061","14:42:36.898324","52","1","100.64.0.5","48192","9.817684000","0","159457","5000","9.874252000"
"4062","14:42:36.898336","100","161521","172.26.191.172","5000","9.817696000","48","1","48192","9.874264000"
"4063","14:42:36.898337","100","161569","172.26.191.172","5000","9.817697000","48","1","48192","9.874265000"
"4064","14:42:36.898344","100","161617","172.26.191.172","5000","9.817704000","48","1","48192","9.874272000"
"4065","14:42:36.898345","100","161665","172.26.191.172","5000","9.817705000","48","1","48192","9.874273000"
"4066","14:42:36.898351","100","161713","172.26.191.172","5000","9.817711000","48","1","48192","9.874279000"
"4067","14:42:36.898352","100","161761","172.26.191.172","5000","9.817712000","48","1","48192","9.874280000"
"4068","14:42:36.928078","52","1","100.64.0.5","48192","9.847438000","0","159745","5000","9.904006000"
"4069","14:42:36.928118","100","161809","172.26.191.172","5000","9.847478000","48","1","48192","9.904046000"
"4070","14:42:36.928127","100","161857","172.26.191.172","5000","9.847487000","48","1","48192","9.904055000"
"4071","14:42:36.928139","100","161905","172.26.191.172","5000","9.847499000","48","1","48192","9.904067000"
"4072","14:42:36.928140","100","161953","172.26.191.172","5000","9.847500000","48","1","48192","9.904068000"
"4073","14:42:36.928147","100","162001","172.26.191.172","5000","9.847507000","48","1","48192","9.904075000"
"4074","14:42:36.928148","100","162049","172.26.191.172","5000","9.847508000","48","1","48192","9.904076000"
"4075","14:42:36.928159","52","1","100.64.0.5","48192","9.847519000","0","160033","5000","9.904087000"
"4076","14:42:36.928170","100","162097","172.26.191.172","5000","9.847530000","48","1","48192","9.904098000"
"4077","14:42:36.928172","100","162145","172.26.191.172","5000","9.847532000","48","1","48192","9.904100000"
"4078","14:42:36.928178","100","162193","172.26.191.172","5000","9.847538000","48","1","48192","9.904106000"
"4079","14:42:36.928180","100","162241","172.26.191.172","5000","9.847540000","48","1","48192","9.904108000"
"4080","14:42:36.928188","100","162289","172.26.191.172","5000","9.847548000","48","1","48192","9.904116000"
"4081","14:42:36.928189","100","162337","172.26.191.172","5000","9.847549000","48","1","48192","9.904117000"
"4082","14:42:36.928195","52","1","100.64.0.5","48192","9.847555000","0","160081","5000","9.904123000"
"4083","14:42:36.928204","52","1","100.64.0.5","48192","9.847564000","0","160177","5000","9.904132000"
"4084","14:42:36.928213","100","162385","172.26.191.172","5000","9.847573000","48","1","48192","9.904141000"
"4085","14:42:36.928214","100","162433","172.26.191.172","5000","9.847574000","48","1","48192","9.904142000"
"4086","14:42:36.957661","52","1","100.64.0.5","48192","9.877021000","0","160465","5000","9.933589000"
"4087","14:42:36.957701","100","162481","172.26.191.172","5000","9.877061000","48","1","48192","9.933629000"
"4088","14:42:36.957710","100","162529","172.26.191.172","5000","9.877070000","48","1","48192","9.933638000"
"4089","14:42:36.957721","100","162577","172.26.191.172","5000","9.877081000","48","1","48192","9.933649000"
"4090","14:42:36.957722","100","162625","172.26.191.172","5000","9.877082000","48","1","48192","9.933650000"
"4091","14:42:36.957728","100","162673","172.26.191.172","5000","9.877088000","48","1","48192","9.933656000"
"4092","14:42:36.957730","100","162721","172.26.191.172","5000","9.877090000","48","1","48192","9.933658000"
"4093","14:42:36.957744","52","1","100.64.0.5","48192","9.877104000","0","160513","5000","9.933672000"
"4094","14:42:36.957754","100","162769","172.26.191.172","5000","9.877114000","48","1","48192","9.933682000"
"4095","14:42:36.957756","100","162817","172.26.191.172","5000","9.877116000","48","1","48192","9.933684000"
"4096","14:42:36.957764","52","1","100.64.0.5","48192","9.877124000","0","160849","5000","9.933692000"
"4097","14:42:36.957775","100","162865","172.26.191.172","5000","9.877135000","48","1","48192","9.933703000"
"4098","14:42:36.957777","100","162913","172.26.191.172","5000","9.877137000","48","1","48192","9.933705000"
"4099","14:42:36.957784","100","162961","172.26.191.172","5000","9.877144000","48","1","48192","9.933712000"
"4100","14:42:36.957786","100","163009","172.26.191.172","5000","9.877146000","48","1","48192","9.933714000"
"4101","14:42:36.957794","100","163057","172.26.191.172","5000","9.877154000","48","1","48192","9.933722000"
"4102","14:42:36.957795","100","163105","172.26.191.172","5000","9.877155000","48","1","48192","9.933723000"
"4103","14:42:36.957800","100","163153","172.26.191.172","5000","9.877160000","48","1","48192","9.933728000"
"4104","14:42:36.988798","52","1","100.64.0.5","48192","9.908158000","0","161137","5000","9.964726000"
"4105","14:42:36.988837","100","163201","172.26.191.172","5000","9.908197000","48","1","48192","9.964765000"
"4106","14:42:36.988846","100","163249","172.26.191.172","5000","9.908206000","48","1","48192","9.964774000"
"4107","14:42:36.988858","100","163297","172.26.191.172","5000","9.908218000","48","1","48192","9.964786000"
"4108","14:42:36.988859","100","163345","172.26.191.172","5000","9.908219000","48","1","48192","9.964787000"
"4109","14:42:36.988865","100","163393","172.26.191.172","5000","9.908225000","48","1","48192","9.964793000"
"4110","14:42:36.988867","100","163441","172.26.191.172","5000","9.908227000","48","1","48192","9.964795000"
"4111","14:42:36.988879","52","1","100.64.0.5","48192","9.908239000","0","161425","5000","9.964807000"
"4112","14:42:36.988890","100","163489","172.26.191.172","5000","9.908250000","48","1","48192","9.964818000"
"4113","14:42:36.988891","100","163537","172.26.191.172","5000","9.908251000","48","1","48192","9.964819000"
"4114","14:42:36.988898","100","163585","172.26.191.172","5000","9.908258000","48","1","48192","9.964826000"
"4115","14:42:36.988900","100","163633","172.26.191.172","5000","9.908260000","48","1","48192","9.964828000"
"4116","14:42:36.988907","100","163681","172.26.191.172","5000","9.908267000","48","1","48192","9.964835000"
"4117","14:42:36.988908","100","163729","172.26.191.172","5000","9.908268000","48","1","48192","9.964836000"
"4118","14:42:36.988915","52","1","100.64.0.5","48192","9.908275000","0","161569","5000","9.964843000"
"4119","14:42:36.988926","100","163777","172.26.191.172","5000","9.908286000","48","1","48192","9.964854000"
"4120","14:42:36.988927","100","163825","172.26.191.172","5000","9.908287000","48","1","48192","9.964855000"
"4121","14:42:36.988934","100","163873","172.26.191.172","5000","9.908294000","48","1","48192","9.964862000"
"4122","14:42:36.988935","100","163921","172.26.191.172","5000","9.908295000","48","1","48192","9.964863000"
"4123","14:42:37.019235","52","1","100.64.0.5","48192","9.938595000","0","161857","5000","9.995163000"
"4124","14:42:37.019275","100","163969","172.26.191.172","5000","9.938635000","48","1","48192","9.995203000"
"4125","14:42:37.019286","100","164017","172.26.191.172","5000","9.938646000","48","1","48192","9.995214000"
"4126","14:42:37.019298","100","164065","172.26.191.172","5000","9.938658000","48","1","48192","9.995226000"
"4127","14:42:37.019299","100","164113","172.26.191.172","5000","9.938659000","48","1","48192","9.995227000"
"4128","14:42:37.019305","100","164161","172.26.191.172","5000","9.938665000","48","1","48192","9.995233000"
"4129","14:42:37.019307","100","164209","172.26.191.172","5000","9.938667000","48","1","48192","9.995235000"
"4130","14:42:37.019319","52","1","100.64.0.5","48192","9.938679000","0","162097","5000","9.995247000"
"4131","14:42:37.019331","100","164257","172.26.191.172","5000","9.938691000","48","1","48192","9.995259000"
"4132","14:42:37.019333","100","164305","172.26.191.172","5000","9.938693000","48","1","48192","9.995261000"
"4133","14:42:37.019341","100","164353","172.26.191.172","5000","9.938701000","48","1","48192","9.995269000"
"4134","14:42:37.019342","100","164401","172.26.191.172","5000","9.938702000","48","1","48192","9.995270000"
"4135","14:42:37.019350","52","1","100.64.0.5","48192","9.938710000","0","162145","5000","9.995278000"
"4136","14:42:37.019360","100","164449","172.26.191.172","5000","9.938720000","48","1","48192","9.995288000"
"4137","14:42:37.019361","100","164497","172.26.191.172","5000","9.938721000","48","1","48192","9.995289000"
"4138","14:42:37.019368","52","1","100.64.0.5","48192","9.938728000","0","162241","5000","9.995296000"
"4139","14:42:37.019378","100","164545","172.26.191.172","5000","9.938738000","48","1","48192","9.995306000"
"4140","14:42:37.019380","100","164593","172.26.191.172","5000","9.938740000","48","1","48192","9.995308000"
"4141","14:42:37.048405","52","1","100.64.0.5","48192","9.967765000","0","162529","5000","10.024333000"
"4142","14:42:37.048446","100","164641","172.26.191.172","5000","9.967806000","48","1","48192","10.024374000"
"4143","14:42:37.048456","100","164689","172.26.191.172","5000","9.967816000","48","1","48192","10.024384000"
"4144","14:42:37.048468","100","164737","172.26.191.172","5000","9.967828000","48","1","48192","10.024396000"
"4145","14:42:37.048469","100","164785","172.26.191.172","5000","9.967829000","48","1","48192","10.024397000"
"4146","14:42:37.048475","100","164833","172.26.191.172","5000","9.967835000","48","1","48192","10.024403000"
"4147","14:42:37.048477","100","164881","172.26.191.172","5000","9.967837000","48","1","48192","10.024405000"
"4148","14:42:37.049640","52","1","100.64.0.5","48192","9.969000000","0","162577","5000","10.025568000"
"4149","14:42:37.049662","100","164929","172.26.191.172","5000","9.969022000","48","1","48192","10.025590000"
"4150","14:42:37.049681","52","1","100.64.0.5","48192","9.969041000","0","162769","5000","10.025609000"
"4151","14:42:37.049696","100","164977","172.26.191.172","5000","9.969056000","48","1","48192","10.025624000"
"4152","14:42:37.049698","100","165025","172.26.191.172","5000","9.969058000","48","1","48192","10.025626000"
"4153","14:42:37.049705","100","165073","172.26.191.172","5000","9.969065000","48","1","48192","10.025633000"
"4154","14:42:37.049707","100","165121","172.26.191.172","5000","9.969067000","48","1","48192","10.025635000"
"4155","14:42:37.049714","52","1","100.64.0.5","48192","9.969074000","0","162817","5000","10.025642000"
"4156","14:42:37.049722","52","1","100.64.0.5","48192","9.969082000","0","162913","5000","10.025650000"
"4157","14:42:37.049732","100","165169","172.26.191.172","5000","9.969092000","48","1","48192","10.025660000"
"4158","14:42:37.049733","100","165217","172.26.191.172","5000","9.969093000","48","1","48192","10.025661000"
"4159","14:42:37.079633","52","1","100.64.0.5","48192","9.998993000","0","163201","5000","10.055561000"
"4160","14:42:37.079674","100","165265","172.26.191.172","5000","9.999034000","48","1","48192","10.055602000"
"4161","14:42:37.079683","100","165313","172.26.191.172","5000","9.999043000","48","1","48192","10.055611000"
"4162","14:42:37.079694","100","165361","172.26.191.172","5000","9.999054000","48","1","48192","10.055622000"
"4163","14:42:37.079695","100","165409","172.26.191.172","5000","9.999055000","48","1","48192","10.055623000"
"4164","14:42:37.079701","100","165457","172.26.191.172","5000","9.999061000","48","1","48192","10.055629000"
"4165","14:42:37.079702","100","165505","172.26.191.172","5000","9.999062000","48","1","48192","10.055630000"
"4166","14:42:37.079714","52","1","100.64.0.5","48192","9.999074000","0","163393","5000","10.055642000"
"4167","14:42:37.079726","100","165553","172.26.191.172","5000","9.999086000","48","1","48192","10.055654000"
"4168","14:42:37.079728","100","165601","172.26.191.172","5000","9.999088000","48","1","48192","10.055656000"
"4169","14:42:37.079735","100","165649","172.26.191.172","5000","9.999095000","48","1","48192","10.055663000"
"4170","14:42:37.079737","100","165697","172.26.191.172","5000","9.999097000","48","1","48192","10.055665000"
"4171","14:42:37.079743","52","1","100.64.0.5","48192","9.999103000","0","163633","5000","10.055671000"
"4172","14:42:37.079754","100","165745","172.26.191.172","5000","9.999114000","48","1","48192","10.055682000"
"4173","14:42:37.079755","100","165793","172.26.191.172","5000","9.999115000","48","1","48192","10.055683000"
"4174","14:42:37.079762","100","165841","172.26.191.172","5000","9.999122000","48","1","48192","10.055690000"
"4175","14:42:37.079763","100","165889","172.26.191.172","5000","9.999123000","48","1","48192","10.055691000"
"4176","14:42:37.079769","100","165937","172.26.191.172","5000","9.999129000","48","1","48192","10.055697000"
"4177","14:42:37.079770","100","165985","172.26.191.172","5000","9.999130000","48","1","48192","10.055698000"
"4178","14:42:37.110216","64","1","100.64.0.5","48192","10.029576000","0","163873","5000","10.086144000"
"4179","14:42:37.110266","100","166033","172.26.191.172","5000","10.029626000","48","1","48192","10.086194000"
"4180","14:42:37.110276","100","166081","172.26.191.172","5000","10.029636000","48","1","48192","10.086204000"
"4181","14:42:37.110286","100","166129","172.26.191.172","5000","10.029646000","48","1","48192","10.086214000"
"4182","14:42:37.110287","100","166177","172.26.191.172","5000","10.029647000","48","1","48192","10.086215000"
"4183","14:42:37.110293","100","166225","172.26.191.172","5000","10.029653000","48","1","48192","10.086221000"
"4184","14:42:37.110294","100","166273","172.26.191.172","5000","10.029654000","48","1","48192","10.086222000"
"4185","14:42:37.110306","64","1","100.64.0.5","48192","10.029666000","0","163873","5000","10.086234000"
"4186","14:42:37.110321","100","163873","172.26.191.172","5000","10.029681000","48","1","48192","10.086249000"
"4187","14:42:37.110329","64","1","100.64.0.5","48192","10.029689000","0","163873","5000","10.086257000"
"4188","14:42:37.110338","100","163921","172.26.191.172","5000","10.029698000","48","1","48192","10.086266000"
"4189","14:42:37.110343","100","166321","172.26.191.172","5000","10.029703000","48","1","48192","10.086271000"
"4190","14:42:37.110349","64","1","100.64.0.5","48192","10.029709000","0","163873","5000","10.086277000"
"4191","14:42:37.110358","100","166369","172.26.191.172","5000","10.029718000","48","1","48192","10.086286000"
"4192","14:42:37.140441","64","1","100.64.0.5","48192","10.059801000","0","163873","5000","10.116369000"
"4193","14:42:37.140481","100","166417","172.26.191.172","5000","10.059841000","48","1","48192","10.116409000"
"4194","14:42:37.140521","64","1","100.64.0.5","48192","10.059881000","0","163873","5000","10.116449000"
"4195","14:42:37.140547","100","166465","172.26.191.172","5000","10.059907000","48","1","48192","10.116475000"
"4196","14:42:37.140549","100","166513","172.26.191.172","5000","10.059909000","48","1","48192","10.116477000"
"4197","14:42:37.140557","100","166561","172.26.191.172","5000","10.059917000","48","1","48192","10.116485000"
"4198","14:42:37.140558","100","166609","172.26.191.172","5000","10.059918000","48","1","48192","10.116486000"
"4199","14:42:37.140566","100","166657","172.26.191.172","5000","10.059926000","48","1","48192","10.116494000"
"4200","14:42:37.140567","100","166705","172.26.191.172","5000","10.059927000","48","1","48192","10.116495000"
"4201","14:42:37.140571","100","166753","172.26.191.172","5000","10.059931000","48","1","48192","10.116499000"
"4202","14:42:37.170686","64","1","100.64.0.5","48192","10.090046000","0","163873","5000","10.146614000"
"4203","14:42:37.170743","100","166801","172.26.191.172","5000","10.090103000","48","1","48192","10.146671000"
"4204","14:42:37.170753","100","166849","172.26.191.172","5000","10.090113000","48","1","48192","10.146681000"
"4205","14:42:37.201083","52","1","100.64.0.5","48192","10.120443000","0","166321","5000","10.177011000"
"4206","14:42:37.201135","100","166897","172.26.191.172","5000","10.120495000","48","1","48192","10.177063000"
"4207","14:42:37.201146","100","166945","172.26.191.172","5000","10.120506000","48","1","48192","10.177074000"
"4208","14:42:37.201164","100","166993","172.26.191.172","5000","10.120524000","48","1","48192","10.177092000"
"4209","14:42:37.201166","100","167041","172.26.191.172","5000","10.120526000","48","1","48192","10.177094000"
"4210","14:42:37.201173","100","167089","172.26.191.172","5000","10.120533000","48","1","48192","10.177101000"
"4211","14:42:37.201175","100","167137","172.26.191.172","5000","10.120535000","48","1","48192","10.177103000"
"4212","14:42:37.201183","100","167185","172.26.191.172","5000","10.120543000","48","1","48192","10.177111000"
"4213","14:42:37.201184","100","167233","172.26.191.172","5000","10.120544000","48","1","48192","10.177112000"
"4214","14:42:37.201191","100","167281","172.26.191.172","5000","10.120551000","48","1","48192","10.177119000"
"4215","14:42:37.201193","100","167329","172.26.191.172","5000","10.120553000","48","1","48192","10.177121000"
"4216","14:42:37.201199","100","167377","172.26.191.172","5000","10.120559000","48","1","48192","10.177127000"
"4217","14:42:37.201200","100","167425","172.26.191.172","5000","10.120560000","48","1","48192","10.177128000"
"4218","14:42:37.201214","52","1","100.64.0.5","48192","10.120574000","0","166417","5000","10.177142000"
"4219","14:42:37.201226","100","167473","172.26.191.172","5000","10.120586000","48","1","48192","10.177154000"
"4220","14:42:37.201227","100","167521","172.26.191.172","5000","10.120587000","48","1","48192","10.177155000"
"4221","14:42:37.231315","52","1","100.64.0.5","48192","10.150675000","0","166705","5000","10.207243000"
"4222","14:42:37.231356","100","167569","172.26.191.172","5000","10.150716000","48","1","48192","10.207284000"
"4223","14:42:37.231364","100","167617","172.26.191.172","5000","10.150724000","48","1","48192","10.207292000"
"4224","14:42:37.231375","100","167665","172.26.191.172","5000","10.150735000","48","1","48192","10.207303000"
"4225","14:42:37.231376","100","167713","172.26.191.172","5000","10.150736000","48","1","48192","10.207304000"
"4226","14:42:37.231383","100","167761","172.26.191.172","5000","10.150743000","48","1","48192","10.207311000"
"4227","14:42:37.231384","100","167809","172.26.191.172","5000","10.150744000","48","1","48192","10.207312000"
"4228","14:42:37.231396","52","1","100.64.0.5","48192","10.150756000","0","166801","5000","10.207324000"
"4229","14:42:37.231406","100","167857","172.26.191.172","5000","10.150766000","48","1","48192","10.207334000"
"4230","14:42:37.231407","100","167905","172.26.191.172","5000","10.150767000","48","1","48192","10.207335000"
"4231","14:42:37.261178","52","1","100.64.0.5","48192","10.180538000","0","166897","5000","10.237106000"
"4232","14:42:37.261216","100","167953","172.26.191.172","5000","10.180576000","48","1","48192","10.237144000"
"4233","14:42:37.261230","100","168001","172.26.191.172","5000","10.180590000","48","1","48192","10.237158000"
"4234","14:42:37.261241","100","168049","172.26.191.172","5000","10.180601000","48","1","48192","10.237169000"
"4235","14:42:37.261243","100","168097","172.26.191.172","5000","10.180603000","48","1","48192","10.237171000"
"4236","14:42:37.291345","52","1","100.64.0.5","48192","10.210705000","0","166945","5000","10.267273000"
"4237","14:42:37.291378","100","168145","172.26.191.172","5000","10.210738000","48","1","48192","10.267306000"
"4238","14:42:37.291400","52","1","100.64.0.5","48192","10.210760000","0","167281","5000","10.267328000"
"4239","14:42:37.291418","100","168193","172.26.191.172","5000","10.210778000","48","1","48192","10.267346000"
"4240","14:42:37.291420","100","168241","172.26.191.172","5000","10.210780000","48","1","48192","10.267348000"
"4241","14:42:37.291426","100","168289","172.26.191.172","5000","10.210786000","48","1","48192","10.267354000"
"4242","14:42:37.291428","100","168337","172.26.191.172","5000","10.210788000","48","1","48192","10.267356000"
"4243","14:42:37.291434","100","168385","172.26.191.172","5000","10.210794000","48","1","48192","10.267362000"
"4244","14:42:37.291435","100","168433","172.26.191.172","5000","10.210795000","48","1","48192","10.267363000"
"4245","14:42:37.292539","52","1","100.64.0.5","48192","10.211899000","0","167569","5000","10.268467000"
"4246","14:42:37.292566","100","168481","172.26.191.172","5000","10.211926000","48","1","48192","10.268494000"
"4247","14:42:37.292573","100","168529","172.26.191.172","5000","10.211933000","48","1","48192","10.268501000"
"4248","14:42:37.292584","100","168577","172.26.191.172","5000","10.211944000","48","1","48192","10.268512000"
"4249","14:42:37.292585","100","168625","172.26.191.172","5000","10.211945000","48","1","48192","10.268513000"
"4250","14:42:37.292591","100","168673","172.26.191.172","5000","10.211951000","48","1","48192","10.268519000"
"4251","14:42:37.292593","100","168721","172.26.191.172","5000","10.211953000","48","1","48192","10.268521000"
"4252","14:42:37.321631","52","1","100.64.0.5","48192","10.240991000","0","167857","5000","10.297559000"
"4253","14:42:37.321671","100","168769","172.26.191.172","5000","10.241031000","48","1","48192","10.297599000"
"4254","14:42:37.321680","100","168817","172.26.191.172","5000","10.241040000","48","1","48192","10.297608000"
"4255","14:42:37.321691","100","168865","172.26.191.172","5000","10.241051000","48","1","48192","10.297619000"
"4256","14:42:37.321692","100","168913","172.26.191.172","5000","10.241052000","48","1","48192","10.297620000"
"4257","14:42:37.321698","100","168961","172.26.191.172","5000","10.241058000","48","1","48192","10.297626000"
"4258","14:42:37.321700","100","169009","172.26.191.172","5000","10.241060000","48","1","48192","10.297628000"
"4259","14:42:37.321712","52","1","100.64.0.5","48192","10.241072000","0","167953","5000","10.297640000"
"4260","14:42:37.321722","100","169057","172.26.191.172","5000","10.241082000","48","1","48192","10.297650000"
"4261","14:42:37.321724","100","169105","172.26.191.172","5000","10.241084000","48","1","48192","10.297652000"
"4262","14:42:37.352204","52","1","100.64.0.5","48192","10.271564000","0","168145","5000","10.328132000"
"4263","14:42:37.352245","100","169153","172.26.191.172","5000","10.271605000","48","1","48192","10.328173000"
"4264","14:42:37.352254","100","169201","172.26.191.172","5000","10.271614000","48","1","48192","10.328182000"
"4265","14:42:37.352264","100","169249","172.26.191.172","5000","10.271624000","48","1","48192","10.328192000"
"4266","14:42:37.352265","100","169297","172.26.191.172","5000","10.271625000","48","1","48192","10.328193000"
"4267","14:42:37.352271","100","169345","172.26.191.172","5000","10.271631000","48","1","48192","10.328199000"
"4268","14:42:37.352273","100","169393","172.26.191.172","5000","10.271633000","48","1","48192","10.328201000"
"4269","14:42:37.382831","52","1","100.64.0.5","48192","10.302191000","0","168481","5000","10.358759000"
"4270","14:42:37.382873","100","169441","172.26.191.172","5000","10.302233000","48","1","48192","10.358801000"
"4271","14:42:37.382882","100","169489","172.26.191.172","5000","10.302242000","48","1","48192","10.358810000"
"4272","14:42:37.382893","100","169537","172.26.191.172","5000","10.302253000","48","1","48192","10.358821000"
"4273","14:42:37.382894","100","169585","172.26.191.172","5000","10.302254000","48","1","48192","10.358822000"
"4274","14:42:37.382900","100","169633","172.26.191.172","5000","10.302260000","48","1","48192","10.358828000"
"4275","14:42:37.382901","100","169681","172.26.191.172","5000","10.302261000","48","1","48192","10.358829000"
"4276","14:42:37.382914","52","1","100.64.0.5","48192","10.302274000","0","168769","5000","10.358842000"
"4277","14:42:37.382925","100","169729","172.26.191.172","5000","10.302285000","48","1","48192","10.358853000"
"4278","14:42:37.382927","100","169777","172.26.191.172","5000","10.302287000","48","1","48192","10.358855000"
"4279","14:42:37.382933","100","169825","172.26.191.172","5000","10.302293000","48","1","48192","10.358861000"
"4280","14:42:37.382935","100","169873","172.26.191.172","5000","10.302295000","48","1","48192","10.358863000"
"4281","14:42:37.382940","100","169921","172.26.191.172","5000","10.302300000","48","1","48192","10.358868000"
"4282","14:42:37.382941","100","169969","172.26.191.172","5000","10.302301000","48","1","48192","10.358869000"
"4283","14:42:37.413352","52","1","100.64.0.5","48192","10.332712000","0","169057","5000","10.389280000"
"4284","14:42:37.413391","100","170017","172.26.191.172","5000","10.332751000","48","1","48192","10.389319000"
"4285","14:42:37.413399","100","170065","172.26.191.172","5000","10.332759000","48","1","48192","10.389327000"
"4286","14:42:37.413410","100","170113","172.26.191.172","5000","10.332770000","48","1","48192","10.389338000"
"4287","14:42:37.413411","100","170161","172.26.191.172","5000","10.332771000","48","1","48192","10.389339000"
"4288","14:42:37.413417","100","170209","172.26.191.172","5000","10.332777000","48","1","48192","10.389345000"
"4289","14:42:37.413418","100","170257","172.26.191.172","5000","10.332778000","48","1","48192","10.389346000"
"4290","14:42:37.413430","52","1","100.64.0.5","48192","10.332790000","0","169153","5000","10.389358000"
"4291","14:42:37.413439","100","170305","172.26.191.172","5000","10.332799000","48","1","48192","10.389367000"
"4292","14:42:37.413441","100","170353","172.26.191.172","5000","10.332801000","48","1","48192","10.389369000"
"4293","14:42:37.443482","52","1","100.64.0.5","48192","10.362842000","0","169441","5000","10.419410000"
"4294","14:42:37.443523","100","170401","172.26.191.172","5000","10.362883000","48","1","48192","10.419451000"
"4295","14:42:37.443532","100","170449","172.26.191.172","5000","10.362892000","48","1","48192","10.419460000"
"4296","14:42:37.443543","100","170497","172.26.191.172","5000","10.362903000","48","1","48192","10.419471000"
"4297","14:42:37.443544","100","170545","172.26.191.172","5000","10.362904000","48","1","48192","10.419472000"
"4298","14:42:37.443550","100","170593","172.26.191.172","5000","10.362910000","48","1","48192","10.419478000"
"4299","14:42:37.443551","100","170641","172.26.191.172","5000","10.362911000","48","1","48192","10.419479000"
"4300","14:42:37.443557","100","170689","172.26.191.172","5000","10.362917000","48","1","48192","10.419485000"
"4301","14:42:37.443558","100","170737","172.26.191.172","5000","10.362918000","48","1","48192","10.419486000"
"4302","14:42:37.474319","52","1","100.64.0.5","48192","10.393679000","0","169729","5000","10.450247000"
"4303","14:42:37.474359","100","170785","172.26.191.172","5000","10.393719000","48","1","48192","10.450287000"
"4304","14:42:37.474368","100","170833","172.26.191.172","5000","10.393728000","48","1","48192","10.450296000"
"4305","14:42:37.474379","100","170881","172.26.191.172","5000","10.393739000","48","1","48192","10.450307000"
"4306","14:42:37.474381","100","170929","172.26.191.172","5000","10.393741000","48","1","48192","10.450309000"
"4307","14:42:37.474387","100","170977","172.26.191.172","5000","10.393747000","48","1","48192","10.450315000"
"4308","14:42:37.474388","100","171025","172.26.191.172","5000","10.393748000","48","1","48192","10.450316000"
"4309","14:42:37.474400","52","1","100.64.0.5","48192","10.393760000","0","170017","5000","10.450328000"
"4310","14:42:37.474410","100","171073","172.26.191.172","5000","10.393770000","48","1","48192","10.450338000"
"4311","14:42:37.474411","100","171121","172.26.191.172","5000","10.393771000","48","1","48192","10.450339000"
"4312","14:42:37.474419","100","171169","172.26.191.172","5000","10.393779000","48","1","48192","10.450347000"
"4313","14:42:37.474421","100","171217","172.26.191.172","5000","10.393781000","48","1","48192","10.450349000"
"4314","14:42:37.474427","100","171265","172.26.191.172","5000","10.393787000","48","1","48192","10.450355000"
"4315","14:42:37.474428","100","171313","172.26.191.172","5000","10.393788000","48","1","48192","10.450356000"
"4316","14:42:37.504199","52","1","100.64.0.5","48192","10.423559000","0","170305","5000","10.480127000"
"4317","14:42:37.504239","100","171361","172.26.191.172","5000","10.423599000","48","1","48192","10.480167000"
"4318","14:42:37.504248","100","171409","172.26.191.172","5000","10.423608000","48","1","48192","10.480176000"
"4319","14:42:37.504260","100","171457","172.26.191.172","5000","10.423620000","48","1","48192","10.480188000"
"4320","14:42:37.504261","100","171505","172.26.191.172","5000","10.423621000","48","1","48192","10.480189000"
"4321","14:42:37.504267","100","171553","172.26.191.172","5000","10.423627000","48","1","48192","10.480195000"
"4322","14:42:37.504269","100","171601","172.26.191.172","5000","10.423629000","48","1","48192","10.480197000"
"4323","14:42:37.504281","52","1","100.64.0.5","48192","10.423641000","0","170401","5000","10.480209000"
"4324","14:42:37.504289","100","171649","172.26.191.172","5000","10.423649000","48","1","48192","10.480217000"
"4325","14:42:37.504291","100","171697","172.26.191.172","5000","10.423651000","48","1","48192","10.480219000"
"4326","14:42:37.534469","52","1","100.64.0.5","48192","10.453829000","0","170689","5000","10.510397000"
"4327","14:42:37.534509","100","171745","172.26.191.172","5000","10.453869000","48","1","48192","10.510437000"
"4328","14:42:37.534518","100","171793","172.26.191.172","5000","10.453878000","48","1","48192","10.510446000"
"4329","14:42:37.534529","100","171841","172.26.191.172","5000","10.453889000","48","1","48192","10.510457000"
"4330","14:42:37.534530","100","171889","172.26.191.172","5000","10.453890000","48","1","48192","10.510458000"
"4331","14:42:37.534536","100","171937","172.26.191.172","5000","10.453896000","48","1","48192","10.510464000"
"4332","14:42:37.534538","100","171985","172.26.191.172","5000","10.453898000","48","1","48192","10.510466000"
"4333","14:42:37.534549","52","1","100.64.0.5","48192","10.453909000","0","170785","5000","10.510477000"
"4334","14:42:37.534559","100","172033","172.26.191.172","5000","10.453919000","48","1","48192","10.510487000"
"4335","14:42:37.534561","100","172081","172.26.191.172","5000","10.453921000","48","1","48192","10.510489000"
"4336","14:42:37.564285","52","1","100.64.0.5","48192","10.483645000","0","171073","5000","10.540213000"
"4337","14:42:37.564325","100","172129","172.26.191.172","5000","10.483685000","48","1","48192","10.540253000"
"4338","14:42:37.564346","100","172177","172.26.191.172","5000","10.483706000","48","1","48192","10.540274000"
"4339","14:42:37.564362","100","172225","172.26.191.172","5000","10.483722000","48","1","48192","10.540290000"
"4340","14:42:37.564364","100","172273","172.26.191.172","5000","10.483724000","48","1","48192","10.540292000"
"4341","14:42:37.564374","100","172321","172.26.191.172","5000","10.483734000","48","1","48192","10.540302000"
"4342","14:42:37.564375","100","172369","172.26.191.172","5000","10.483735000","48","1","48192","10.540303000"
"4343","14:42:37.564396","52","1","100.64.0.5","48192","10.483756000","0","171361","5000","10.540324000"
"4344","14:42:37.564411","100","172417","172.26.191.172","5000","10.483771000","48","1","48192","10.540339000"
"4345","14:42:37.564412","100","172465","172.26.191.172","5000","10.483772000","48","1","48192","10.540340000"
"4346","14:42:37.564418","100","172513","172.26.191.172","5000","10.483778000","48","1","48192","10.540346000"
"4347","14:42:37.564420","100","172561","172.26.191.172","5000","10.483780000","48","1","48192","10.540348000"
"4348","14:42:37.564425","100","172609","172.26.191.172","5000","10.483785000","48","1","48192","10.540353000"
"4349","14:42:37.564426","100","172657","172.26.191.172","5000","10.483786000","48","1","48192","10.540354000"
"4350","14:42:37.595013","52","1","100.64.0.5","48192","10.514373000","0","171649","5000","10.570941000"
"4351","14:42:37.595054","100","172705","172.26.191.172","5000","10.514414000","48","1","48192","10.570982000"
"4352","14:42:37.595063","100","172753","172.26.191.172","5000","10.514423000","48","1","48192","10.570991000"
"4353","14:42:37.595075","100","172801","172.26.191.172","5000","10.514435000","48","1","48192","10.571003000"
"4354","14:42:37.595077","100","172849","172.26.191.172","5000","10.514437000","48","1","48192","10.571005000"
"4355","14:42:37.595083","100","172897","172.26.191.172","5000","10.514443000","48","1","48192","10.571011000"
"4356","14:42:37.595084","100","172945","172.26.191.172","5000","10.514444000","48","1","48192","10.571012000"
"4357","14:42:37.595098","52","1","100.64.0.5","48192","10.514458000","0","171745","5000","10.571026000"
"4358","14:42:37.595108","100","172993","172.26.191.172","5000","10.514468000","48","1","48192","10.571036000"
"4359","14:42:37.595109","100","173041","172.26.191.172","5000","10.514469000","48","1","48192","10.571037000"
"4360","14:42:37.625396","52","1","100.64.0.5","48192","10.544756000","0","172033","5000","10.601324000"
"4361","14:42:37.625412","100","173089","172.26.191.172","5000","10.544772000","48","1","48192","10.601340000"
"4362","14:42:37.625417","100","173137","172.26.191.172","5000","10.544777000","48","1","48192","10.601345000"
"4363","14:42:37.625421","100","173185","172.26.191.172","5000","10.544781000","48","1","48192","10.601349000"
"4364","14:42:37.625422","100","173233","172.26.191.172","5000","10.544782000","48","1","48192","10.601350000"
"4365","14:42:37.625424","100","173281","172.26.191.172","5000","10.544784000","48","1","48192","10.601352000"
"4366","14:42:37.625424","100","173329","172.26.191.172","5000","10.544784000","48","1","48192","10.601352000"
"4367","14:42:37.625428","52","1","100.64.0.5","48192","10.544788000","0","172129","5000","10.601356000"
"4368","14:42:37.625432","100","173377","172.26.191.172","5000","10.544792000","48","1","48192","10.601360000"
"4369","14:42:37.625432","100","173425","172.26.191.172","5000","10.544792000","48","1","48192","10.601360000"
"4370","14:42:37.654566","52","1","100.64.0.5","48192","10.573926000","0","172417","5000","10.630494000"
"4371","14:42:37.654581","100","173473","172.26.191.172","5000","10.573941000","48","1","48192","10.630509000"
"4372","14:42:37.654583","100","173521","172.26.191.172","5000","10.573943000","48","1","48192","10.630511000"
"4373","14:42:37.654586","100","173569","172.26.191.172","5000","10.573946000","48","1","48192","10.630514000"
"4374","14:42:37.654586","100","173617","172.26.191.172","5000","10.573946000","48","1","48192","10.630514000"
"4375","14:42:37.654588","100","173665","172.26.191.172","5000","10.573948000","48","1","48192","10.630516000"
"4376","14:42:37.654589","100","173713","172.26.191.172","5000","10.573949000","48","1","48192","10.630517000"
"4377","14:42:37.654591","100","173761","172.26.191.172","5000","10.573951000","48","1","48192","10.630519000"
"4378","14:42:37.654591","100","173809","172.26.191.172","5000","10.573951000","48","1","48192","10.630519000"
"4379","14:42:37.654594","52","1","100.64.0.5","48192","10.573954000","0","172705","5000","10.630522000"
"4380","14:42:37.654598","100","173857","172.26.191.172","5000","10.573958000","48","1","48192","10.630526000"
"4381","14:42:37.654598","100","173905","172.26.191.172","5000","10.573958000","48","1","48192","10.630526000"
"4382","14:42:37.654600","100","173953","172.26.191.172","5000","10.573960000","48","1","48192","10.630528000"
"4383","14:42:37.654600","100","174001","172.26.191.172","5000","10.573960000","48","1","48192","10.630528000"
"4384","14:42:37.654602","100","174049","172.26.191.172","5000","10.573962000","48","1","48192","10.630530000"
"4385","14:42:37.654603","100","174097","172.26.191.172","5000","10.573963000","48","1","48192","10.630531000"
"4386","14:42:37.685688","52","1","100.64.0.5","48192","10.605048000","0","172993","5000","10.661616000"
"4387","14:42:37.685704","100","174145","172.26.191.172","5000","10.605064000","48","1","48192","10.661632000"
"4388","14:42:37.685707","100","174193","172.26.191.172","5000","10.605067000","48","1","48192","10.661635000"
"4389","14:42:37.685711","100","174241","172.26.191.172","5000","10.605071000","48","1","48192","10.661639000"
"4390","14:42:37.685711","100","174289","172.26.191.172","5000","10.605071000","48","1","48192","10.661639000"
"4391","14:42:37.685714","100","174337","172.26.191.172","5000","10.605074000","48","1","48192","10.661642000"
"4392","14:42:37.685714","100","174385","172.26.191.172","5000","10.605074000","48","1","48192","10.661642000"
"4393","14:42:37.685717","52","1","100.64.0.5","48192","10.605077000","0","173089","5000","10.661645000"
"4394","14:42:37.685720","100","174433","172.26.191.172","5000","10.605080000","48","1","48192","10.661648000"
"4395","14:42:37.685720","100","174481","172.26.191.172","5000","10.605080000","48","1","48192","10.661648000"
"4396","14:42:37.716201","52","1","100.64.0.5","48192","10.635561000","0","173377","5000","10.692129000"
"4397","14:42:37.716221","100","174529","172.26.191.172","5000","10.635581000","48","1","48192","10.692149000"
"4398","14:42:37.716225","100","174577","172.26.191.172","5000","10.635585000","48","1","48192","10.692153000"
"4399","14:42:37.716230","100","174625","172.26.191.172","5000","10.635590000","48","1","48192","10.692158000"
"4400","14:42:37.716231","100","174673","172.26.191.172","5000","10.635591000","48","1","48192","10.692159000"
"4401","14:42:37.716234","100","174721","172.26.191.172","5000","10.635594000","48","1","48192","10.692162000"
"4402","14:42:37.716234","100","174769","172.26.191.172","5000","10.635594000","48","1","48192","10.692162000"
"4403","14:42:37.716239","52","1","100.64.0.5","48192","10.635599000","0","173425","5000","10.692167000"
"4404","14:42:37.716243","52","1","100.64.0.5","48192","10.635603000","0","173761","5000","10.692171000"
"4405","14:42:37.716248","100","174817","172.26.191.172","5000","10.635608000","48","1","48192","10.692176000"
"4406","14:42:37.716249","100","174865","172.26.191.172","5000","10.635609000","48","1","48192","10.692177000"
"4407","14:42:37.716252","100","174913","172.26.191.172","5000","10.635612000","48","1","48192","10.692180000"
"4408","14:42:37.716253","100","174961","172.26.191.172","5000","10.635613000","48","1","48192","10.692181000"
"4409","14:42:37.716256","100","175009","172.26.191.172","5000","10.635616000","48","1","48192","10.692184000"
"4410","14:42:37.716256","100","175057","172.26.191.172","5000","10.635616000","48","1","48192","10.692184000"
"4411","14:42:37.716259","100","175105","172.26.191.172","5000","10.635619000","48","1","48192","10.692187000"
"4412","14:42:37.716259","100","175153","172.26.191.172","5000","10.635619000","48","1","48192","10.692187000"
"4413","14:42:37.745688","52","1","100.64.0.5","48192","10.665048000","0","174001","5000","10.721616000"
"4414","14:42:37.745731","100","175201","172.26.191.172","5000","10.665091000","48","1","48192","10.721659000"
"4415","14:42:37.745740","100","175249","172.26.191.172","5000","10.665100000","48","1","48192","10.721668000"
"4416","14:42:37.745754","100","175297","172.26.191.172","5000","10.665114000","48","1","48192","10.721682000"
"4417","14:42:37.745756","100","175345","172.26.191.172","5000","10.665116000","48","1","48192","10.721684000"
"4418","14:42:37.745765","100","175393","172.26.191.172","5000","10.665125000","48","1","48192","10.721693000"
"4419","14:42:37.745766","100","175441","172.26.191.172","5000","10.665126000","48","1","48192","10.721694000"
"4420","14:42:37.777379","64","1","100.64.0.5","48192","10.696739000","0","174001","5000","10.753307000"
"4421","14:42:37.777411","100","174001","172.26.191.172","5000","10.696771000","48","1","48192","10.753339000"
"4422","14:42:37.777439","64","1","100.64.0.5","48192","10.696799000","0","174001","5000","10.753367000"
"4423","14:42:37.777458","100","174049","172.26.191.172","5000","10.696818000","48","1","48192","10.753386000"
"4424","14:42:37.777470","64","1","100.64.0.5","48192","10.696830000","0","174001","5000","10.753398000"
"4425","14:42:37.777480","100","174097","172.26.191.172","5000","10.696840000","48","1","48192","10.753408000"
"4426","14:42:37.777504","64","1","100.64.0.5","48192","10.696864000","0","174001","5000","10.753432000"
"4427","14:42:37.777519","100","175489","172.26.191.172","5000","10.696879000","48","1","48192","10.753447000"
"4428","14:42:37.807290","64","1","100.64.0.5","48192","10.726650000","0","174001","5000","10.783218000"
"4429","14:42:37.807341","100","175537","172.26.191.172","5000","10.726701000","48","1","48192","10.783269000"
"4430","14:42:37.807350","100","175585","172.26.191.172","5000","10.726710000","48","1","48192","10.783278000"
"4431","14:42:37.807362","100","175633","172.26.191.172","5000","10.726722000","48","1","48192","10.783290000"
"4432","14:42:37.807364","100","175681","172.26.191.172","5000","10.726724000","48","1","48192","10.783292000"
"4433","14:42:37.807371","100","175729","172.26.191.172","5000","10.726731000","48","1","48192","10.783299000"
"4434","14:42:37.836678","64","1","100.64.0.5","48192","10.756038000","0","174001","5000","10.812606000"
"4435","14:42:37.836721","100","175777","172.26.191.172","5000","10.756081000","48","1","48192","10.812649000"
"4436","14:42:37.836730","100","175825","172.26.191.172","5000","10.756090000","48","1","48192","10.812658000"
"4437","14:42:37.836742","100","175873","172.26.191.172","5000","10.756102000","48","1","48192","10.812670000"
"4438","14:42:37.836744","100","175921","172.26.191.172","5000","10.756104000","48","1","48192","10.812672000"
"4439","14:42:37.836753","100","175969","172.26.191.172","5000","10.756113000","48","1","48192","10.812681000"
"4440","14:42:37.836755","100","176017","172.26.191.172","5000","10.756115000","48","1","48192","10.812683000"
"4441","14:42:37.868012","52","1","100.64.0.5","48192","10.787372000","0","175489","5000","10.843940000"
"4442","14:42:37.868056","100","176065","172.26.191.172","5000","10.787416000","48","1","48192","10.843984000"
"4443","14:42:37.868065","100","176113","172.26.191.172","5000","10.787425000","48","1","48192","10.843993000"
"4444","14:42:37.868085","52","1","100.64.0.5","48192","10.787445000","0","175537","5000","10.844013000"
"4445","14:42:37.868100","100","176161","172.26.191.172","5000","10.787460000","48","1","48192","10.844028000"
"4446","14:42:37.868102","100","176209","172.26.191.172","5000","10.787462000","48","1","48192","10.844030000"
"4447","14:42:37.898214","52","1","100.64.0.5","48192","10.817574000","0","175777","5000","10.874142000"
"4448","14:42:37.898251","100","176257","172.26.191.172","5000","10.817611000","48","1","48192","10.874179000"
"4449","14:42:37.898261","100","176305","172.26.191.172","5000","10.817621000","48","1","48192","10.874189000"
"4450","14:42:37.898275","100","176353","172.26.191.172","5000","10.817635000","48","1","48192","10.874203000"
"4451","14:42:37.898276","100","176401","172.26.191.172","5000","10.817636000","48","1","48192","10.874204000"
"4452","14:42:37.928493","52","1","100.64.0.5","48192","10.847853000","0","176065","5000","10.904421000"
"4453","14:42:37.928531","100","176449","172.26.191.172","5000","10.847891000","48","1","48192","10.904459000"
"4454","14:42:37.928540","100","176497","172.26.191.172","5000","10.847900000","48","1","48192","10.904468000"
"4455","14:42:37.928554","100","176545","172.26.191.172","5000","10.847914000","48","1","48192","10.904482000"
"4456","14:42:37.928555","100","176593","172.26.191.172","5000","10.847915000","48","1","48192","10.904483000"
"4457","14:42:37.928564","100","176641","172.26.191.172","5000","10.847924000","48","1","48192","10.904492000"
"4458","14:42:37.928566","100","176689","172.26.191.172","5000","10.847926000","48","1","48192","10.904494000"
"4459","14:42:37.928576","100","176737","172.26.191.172","5000","10.847936000","48","1","48192","10.904504000"
"4460","14:42:37.928577","100","176785","172.26.191.172","5000","10.847937000","48","1","48192","10.904505000"
"4461","14:42:37.957924","52","1","100.64.0.5","48192","10.877284000","0","176257","5000","10.933852000"
"4462","14:42:37.957965","100","176833","172.26.191.172","5000","10.877325000","48","1","48192","10.933893000"
"4463","14:42:37.957974","100","176881","172.26.191.172","5000","10.877334000","48","1","48192","10.933902000"
"4464","14:42:37.957988","100","176929","172.26.191.172","5000","10.877348000","48","1","48192","10.933916000"
"4465","14:42:37.957990","100","176977","172.26.191.172","5000","10.877350000","48","1","48192","10.933918000"
"4466","14:42:37.988709","52","1","100.64.0.5","48192","10.908069000","0","176449","5000","10.964637000"
"4467","14:42:37.988747","100","177025","172.26.191.172","5000","10.908107000","48","1","48192","10.964675000"
"4468","14:42:37.988756","100","177073","172.26.191.172","5000","10.908116000","48","1","48192","10.964684000"
"4469","14:42:37.988770","100","177121","172.26.191.172","5000","10.908130000","48","1","48192","10.964698000"
"4470","14:42:37.988772","100","177169","172.26.191.172","5000","10.908132000","48","1","48192","10.964700000"
"4471","14:42:38.019061","52","1","100.64.0.5","48192","10.938421000","0","176737","5000","10.994989000"
"4472","14:42:38.019103","100","177217","172.26.191.172","5000","10.938463000","48","1","48192","10.995031000"
"4473","14:42:38.019113","100","177265","172.26.191.172","5000","10.938473000","48","1","48192","10.995041000"
"4474","14:42:38.019128","100","177313","172.26.191.172","5000","10.938488000","48","1","48192","10.995056000"
"4475","14:42:38.019130","100","177361","172.26.191.172","5000","10.938490000","48","1","48192","10.995058000"
"4476","14:42:38.019141","100","177409","172.26.191.172","5000","10.938501000","48","1","48192","10.995069000"
"4477","14:42:38.019142","100","177457","172.26.191.172","5000","10.938502000","48","1","48192","10.995070000"
"4478","14:42:38.019157","52","1","100.64.0.5","48192","10.938517000","0","176833","5000","10.995085000"
"4479","14:42:38.019173","100","177505","172.26.191.172","5000","10.938533000","48","1","48192","10.995101000"
"4480","14:42:38.019175","100","177553","172.26.191.172","5000","10.938535000","48","1","48192","10.995103000"
"4481","14:42:38.049372","52","1","100.64.0.5","48192","10.968732000","0","177025","5000","11.025300000"
"4482","14:42:38.049412","100","177601","172.26.191.172","5000","10.968772000","48","1","48192","11.025340000"
"4483","14:42:38.049421","100","177649","172.26.191.172","5000","10.968781000","48","1","48192","11.025349000"
"4484","14:42:38.049431","100","177697","172.26.191.172","5000","10.968791000","48","1","48192","11.025359000"
"4485","14:42:38.049433","100","177745","172.26.191.172","5000","10.968793000","48","1","48192","11.025361000"
"4486","14:42:38.080317","52","1","100.64.0.5","48192","10.999677000","0","177217","5000","11.056245000"
"4487","14:42:38.080370","100","177793","172.26.191.172","5000","10.999730000","48","1","48192","11.056298000"
"4488","14:42:38.080379","100","177841","172.26.191.172","5000","10.999739000","48","1","48192","11.056307000"
"4489","14:42:38.080390","100","177889","172.26.191.172","5000","10.999750000","48","1","48192","11.056318000"
"4490","14:42:38.080391","100","177937","172.26.191.172","5000","10.999751000","48","1","48192","11.056319000"
"4491","14:42:38.110340","52","1","100.64.0.5","48192","11.029700000","0","177265","5000","11.086268000"
"4492","14:42:38.110377","100","177985","172.26.191.172","5000","11.029737000","48","1","48192","11.086305000"
"4493","14:42:38.110387","100","178033","172.26.191.172","5000","11.029747000","48","1","48192","11.086315000"
"4494","14:42:38.110402","52","1","100.64.0.5","48192","11.029762000","0","177601","5000","11.086330000"
"4495","14:42:38.110416","100","178081","172.26.191.172","5000","11.029776000","48","1","48192","11.086344000"
"4496","14:42:38.110418","100","178129","172.26.191.172","5000","11.029778000","48","1","48192","11.086346000"
"4497","14:42:38.110425","100","178177","172.26.191.172","5000","11.029785000","48","1","48192","11.086353000"
"4498","14:42:38.110426","100","178225","172.26.191.172","5000","11.029786000","48","1","48192","11.086354000"
"4499","14:42:38.110432","100","178273","172.26.191.172","5000","11.029792000","48","1","48192","11.086360000"
"4500","14:42:38.110433","100","178321","172.26.191.172","5000","11.029793000","48","1","48192","11.086361000"
"4501","14:42:38.140553","52","1","100.64.0.5","48192","11.059913000","0","177793","5000","11.116481000"
"4502","14:42:38.140593","100","178369","172.26.191.172","5000","11.059953000","48","1","48192","11.116521000"
"4503","14:42:38.140602","100","178417","172.26.191.172","5000","11.059962000","48","1","48192","11.116530000"
"4504","14:42:38.140613","100","178465","172.26.191.172","5000","11.059973000","48","1","48192","11.116541000"
"4505","14:42:38.140614","100","178513","172.26.191.172","5000","11.059974000","48","1","48192","11.116542000"
"4506","14:42:38.140621","100","178561","172.26.191.172","5000","11.059981000","48","1","48192","11.116549000"
"4507","14:42:38.140622","100","178609","172.26.191.172","5000","11.059982000","48","1","48192","11.116550000"
"4508","14:42:38.171340","52","1","100.64.0.5","48192","11.090700000","0","177985","5000","11.147268000"
"4509","14:42:38.171378","100","178657","172.26.191.172","5000","11.090738000","48","1","48192","11.147306000"
"4510","14:42:38.171387","100","178705","172.26.191.172","5000","11.090747000","48","1","48192","11.147315000"
"4511","14:42:38.171398","100","178753","172.26.191.172","5000","11.090758000","48","1","48192","11.147326000"
"4512","14:42:38.171400","100","178801","172.26.191.172","5000","11.090760000","48","1","48192","11.147328000"
"4513","14:42:38.201187","52","1","100.64.0.5","48192","11.120547000","0","178273","5000","11.177115000"
"4514","14:42:38.201229","100","178849","172.26.191.172","5000","11.120589000","48","1","48192","11.177157000"
"4515","14:42:38.201240","100","178897","172.26.191.172","5000","11.120600000","48","1","48192","11.177168000"
"4516","14:42:38.201251","100","178945","172.26.191.172","5000","11.120611000","48","1","48192","11.177179000"
"4517","14:42:38.201253","100","178993","172.26.191.172","5000","11.120613000","48","1","48192","11.177181000"
"4518","14:42:38.201260","100","179041","172.26.191.172","5000","11.120620000","48","1","48192","11.177188000"
"4519","14:42:38.201262","100","179089","172.26.191.172","5000","11.120622000","48","1","48192","11.177190000"
"4520","14:42:38.201274","52","1","100.64.0.5","48192","11.120634000","0","178369","5000","11.177202000"
"4521","14:42:38.201285","100","179137","172.26.191.172","5000","11.120645000","48","1","48192","11.177213000"
"4522","14:42:38.201287","100","179185","172.26.191.172","5000","11.120647000","48","1","48192","11.177215000"
"4523","14:42:38.231667","52","1","100.64.0.5","48192","11.151027000","0","178657","5000","11.207595000"
"4524","14:42:38.231712","100","179233","172.26.191.172","5000","11.151072000","48","1","48192","11.207640000"
"4525","14:42:38.231722","100","179281","172.26.191.172","5000","11.151082000","48","1","48192","11.207650000"
"4526","14:42:38.231734","100","179329","172.26.191.172","5000","11.151094000","48","1","48192","11.207662000"
"4527","14:42:38.231736","100","179377","172.26.191.172","5000","11.151096000","48","1","48192","11.207664000"
"4528","14:42:38.231743","100","179425","172.26.191.172","5000","11.151103000","48","1","48192","11.207671000"
"4529","14:42:38.231745","100","179473","172.26.191.172","5000","11.151105000","48","1","48192","11.207673000"
"4530","14:42:38.261000","52","1","100.64.0.5","48192","11.180360000","0","178849","5000","11.236928000"
"4531","14:42:38.261038","100","179521","172.26.191.172","5000","11.180398000","48","1","48192","11.236966000"
"4532","14:42:38.261047","100","179569","172.26.191.172","5000","11.180407000","48","1","48192","11.236975000"
"4533","14:42:38.261057","100","179617","172.26.191.172","5000","11.180417000","48","1","48192","11.236985000"
"4534","14:42:38.261058","100","179665","172.26.191.172","5000","11.180418000","48","1","48192","11.236986000"
"4535","14:42:38.292262","52","1","100.64.0.5","48192","11.211622000","0","179137","5000","11.268190000"
"4536","14:42:38.292302","100","179713","172.26.191.172","5000","11.211662000","48","1","48192","11.268230000"
"4537","14:42:38.292313","100","179761","172.26.191.172","5000","11.211673000","48","1","48192","11.268241000"
"4538","14:42:38.292325","100","179809","172.26.191.172","5000","11.211685000","48","1","48192","11.268253000"
"4539","14:42:38.292327","100","179857","172.26.191.172","5000","11.211687000","48","1","48192","11.268255000"
"4540","14:42:38.292347","100","179905","172.26.191.172","5000","11.211707000","48","1","48192","11.268275000"
"4541","14:42:38.292349","100","179953","172.26.191.172","5000","11.211709000","48","1","48192","11.268277000"
"4542","14:42:38.292363","52","1","100.64.0.5","48192","11.211723000","0","179233","5000","11.268291000"
"4543","14:42:38.292374","100","180001","172.26.191.172","5000","11.211734000","48","1","48192","11.268302000"
"4544","14:42:38.292375","100","180049","172.26.191.172","5000","11.211735000","48","1","48192","11.268303000"
"4545","14:42:38.322325","52","1","100.64.0.5","48192","11.241685000","0","179521","5000","11.298253000"
"4546","14:42:38.322365","100","180097","172.26.191.172","5000","11.241725000","48","1","48192","11.298293000"
"4547","14:42:38.322375","100","180145","172.26.191.172","5000","11.241735000","48","1","48192","11.298303000"
"4548","14:42:38.322386","100","180193","172.26.191.172","5000","11.241746000","48","1","48192","11.298314000"
"4549","14:42:38.322387","100","180241","172.26.191.172","5000","11.241747000","48","1","48192","11.298315000"
"4550","14:42:38.322394","100","180289","172.26.191.172","5000","11.241754000","48","1","48192","11.298322000"
"4551","14:42:38.322395","100","180337","172.26.191.172","5000","11.241755000","48","1","48192","11.298323000"
"4552","14:42:38.322401","100","180385","172.26.191.172","5000","11.241761000","48","1","48192","11.298329000"
"4553","14:42:38.322403","100","180433","172.26.191.172","5000","11.241763000","48","1","48192","11.298331000"
"4554","14:42:38.352545","52","1","100.64.0.5","48192","11.271905000","0","179713","5000","11.328473000"
"4555","14:42:38.352585","100","180481","172.26.191.172","5000","11.271945000","48","1","48192","11.328513000"
"4556","14:42:38.352593","100","180529","172.26.191.172","5000","11.271953000","48","1","48192","11.328521000"
"4557","14:42:38.352604","100","180577","172.26.191.172","5000","11.271964000","48","1","48192","11.328532000"
"4558","14:42:38.352606","100","180625","172.26.191.172","5000","11.271966000","48","1","48192","11.328534000"
"4559","14:42:38.383284","52","1","100.64.0.5","48192","11.302644000","0","180001","5000","11.359212000"
"4560","14:42:38.383324","100","180673","172.26.191.172","5000","11.302684000","48","1","48192","11.359252000"
"4561","14:42:38.383333","100","180721","172.26.191.172","5000","11.302693000","48","1","48192","11.359261000"
"4562","14:42:38.383344","100","180769","172.26.191.172","5000","11.302704000","48","1","48192","11.359272000"
"4563","14:42:38.383345","100","180817","172.26.191.172","5000","11.302705000","48","1","48192","11.359273000"
"4564","14:42:38.383351","100","180865","172.26.191.172","5000","11.302711000","48","1","48192","11.359279000"
"4565","14:42:38.383353","100","180913","172.26.191.172","5000","11.302713000","48","1","48192","11.359281000"
"4566","14:42:38.383364","52","1","100.64.0.5","48192","11.302724000","0","180097","5000","11.359292000"
"4567","14:42:38.383372","100","180961","172.26.191.172","5000","11.302732000","48","1","48192","11.359300000"
"4568","14:42:38.383374","100","181009","172.26.191.172","5000","11.302734000","48","1","48192","11.359302000"
"4569","14:42:38.412844","52","1","100.64.0.5","48192","11.332204000","0","180385","5000","11.388772000"
"4570","14:42:38.412878","100","181057","172.26.191.172","5000","11.332238000","48","1","48192","11.388806000"
"4571","14:42:38.412889","100","181105","172.26.191.172","5000","11.332249000","48","1","48192","11.388817000"
"4572","14:42:38.412901","100","181153","172.26.191.172","5000","11.332261000","48","1","48192","11.388829000"
"4573","14:42:38.412902","100","181201","172.26.191.172","5000","11.332262000","48","1","48192","11.388830000"
"4574","14:42:38.412908","100","181249","172.26.191.172","5000","11.332268000","48","1","48192","11.388836000"
"4575","14:42:38.412910","100","181297","172.26.191.172","5000","11.332270000","48","1","48192","11.388838000"
"4576","14:42:38.412922","52","1","100.64.0.5","48192","11.332282000","0","180481","5000","11.388850000"
"4577","14:42:38.412931","100","181345","172.26.191.172","5000","11.332291000","48","1","48192","11.388859000"
"4578","14:42:38.412933","100","181393","172.26.191.172","5000","11.332293000","48","1","48192","11.388861000"
"4579","14:42:38.443343","52","1","100.64.0.5","48192","11.362703000","0","180673","5000","11.419271000"
"4580","14:42:38.443381","100","181441","172.26.191.172","5000","11.362741000","48","1","48192","11.419309000"
"4581","14:42:38.443389","100","181489","172.26.191.172","5000","11.362749000","48","1","48192","11.419317000"
"4582","14:42:38.443400","100","181537","172.26.191.172","5000","11.362760000","48","1","48192","11.419328000"
"4583","14:42:38.443402","100","181585","172.26.191.172","5000","11.362762000","48","1","48192","11.419330000"
"4584","14:42:38.473274","52","1","100.64.0.5","48192","11.392634000","0","180961","5000","11.449202000"
"4585","14:42:38.473311","100","181633","172.26.191.172","5000","11.392671000","48","1","48192","11.449239000"
"4586","14:42:38.473322","100","181681","172.26.191.172","5000","11.392682000","48","1","48192","11.449250000"
"4587","14:42:38.473333","100","181729","172.26.191.172","5000","11.392693000","48","1","48192","11.449261000"
"4588","14:42:38.473334","100","181777","172.26.191.172","5000","11.392694000","48","1","48192","11.449262000"
"4589","14:42:38.473341","100","181825","172.26.191.172","5000","11.392701000","48","1","48192","11.449269000"
"4590","14:42:38.473342","100","181873","172.26.191.172","5000","11.392702000","48","1","48192","11.449270000"
"4591","14:42:38.474613","52","1","100.64.0.5","48192","11.393973000","0","181057","5000","11.450541000"
"4592","14:42:38.474649","100","181921","172.26.191.172","5000","11.394009000","48","1","48192","11.450577000"
"4593","14:42:38.474657","100","181969","172.26.191.172","5000","11.394017000","48","1","48192","11.450585000"
"4594","14:42:38.504459","52","1","100.64.0.5","48192","11.423819000","0","181345","5000","11.480387000"
"4595","14:42:38.504498","100","182017","172.26.191.172","5000","11.423858000","48","1","48192","11.480426000"
"4596","14:42:38.504507","100","182065","172.26.191.172","5000","11.423867000","48","1","48192","11.480435000"
"4597","14:42:38.504518","100","182113","172.26.191.172","5000","11.423878000","48","1","48192","11.480446000"
"4598","14:42:38.504520","100","182161","172.26.191.172","5000","11.423880000","48","1","48192","11.480448000"
"4599","14:42:38.504526","100","182209","172.26.191.172","5000","11.423886000","48","1","48192","11.480454000"
"4600","14:42:38.504527","100","182257","172.26.191.172","5000","11.423887000","48","1","48192","11.480455000"
"4601","14:42:38.504539","52","1","100.64.0.5","48192","11.423899000","0","181393","5000","11.480467000"
"4602","14:42:38.504548","100","182305","172.26.191.172","5000","11.423908000","48","1","48192","11.480476000"
"4603","14:42:38.504549","100","182353","172.26.191.172","5000","11.423909000","48","1","48192","11.480477000"
"4604","14:42:38.504556","52","1","100.64.0.5","48192","11.423916000","0","181441","5000","11.480484000"
"4605","14:42:38.504566","100","182401","172.26.191.172","5000","11.423926000","48","1","48192","11.480494000"
"4606","14:42:38.504568","100","182449","172.26.191.172","5000","11.423928000","48","1","48192","11.480496000"
"4607","14:42:38.533991","52","1","100.64.0.5","48192","11.453351000","0","181633","5000","11.509919000"
"4608","14:42:38.534030","100","182497","172.26.191.172","5000","11.453390000","48","1","48192","11.509958000"
"4609","14:42:38.534039","100","182545","172.26.191.172","5000","11.453399000","48","1","48192","11.509967000"
"4610","14:42:38.534051","100","182593","172.26.191.172","5000","11.453411000","48","1","48192","11.509979000"
"4611","14:42:38.534053","100","182641","172.26.191.172","5000","11.453413000","48","1","48192","11.509981000"
"4612","14:42:38.563736","52","1","100.64.0.5","48192","11.483096000","0","181921","5000","11.539664000"
"4613","14:42:38.563775","100","182689","172.26.191.172","5000","11.483135000","48","1","48192","11.539703000"
"4614","14:42:38.563786","100","182737","172.26.191.172","5000","11.483146000","48","1","48192","11.539714000"
"4615","14:42:38.563797","100","182785","172.26.191.172","5000","11.483157000","48","1","48192","11.539725000"
"4616","14:42:38.563798","100","182833","172.26.191.172","5000","11.483158000","48","1","48192","11.539726000"
"4617","14:42:38.563804","100","182881","172.26.191.172","5000","11.483164000","48","1","48192","11.539732000"
"4618","14:42:38.563806","100","182929","172.26.191.172","5000","11.483166000","48","1","48192","11.539734000"
"4619","14:42:38.563817","52","1","100.64.0.5","48192","11.483177000","0","182017","5000","11.539745000"
"4620","14:42:38.563827","100","182977","172.26.191.172","5000","11.483187000","48","1","48192","11.539755000"
"4621","14:42:38.563828","100","183025","172.26.191.172","5000","11.483188000","48","1","48192","11.539756000"
"4622","14:42:38.594744","52","1","100.64.0.5","48192","11.514104000","0","182305","5000","11.570672000"
"4623","14:42:38.594783","100","183073","172.26.191.172","5000","11.514143000","48","1","48192","11.570711000"
"4624","14:42:38.594792","100","183121","172.26.191.172","5000","11.514152000","48","1","48192","11.570720000"
"4625","14:42:38.594803","100","183169","172.26.191.172","5000","11.514163000","48","1","48192","11.570731000"
"4626","14:42:38.594805","100","183217","172.26.191.172","5000","11.514165000","48","1","48192","11.570733000"
"4627","14:42:38.594811","100","183265","172.26.191.172","5000","11.514171000","48","1","48192","11.570739000"
"4628","14:42:38.594812","100","183313","172.26.191.172","5000","11.514172000","48","1","48192","11.570740000"
"4629","14:42:38.594823","52","1","100.64.0.5","48192","11.514183000","0","182497","5000","11.570751000"
"4630","14:42:38.594833","100","183361","172.26.191.172","5000","11.514193000","48","1","48192","11.570761000"
"4631","14:42:38.594835","100","183409","172.26.191.172","5000","11.514195000","48","1","48192","11.570763000"
"4632","14:42:38.594843","100","183457","172.26.191.172","5000","11.514203000","48","1","48192","11.570771000"
"4633","14:42:38.594845","100","183505","172.26.191.172","5000","11.514205000","48","1","48192","11.570773000"
"4634","14:42:38.625585","52","1","100.64.0.5","48192","11.544945000","0","182689","5000","11.601513000"
"4635","14:42:38.625625","100","183553","172.26.191.172","5000","11.544985000","48","1","48192","11.601553000"
"4636","14:42:38.625633","100","183601","172.26.191.172","5000","11.544993000","48","1","48192","11.601561000"
"4637","14:42:38.625645","100","183649","172.26.191.172","5000","11.545005000","48","1","48192","11.601573000"
"4638","14:42:38.625646","100","183697","172.26.191.172","5000","11.545006000","48","1","48192","11.601574000"
"4639","14:42:38.655585","52","1","100.64.0.5","48192","11.574945000","0","182977","5000","11.631513000"
"4640","14:42:38.655625","100","183745","172.26.191.172","5000","11.574985000","48","1","48192","11.631553000"
"4641","14:42:38.655636","100","183793","172.26.191.172","5000","11.574996000","48","1","48192","11.631564000"
"4642","14:42:38.655649","100","183841","172.26.191.172","5000","11.575009000","48","1","48192","11.631577000"
"4643","14:42:38.655650","100","183889","172.26.191.172","5000","11.575010000","48","1","48192","11.631578000"
"4644","14:42:38.655656","100","183937","172.26.191.172","5000","11.575016000","48","1","48192","11.631584000"
"4645","14:42:38.655658","100","183985","172.26.191.172","5000","11.575018000","48","1","48192","11.631586000"
"4646","14:42:38.655670","52","1","100.64.0.5","48192","11.575030000","0","183073","5000","11.631598000"
"4647","14:42:38.655679","100","184033","172.26.191.172","5000","11.575039000","48","1","48192","11.631607000"
"4648","14:42:38.655681","100","184081","172.26.191.172","5000","11.575041000","48","1","48192","11.631609000"
"4649","14:42:38.686572","52","1","100.64.0.5","48192","11.605932000","0","183361","5000","11.662500000"
"4650","14:42:38.686613","100","184129","172.26.191.172","5000","11.605973000","48","1","48192","11.662541000"
"4651","14:42:38.686621","100","184177","172.26.191.172","5000","11.605981000","48","1","48192","11.662549000"
"4652","14:42:38.686633","100","184225","172.26.191.172","5000","11.605993000","48","1","48192","11.662561000"
"4653","14:42:38.686635","100","184273","172.26.191.172","5000","11.605995000","48","1","48192","11.662563000"
"4654","14:42:38.686641","100","184321","172.26.191.172","5000","11.606001000","48","1","48192","11.662569000"
"4655","14:42:38.686642","100","184369","172.26.191.172","5000","11.606002000","48","1","48192","11.662570000"
"4656","14:42:38.686654","52","1","100.64.0.5","48192","11.606014000","0","183553","5000","11.662582000"
"4657","14:42:38.686664","100","184417","172.26.191.172","5000","11.606024000","48","1","48192","11.662592000"
"4658","14:42:38.686665","100","184465","172.26.191.172","5000","11.606025000","48","1","48192","11.662593000"
"4659","14:42:38.686673","100","184513","172.26.191.172","5000","11.606033000","48","1","48192","11.662601000"
"4660","14:42:38.686674","100","184561","172.26.191.172","5000","11.606034000","48","1","48192","11.662602000"
"4661","14:42:38.686681","100","184609","172.26.191.172","5000","11.606041000","48","1","48192","11.662609000"
"4662","14:42:38.686682","100","184657","172.26.191.172","5000","11.606042000","48","1","48192","11.662610000"
"4663","14:42:38.716600","52","1","100.64.0.5","48192","11.635960000","0","183745","5000","11.692528000"
"4664","14:42:38.716639","100","184705","172.26.191.172","5000","11.635999000","48","1","48192","11.692567000"
"4665","14:42:38.716650","100","184753","172.26.191.172","5000","11.636010000","48","1","48192","11.692578000"
"4666","14:42:38.716662","100","184801","172.26.191.172","5000","11.636022000","48","1","48192","11.692590000"
"4667","14:42:38.716663","100","184849","172.26.191.172","5000","11.636023000","48","1","48192","11.692591000"
"4668","14:42:38.746447","52","1","100.64.0.5","48192","11.665807000","0","184033","5000","11.722375000"
"4669","14:42:38.746485","100","184897","172.26.191.172","5000","11.665845000","48","1","48192","11.722413000"
"4670","14:42:38.746496","100","184945","172.26.191.172","5000","11.665856000","48","1","48192","11.722424000"
"4671","14:42:38.746507","100","184993","172.26.191.172","5000","11.665867000","48","1","48192","11.722435000"
"4672","14:42:38.746508","100","185041","172.26.191.172","5000","11.665868000","48","1","48192","11.722436000"
"4673","14:42:38.746515","100","185089","172.26.191.172","5000","11.665875000","48","1","48192","11.722443000"
"4674","14:42:38.746516","100","185137","172.26.191.172","5000","11.665876000","48","1","48192","11.722444000"
"4675","14:42:38.746527","52","1","100.64.0.5","48192","11.665887000","0","184129","5000","11.722455000"
"4676","14:42:38.746537","100","185185","172.26.191.172","5000","11.665897000","48","1","48192","11.722465000"
"4677","14:42:38.746539","100","185233","172.26.191.172","5000","11.665899000","48","1","48192","11.722467000"
"4678","14:42:38.777341","52","1","100.64.0.5","48192","11.696701000","0","184417","5000","11.753269000"
"4679","14:42:38.777385","100","185281","172.26.191.172","5000","11.696745000","48","1","48192","11.753313000"
"4680","14:42:38.777395","100","185329","172.26.191.172","5000","11.696755000","48","1","48192","11.753323000"
"4681","14:42:38.777407","100","185377","172.26.191.172","5000","11.696767000","48","1","48192","11.753335000"
"4682","14:42:38.777409","100","185425","172.26.191.172","5000","11.696769000","48","1","48192","11.753337000"
"4683","14:42:38.777415","100","185473","172.26.191.172","5000","11.696775000","48","1","48192","11.753343000"
"4684","14:42:38.777417","100","185521","172.26.191.172","5000","11.696777000","48","1","48192","11.753345000"
"4685","14:42:38.777430","52","1","100.64.0.5","48192","11.696790000","0","184705","5000","11.753358000"
"4686","14:42:38.777444","100","185569","172.26.191.172","5000","11.696804000","48","1","48192","11.753372000"
"4687","14:42:38.777446","100","185617","172.26.191.172","5000","11.696806000","48","1","48192","11.753374000"
"4688","14:42:38.777454","100","185665","172.26.191.172","5000","11.696814000","48","1","48192","11.753382000"
"4689","14:42:38.777456","100","185713","172.26.191.172","5000","11.696816000","48","1","48192","11.753384000"
"4690","14:42:38.777463","100","185761","172.26.191.172","5000","11.696823000","48","1","48192","11.753391000"
"4691","14:42:38.777464","100","185809","172.26.191.172","5000","11.696824000","48","1","48192","11.753392000"
"4692","14:42:38.807382","52","1","100.64.0.5","48192","11.726742000","0","184897","5000","11.783310000"
"4693","14:42:38.807425","100","185857","172.26.191.172","5000","11.726785000","48","1","48192","11.783353000"
"4694","14:42:38.807435","100","185905","172.26.191.172","5000","11.726795000","48","1","48192","11.783363000"
"4695","14:42:38.807447","100","185953","172.26.191.172","5000","11.726807000","48","1","48192","11.783375000"
"4696","14:42:38.807448","100","186001","172.26.191.172","5000","11.726808000","48","1","48192","11.783376000"
"4697","14:42:38.837435","52","1","100.64.0.5","48192","11.756795000","0","185185","5000","11.813363000"
"4698","14:42:38.837473","100","186049","172.26.191.172","5000","11.756833000","48","1","48192","11.813401000"
"4699","14:42:38.837482","100","186097","172.26.191.172","5000","11.756842000","48","1","48192","11.813410000"
"4700","14:42:38.837493","100","186145","172.26.191.172","5000","11.756853000","48","1","48192","11.813421000"
"4701","14:42:38.837494","100","186193","172.26.191.172","5000","11.756854000","48","1","48192","11.813422000"
"4702","14:42:38.837500","100","186241","172.26.191.172","5000","11.756860000","48","1","48192","11.813428000"
"4703","14:42:38.837501","100","186289","172.26.191.172","5000","11.756861000","48","1","48192","11.813429000"
"4704","14:42:38.837513","52","1","100.64.0.5","48192","11.756873000","0","185281","5000","11.813441000"
"4705","14:42:38.837522","100","186337","172.26.191.172","5000","11.756882000","48","1","48192","11.813450000"
"4706","14:42:38.837524","100","186385","172.26.191.172","5000","11.756884000","48","1","48192","11.813452000"
"4707","14:42:38.868272","52","1","100.64.0.5","48192","11.787632000","0","185569","5000","11.844200000"
"4708","14:42:38.868312","100","186433","172.26.191.172","5000","11.787672000","48","1","48192","11.844240000"
"4709","14:42:38.868323","100","186481","172.26.191.172","5000","11.787683000","48","1","48192","11.844251000"
"4710","14:42:38.868349","100","186529","172.26.191.172","5000","11.787709000","48","1","48192","11.844277000"
"4711","14:42:38.868351","100","186577","172.26.191.172","5000","11.787711000","48","1","48192","11.844279000"
"4712","14:42:38.868357","100","186625","172.26.191.172","5000","11.787717000","48","1","48192","11.844285000"
"4713","14:42:38.868359","100","186673","172.26.191.172","5000","11.787719000","48","1","48192","11.844287000"
"4714","14:42:38.868382","52","1","100.64.0.5","48192","11.787742000","0","185857","5000","11.844310000"
"4715","14:42:38.868394","100","186721","172.26.191.172","5000","11.787754000","48","1","48192","11.844322000"
"4716","14:42:38.868395","100","186769","172.26.191.172","5000","11.787755000","48","1","48192","11.844323000"
"4717","14:42:38.868402","100","186817","172.26.191.172","5000","11.787762000","48","1","48192","11.844330000"
"4718","14:42:38.868404","100","186865","172.26.191.172","5000","11.787764000","48","1","48192","11.844332000"
"4719","14:42:38.868410","100","186913","172.26.191.172","5000","11.787770000","48","1","48192","11.844338000"
"4720","14:42:38.868412","100","186961","172.26.191.172","5000","11.787772000","48","1","48192","11.844340000"
"4721","14:42:38.898309","52","1","100.64.0.5","48192","11.817669000","0","185905","5000","11.874237000"
"4722","14:42:38.898346","100","187009","172.26.191.172","5000","11.817706000","48","1","48192","11.874274000"
"4723","14:42:38.898355","100","187057","172.26.191.172","5000","11.817715000","48","1","48192","11.874283000"
"4724","14:42:38.898370","52","1","100.64.0.5","48192","11.817730000","0","186049","5000","11.874298000"
"4725","14:42:38.898383","100","187105","172.26.191.172","5000","11.817743000","48","1","48192","11.874311000"
"4726","14:42:38.898384","100","187153","172.26.191.172","5000","11.817744000","48","1","48192","11.874312000"
"4727","14:42:38.898391","100","187201","172.26.191.172","5000","11.817751000","48","1","48192","11.874319000"
"4728","14:42:38.898392","100","187249","172.26.191.172","5000","11.817752000","48","1","48192","11.874320000"
"4729","14:42:38.928088","52","1","100.64.0.5","48192","11.847448000","0","186337","5000","11.904016000"
"4730","14:42:38.928127","100","187297","172.26.191.172","5000","11.847487000","48","1","48192","11.904055000"
"4731","14:42:38.928136","100","187345","172.26.191.172","5000","11.847496000","48","1","48192","11.904064000"
"4732","14:42:38.928147","100","187393","172.26.191.172","5000","11.847507000","48","1","48192","11.904075000"
"4733","14:42:38.928149","100","187441","172.26.191.172","5000","11.847509000","48","1","48192","11.904077000"
"4734","14:42:38.928155","100","187489","172.26.191.172","5000","11.847515000","48","1","48192","11.904083000"
"4735","14:42:38.928156","100","187537","172.26.191.172","5000","11.847516000","48","1","48192","11.904084000"
"4736","14:42:38.928168","52","1","100.64.0.5","48192","11.847528000","0","186433","5000","11.904096000"
"4737","14:42:38.928177","100","187585","172.26.191.172","5000","11.847537000","48","1","48192","11.904105000"
"4738","14:42:38.928179","100","187633","172.26.191.172","5000","11.847539000","48","1","48192","11.904107000"
"4739","14:42:38.958344","52","1","100.64.0.5","48192","11.877704000","0","186721","5000","11.934272000"
"4740","14:42:38.958384","100","187681","172.26.191.172","5000","11.877744000","48","1","48192","11.934312000"
"4741","14:42:38.958393","100","187729","172.26.191.172","5000","11.877753000","48","1","48192","11.934321000"
"4742","14:42:38.958403","100","187777","172.26.191.172","5000","11.877763000","48","1","48192","11.934331000"
"4743","14:42:38.958405","100","187825","172.26.191.172","5000","11.877765000","48","1","48192","11.934333000"
"4744","14:42:38.958411","100","187873","172.26.191.172","5000","11.877771000","48","1","48192","11.934339000"
"4745","14:42:38.958413","100","187921","172.26.191.172","5000","11.877773000","48","1","48192","11.934341000"
"4746","14:42:38.958424","52","1","100.64.0.5","48192","11.877784000","0","187009","5000","11.934352000"
"4747","14:42:38.958435","100","187969","172.26.191.172","5000","11.877795000","48","1","48192","11.934363000"
"4748","14:42:38.958437","100","188017","172.26.191.172","5000","11.877797000","48","1","48192","11.934365000"
"4749","14:42:38.958443","100","188065","172.26.191.172","5000","11.877803000","48","1","48192","11.934371000"
"4750","14:42:38.958445","100","188113","172.26.191.172","5000","11.877805000","48","1","48192","11.934373000"
"4751","14:42:38.958451","100","188161","172.26.191.172","5000","11.877811000","48","1","48192","11.934379000"
"4752","14:42:38.958452","100","188209","172.26.191.172","5000","11.877812000","48","1","48192","11.934380000"
"4753","14:42:38.989023","52","1","100.64.0.5","48192","11.908383000","0","187297","5000","11.964951000"
"4754","14:42:38.989062","100","188257","172.26.191.172","5000","11.908422000","48","1","48192","11.964990000"
"4755","14:42:38.989071","100","188305","172.26.191.172","5000","11.908431000","48","1","48192","11.964999000"
"4756","14:42:38.989082","100","188353","172.26.191.172","5000","11.908442000","48","1","48192","11.965010000"
"4757","14:42:38.989083","100","188401","172.26.191.172","5000","11.908443000","48","1","48192","11.965011000"
"4758","14:42:38.989090","100","188449","172.26.191.172","5000","11.908450000","48","1","48192","11.965018000"
"4759","14:42:38.989091","100","188497","172.26.191.172","5000","11.908451000","48","1","48192","11.965019000"
"4760","14:42:39.019288","52","1","100.64.0.5","48192","11.938648000","0","187489","5000","11.995216000"
"4761","14:42:39.019327","100","188545","172.26.191.172","5000","11.938687000","48","1","48192","11.995255000"
"4762","14:42:39.019350","100","188593","172.26.191.172","5000","11.938710000","48","1","48192","11.995278000"
"4763","14:42:39.019361","100","188641","172.26.191.172","5000","11.938721000","48","1","48192","11.995289000"
"4764","14:42:39.019363","100","188689","172.26.191.172","5000","11.938723000","48","1","48192","11.995291000"
"4765","14:42:39.019375","52","1","100.64.0.5","48192","11.938735000","0","187681","5000","11.995303000"
"4766","14:42:39.019385","100","188737","172.26.191.172","5000","11.938745000","48","1","48192","11.995313000"
"4767","14:42:39.019387","100","188785","172.26.191.172","5000","11.938747000","48","1","48192","11.995315000"
"4768","14:42:39.019395","100","188833","172.26.191.172","5000","11.938755000","48","1","48192","11.995323000"
"4769","14:42:39.019397","100","188881","172.26.191.172","5000","11.938757000","48","1","48192","11.995325000"
"4770","14:42:39.049377","52","1","100.64.0.5","48192","11.968737000","0","187969","5000","12.025305000"
"4771","14:42:39.049421","100","188929","172.26.191.172","5000","11.968781000","48","1","48192","12.025349000"
"4772","14:42:39.049431","100","188977","172.26.191.172","5000","11.968791000","48","1","48192","12.025359000"
"4773","14:42:39.049444","100","189025","172.26.191.172","5000","11.968804000","48","1","48192","12.025372000"
"4774","14:42:39.049446","100","189073","172.26.191.172","5000","11.968806000","48","1","48192","12.025374000"
"4775","14:42:39.049453","100","189121","172.26.191.172","5000","11.968813000","48","1","48192","12.025381000"
"4776","14:42:39.049455","100","189169","172.26.191.172","5000","11.968815000","48","1","48192","12.025383000"
"4777","14:42:39.049468","52","1","100.64.0.5","48192","11.968828000","0","188257","5000","12.025396000"
"4778","14:42:39.049481","100","189217","172.26.191.172","5000","11.968841000","48","1","48192","12.025409000"
"4779","14:42:39.049483","100","189265","172.26.191.172","5000","11.968843000","48","1","48192","12.025411000"
"4780","14:42:39.049489","100","189313","172.26.191.172","5000","11.968849000","48","1","48192","12.025417000"
"4781","14:42:39.049491","100","189361","172.26.191.172","5000","11.968851000","48","1","48192","12.025419000"
"4782","14:42:39.049496","100","189409","172.26.191.172","5000","11.968856000","48","1","48192","12.025424000"
"4783","14:42:39.049498","100","189457","172.26.191.172","5000","11.968858000","48","1","48192","12.025426000"
"4784","14:42:39.079981","52","1","100.64.0.5","48192","11.999341000","0","188545","5000","12.055909000"
"4785","14:42:39.080020","100","189505","172.26.191.172","5000","11.999380000","48","1","48192","12.055948000"
"4786","14:42:39.080029","100","189553","172.26.191.172","5000","11.999389000","48","1","48192","12.055957000"
"4787","14:42:39.080040","100","189601","172.26.191.172","5000","11.999400000","48","1","48192","12.055968000"
"4788","14:42:39.080041","100","189649","172.26.191.172","5000","11.999401000","48","1","48192","12.055969000"
"4789","14:42:39.080047","100","189697","172.26.191.172","5000","11.999407000","48","1","48192","12.055975000"
"4790","14:42:39.080049","100","189745","172.26.191.172","5000","11.999409000","48","1","48192","12.055977000"
"4791","14:42:39.080056","100","189793","172.26.191.172","5000","11.999416000","48","1","48192","12.055984000"
"4792","14:42:39.080057","100","189841","172.26.191.172","5000","11.999417000","48","1","48192","12.055985000"
"4793","14:42:39.110041","52","1","100.64.0.5","48192","12.029401000","0","188593","5000","12.085969000"
"4794","14:42:39.110073","100","189889","172.26.191.172","5000","12.029433000","48","1","48192","12.086001000"
"4795","14:42:39.110094","52","1","100.64.0.5","48192","12.029454000","0","188929","5000","12.086022000"
"4796","14:42:39.110111","100","189937","172.26.191.172","5000","12.029471000","48","1","48192","12.086039000"
"4797","14:42:39.110113","100","189985","172.26.191.172","5000","12.029473000","48","1","48192","12.086041000"
"4798","14:42:39.110120","100","190033","172.26.191.172","5000","12.029480000","48","1","48192","12.086048000"
"4799","14:42:39.110121","100","190081","172.26.191.172","5000","12.029481000","48","1","48192","12.086049000"
"4800","14:42:39.110127","100","190129","172.26.191.172","5000","12.029487000","48","1","48192","12.086055000"
"4801","14:42:39.110128","100","190177","172.26.191.172","5000","12.029488000","48","1","48192","12.086056000"
"4802","14:42:39.140388","52","1","100.64.0.5","48192","12.059748000","0","189217","5000","12.116316000"
"4803","14:42:39.140429","100","190225","172.26.191.172","5000","12.059789000","48","1","48192","12.116357000"
"4804","14:42:39.140438","100","190273","172.26.191.172","5000","12.059798000","48","1","48192","12.116366000"
"4805","14:42:39.140448","100","190321","172.26.191.172","5000","12.059808000","48","1","48192","12.116376000"
"4806","14:42:39.140450","100","190369","172.26.191.172","5000","12.059810000","48","1","48192","12.116378000"
"4807","14:42:39.140456","100","190417","172.26.191.172","5000","12.059816000","48","1","48192","12.116384000"
"4808","14:42:39.140457","100","190465","172.26.191.172","5000","12.059817000","48","1","48192","12.116385000"
"4809","14:42:39.140469","52","1","100.64.0.5","48192","12.059829000","0","189505","5000","12.116397000"
"4810","14:42:39.140482","100","190513","172.26.191.172","5000","12.059842000","48","1","48192","12.116410000"
"4811","14:42:39.140484","100","190561","172.26.191.172","5000","12.059844000","48","1","48192","12.116412000"
"4812","14:42:39.140491","100","190609","172.26.191.172","5000","12.059851000","48","1","48192","12.116419000"
"4813","14:42:39.140492","100","190657","172.26.191.172","5000","12.059852000","48","1","48192","12.116420000"
"4814","14:42:39.140497","100","190705","172.26.191.172","5000","12.059857000","48","1","48192","12.116425000"
"4815","14:42:39.140499","100","190753","172.26.191.172","5000","12.059859000","48","1","48192","12.116427000"
"4816","14:42:39.171048","52","1","100.64.0.5","48192","12.090408000","0","189793","5000","12.146976000"
"4817","14:42:39.171088","100","190801","172.26.191.172","5000","12.090448000","48","1","48192","12.147016000"
"4818","14:42:39.171097","100","190849","172.26.191.172","5000","12.090457000","48","1","48192","12.147025000"
"4819","14:42:39.171108","100","190897","172.26.191.172","5000","12.090468000","48","1","48192","12.147036000"
"4820","14:42:39.171109","100","190945","172.26.191.172","5000","12.090469000","48","1","48192","12.147037000"
"4821","14:42:39.171115","100","190993","172.26.191.172","5000","12.090475000","48","1","48192","12.147043000"
"4822","14:42:39.171117","100","191041","172.26.191.172","5000","12.090477000","48","1","48192","12.147045000"
"4823","14:42:39.171123","100","191089","172.26.191.172","5000","12.090483000","48","1","48192","12.147051000"
"4824","14:42:39.171124","100","191137","172.26.191.172","5000","12.090484000","48","1","48192","12.147052000"
"4825","14:42:39.171135","52","1","100.64.0.5","48192","12.090495000","0","189889","5000","12.147063000"
"4826","14:42:39.171145","100","191185","172.26.191.172","5000","12.090505000","48","1","48192","12.147073000"
"4827","14:42:39.171146","100","191233","172.26.191.172","5000","12.090506000","48","1","48192","12.147074000"
"4828","14:42:39.200535","52","1","100.64.0.5","48192","12.119895000","0","190225","5000","12.176463000"
"4829","14:42:39.200575","100","191281","172.26.191.172","5000","12.119935000","48","1","48192","12.176503000"
"4830","14:42:39.200584","100","191329","172.26.191.172","5000","12.119944000","48","1","48192","12.176512000"
"4831","14:42:39.200595","100","191377","172.26.191.172","5000","12.119955000","48","1","48192","12.176523000"
"4832","14:42:39.200597","100","191425","172.26.191.172","5000","12.119957000","48","1","48192","12.176525000"
"4833","14:42:39.200603","100","191473","172.26.191.172","5000","12.119963000","48","1","48192","12.176531000"
"4834","14:42:39.200604","100","191521","172.26.191.172","5000","12.119964000","48","1","48192","12.176532000"
"4835","14:42:39.231250","52","1","100.64.0.5","48192","12.150610000","0","190513","5000","12.207178000"
"4836","14:42:39.231289","100","191569","172.26.191.172","5000","12.150649000","48","1","48192","12.207217000"
"4837","14:42:39.231298","100","191617","172.26.191.172","5000","12.150658000","48","1","48192","12.207226000"
"4838","14:42:39.231309","100","191665","172.26.191.172","5000","12.150669000","48","1","48192","12.207237000"
"4839","14:42:39.231311","100","191713","172.26.191.172","5000","12.150671000","48","1","48192","12.207239000"
"4840","14:42:39.231317","100","191761","172.26.191.172","5000","12.150677000","48","1","48192","12.207245000"
"4841","14:42:39.231318","100","191809","172.26.191.172","5000","12.150678000","48","1","48192","12.207246000"
"4842","14:42:39.231329","52","1","100.64.0.5","48192","12.150689000","0","190801","5000","12.207257000"
"4843","14:42:39.231341","100","191857","172.26.191.172","5000","12.150701000","48","1","48192","12.207269000"
"4844","14:42:39.231343","100","191905","172.26.191.172","5000","12.150703000","48","1","48192","12.207271000"
"4845","14:42:39.231351","100","191953","172.26.191.172","5000","12.150711000","48","1","48192","12.207279000"
"4846","14:42:39.231352","100","192001","172.26.191.172","5000","12.150712000","48","1","48192","12.207280000"
"4847","14:42:39.231358","100","192049","172.26.191.172","5000","12.150718000","48","1","48192","12.207286000"
"4848","14:42:39.231359","100","192097","172.26.191.172","5000","12.150719000","48","1","48192","12.207287000"
"4849","14:42:39.261465","52","1","100.64.0.5","48192","12.180825000","0","191089","5000","12.237393000"
"4850","14:42:39.261504","100","192145","172.26.191.172","5000","12.180864000","48","1","48192","12.237432000"
"4851","14:42:39.261513","100","192193","172.26.191.172","5000","12.180873000","48","1","48192","12.237441000"
"4852","14:42:39.261525","100","192241","172.26.191.172","5000","12.180885000","48","1","48192","12.237453000"
"4853","14:42:39.261527","100","192289","172.26.191.172","5000","12.180887000","48","1","48192","12.237455000"
"4854","14:42:39.261533","100","192337","172.26.191.172","5000","12.180893000","48","1","48192","12.237461000"
"4855","14:42:39.261535","100","192385","172.26.191.172","5000","12.180895000","48","1","48192","12.237463000"
"4856","14:42:39.261546","52","1","100.64.0.5","48192","12.180906000","0","191233","5000","12.237474000"
"4857","14:42:39.261556","100","192433","172.26.191.172","5000","12.180916000","48","1","48192","12.237484000"
"4858","14:42:39.261558","100","192481","172.26.191.172","5000","12.180918000","48","1","48192","12.237486000"
"4859","14:42:39.261564","100","192529","172.26.191.172","5000","12.180924000","48","1","48192","12.237492000"
"4860","14:42:39.261566","100","192577","172.26.191.172","5000","12.180926000","48","1","48192","12.237494000"
"4861","14:42:39.261573","52","1","100.64.0.5","48192","12.180933000","0","191281","5000","12.237501000"
"4862","14:42:39.261581","100","192625","172.26.191.172","5000","12.180941000","48","1","48192","12.237509000"
"4863","14:42:39.261582","100","192673","172.26.191.172","5000","12.180942000","48","1","48192","12.237510000"
"4864","14:42:39.292404","52","1","100.64.0.5","48192","12.211764000","0","191569","5000","12.268332000"
"4865","14:42:39.292444","100","192721","172.26.191.172","5000","12.211804000","48","1","48192","12.268372000"
"4866","14:42:39.292454","100","192769","172.26.191.172","5000","12.211814000","48","1","48192","12.268382000"
"4867","14:42:39.292468","100","192817","172.26.191.172","5000","12.211828000","48","1","48192","12.268396000"
"4868","14:42:39.292470","100","192865","172.26.191.172","5000","12.211830000","48","1","48192","12.268398000"
"4869","14:42:39.292479","100","192913","172.26.191.172","5000","12.211839000","48","1","48192","12.268407000"
"4870","14:42:39.292481","100","192961","172.26.191.172","5000","12.211841000","48","1","48192","12.268409000"
"4871","14:42:39.322088","52","1","100.64.0.5","48192","12.241448000","0","191857","5000","12.298016000"
"4872","14:42:39.322129","100","193009","172.26.191.172","5000","12.241489000","48","1","48192","12.298057000"
"4873","14:42:39.322138","100","193057","172.26.191.172","5000","12.241498000","48","1","48192","12.298066000"
"4874","14:42:39.322148","100","193105","172.26.191.172","5000","12.241508000","48","1","48192","12.298076000"
"4875","14:42:39.322150","100","193153","172.26.191.172","5000","12.241510000","48","1","48192","12.298078000"
"4876","14:42:39.322157","100","193201","172.26.191.172","5000","12.241517000","48","1","48192","12.298085000"
"4877","14:42:39.322159","100","193249","172.26.191.172","5000","12.241519000","48","1","48192","12.298087000"
"4878","14:42:39.322170","52","1","100.64.0.5","48192","12.241530000","0","192145","5000","12.298098000"
"4879","14:42:39.322181","100","193297","172.26.191.172","5000","12.241541000","48","1","48192","12.298109000"
"4880","14:42:39.322183","100","193345","172.26.191.172","5000","12.241543000","48","1","48192","12.298111000"
"4881","14:42:39.322190","100","193393","172.26.191.172","5000","12.241550000","48","1","48192","12.298118000"
"4882","14:42:39.322191","100","193441","172.26.191.172","5000","12.241551000","48","1","48192","12.298119000"
"4883","14:42:39.322197","100","193489","172.26.191.172","5000","12.241557000","48","1","48192","12.298125000"
"4884","14:42:39.322198","100","193537","172.26.191.172","5000","12.241558000","48","1","48192","12.298126000"
"4885","14:42:39.352469","52","1","100.64.0.5","48192","12.271829000","0","192433","5000","12.328397000"
"4886","14:42:39.352509","100","193585","172.26.191.172","5000","12.271869000","48","1","48192","12.328437000"
"4887","14:42:39.352517","100","193633","172.26.191.172","5000","12.271877000","48","1","48192","12.328445000"
"4888","14:42:39.352528","100","193681","172.26.191.172","5000","12.271888000","48","1","48192","12.328456000"
"4889","14:42:39.352530","100","193729","172.26.191.172","5000","12.271890000","48","1","48192","12.328458000"
"4890","14:42:39.352537","100","193777","172.26.191.172","5000","12.271897000","48","1","48192","12.328465000"
"4891","14:42:39.352538","100","193825","172.26.191.172","5000","12.271898000","48","1","48192","12.328466000"
"4892","14:42:39.352550","52","1","100.64.0.5","48192","12.271910000","0","192721","5000","12.328478000"
"4893","14:42:39.352561","100","193873","172.26.191.172","5000","12.271921000","48","1","48192","12.328489000"
"4894","14:42:39.352562","100","193921","172.26.191.172","5000","12.271922000","48","1","48192","12.328490000"
"4895","14:42:39.352569","100","193969","172.26.191.172","5000","12.271929000","48","1","48192","12.328497000"
"4896","14:42:39.352571","100","194017","172.26.191.172","5000","12.271931000","48","1","48192","12.328499000"
"4897","14:42:39.352576","100","194065","172.26.191.172","5000","12.271936000","48","1","48192","12.328504000"
"4898","14:42:39.352578","100","194113","172.26.191.172","5000","12.271938000","48","1","48192","12.328506000"
"4899","14:42:39.383400","52","1","100.64.0.5","48192","12.302760000","0","193009","5000","12.359328000"
"4900","14:42:39.383440","100","194161","172.26.191.172","5000","12.302800000","48","1","48192","12.359368000"
"4901","14:42:39.383449","100","194209","172.26.191.172","5000","12.302809000","48","1","48192","12.359377000"
"4902","14:42:39.383460","100","194257","172.26.191.172","5000","12.302820000","48","1","48192","12.359388000"
"4903","14:42:39.383461","100","194305","172.26.191.172","5000","12.302821000","48","1","48192","12.359389000"
"4904","14:42:39.383467","100","194353","172.26.191.172","5000","12.302827000","48","1","48192","12.359395000"
"4905","14:42:39.383468","100","194401","172.26.191.172","5000","12.302828000","48","1","48192","12.359396000"
"4906","14:42:39.412861","52","1","100.64.0.5","48192","12.332221000","0","193297","5000","12.388789000"
"4907","14:42:39.412901","100","194449","172.26.191.172","5000","12.332261000","48","1","48192","12.388829000"
"4908","14:42:39.412909","100","194497","172.26.191.172","5000","12.332269000","48","1","48192","12.388837000"
"4909","14:42:39.412920","100","194545","172.26.191.172","5000","12.332280000","48","1","48192","12.388848000"
"4910","14:42:39.412921","100","194593","172.26.191.172","5000","12.332281000","48","1","48192","12.388849000"
"4911","14:42:39.412927","100","194641","172.26.191.172","5000","12.332287000","48","1","48192","12.388855000"
"4912","14:42:39.412929","100","194689","172.26.191.172","5000","12.332289000","48","1","48192","12.388857000"
"4913","14:42:39.412940","52","1","100.64.0.5","48192","12.332300000","0","193585","5000","12.388868000"
"4914","14:42:39.412952","100","194737","172.26.191.172","5000","12.332312000","48","1","48192","12.388880000"
"4915","14:42:39.412953","100","194785","172.26.191.172","5000","12.332313000","48","1","48192","12.388881000"
"4916","14:42:39.412961","100","194833","172.26.191.172","5000","12.332321000","48","1","48192","12.388889000"
"4917","14:42:39.412963","100","194881","172.26.191.172","5000","12.332323000","48","1","48192","12.388891000"
"4918","14:42:39.412968","100","194929","172.26.191.172","5000","12.332328000","48","1","48192","12.388896000"
"4919","14:42:39.412969","100","194977","172.26.191.172","5000","12.332329000","48","1","48192","12.388897000"
"4920","14:42:39.442334","52","1","100.64.0.5","48192","12.361694000","0","193873","5000","12.418262000"
"4921","14:42:39.442374","100","195025","172.26.191.172","5000","12.361734000","48","1","48192","12.418302000"
"4922","14:42:39.442383","100","195073","172.26.191.172","5000","12.361743000","48","1","48192","12.418311000"
"4923","14:42:39.442394","100","195121","172.26.191.172","5000","12.361754000","48","1","48192","12.418322000"
"4924","14:42:39.442396","100","195169","172.26.191.172","5000","12.361756000","48","1","48192","12.418324000"
"4925","14:42:39.442402","100","195217","172.26.191.172","5000","12.361762000","48","1","48192","12.418330000"
"4926","14:42:39.442403","100","195265","172.26.191.172","5000","12.361763000","48","1","48192","12.418331000"
"4927","14:42:39.443696","52","1","100.64.0.5","48192","12.363056000","0","193969","5000","12.419624000"
"4928","14:42:39.443733","100","195313","172.26.191.172","5000","12.363093000","48","1","48192","12.419661000"
"4929","14:42:39.443742","100","195361","172.26.191.172","5000","12.363102000","48","1","48192","12.419670000"
"4930","14:42:39.443758","52","1","100.64.0.5","48192","12.363118000","0","194161","5000","12.419686000"
"4931","14:42:39.443771","100","195409","172.26.191.172","5000","12.363131000","48","1","48192","12.419699000"
"4932","14:42:39.443772","100","195457","172.26.191.172","5000","12.363132000","48","1","48192","12.419700000"
"4933","14:42:39.443779","100","195505","172.26.191.172","5000","12.363139000","48","1","48192","12.419707000"
"4934","14:42:39.443781","100","195553","172.26.191.172","5000","12.363141000","48","1","48192","12.419709000"
"4935","14:42:39.443787","100","195601","172.26.191.172","5000","12.363147000","48","1","48192","12.419715000"
"4936","14:42:39.443789","100","195649","172.26.191.172","5000","12.363149000","48","1","48192","12.419717000"
"4937","14:42:39.474595","52","1","100.64.0.5","48192","12.393955000","0","194449","5000","12.450523000"
"4938","14:42:39.474631","100","195697","172.26.191.172","5000","12.393991000","48","1","48192","12.450559000"
"4939","14:42:39.474656","100","195745","172.26.191.172","5000","12.394016000","48","1","48192","12.450584000"
"4940","14:42:39.474658","100","195793","172.26.191.172","5000","12.394018000","48","1","48192","12.450586000"
"4941","14:42:39.474666","100","195841","172.26.191.172","5000","12.394026000","48","1","48192","12.450594000"
"4942","14:42:39.474667","100","195889","172.26.191.172","5000","12.394027000","48","1","48192","12.450595000"
"4943","14:42:39.504168","52","1","100.64.0.5","48192","12.423528000","0","194737","5000","12.480096000"
"4944","14:42:39.504207","100","195937","172.26.191.172","5000","12.423567000","48","1","48192","12.480135000"
"4945","14:42:39.504216","100","195985","172.26.191.172","5000","12.423576000","48","1","48192","12.480144000"
"4946","14:42:39.504227","100","196033","172.26.191.172","5000","12.423587000","48","1","48192","12.480155000"
"4947","14:42:39.504228","100","196081","172.26.191.172","5000","12.423588000","48","1","48192","12.480156000"
"4948","14:42:39.504235","100","196129","172.26.191.172","5000","12.423595000","48","1","48192","12.480163000"
"4949","14:42:39.504236","100","196177","172.26.191.172","5000","12.423596000","48","1","48192","12.480164000"
"4950","14:42:39.504248","52","1","100.64.0.5","48192","12.423608000","0","195025","5000","12.480176000"
"4951","14:42:39.504259","100","196225","172.26.191.172","5000","12.423619000","48","1","48192","12.480187000"
"4952","14:42:39.504261","100","196273","172.26.191.172","5000","12.423621000","48","1","48192","12.480189000"
"4953","14:42:39.504268","100","196321","172.26.191.172","5000","12.423628000","48","1","48192","12.480196000"
"4954","14:42:39.504270","100","196369","172.26.191.172","5000","12.423630000","48","1","48192","12.480198000"
"4955","14:42:39.504275","100","196417","172.26.191.172","5000","12.423635000","48","1","48192","12.480203000"
"4956","14:42:39.504276","100","196465","172.26.191.172","5000","12.423636000","48","1","48192","12.480204000"
"4957","14:42:39.534274","52","1","100.64.0.5","48192","12.453634000","0","195313","5000","12.510202000"
"4958","14:42:39.534315","100","196513","172.26.191.172","5000","12.453675000","48","1","48192","12.510243000"
"4959","14:42:39.534323","100","196561","172.26.191.172","5000","12.453683000","48","1","48192","12.510251000"
"4960","14:42:39.534334","100","196609","172.26.191.172","5000","12.453694000","48","1","48192","12.510262000"
"4961","14:42:39.534336","100","196657","172.26.191.172","5000","12.453696000","48","1","48192","12.510264000"
"4962","14:42:39.534342","100","196705","172.26.191.172","5000","12.453702000","48","1","48192","12.510270000"
"4963","14:42:39.534344","100","196753","172.26.191.172","5000","12.453704000","48","1","48192","12.510272000"
"4964","14:42:39.534355","52","1","100.64.0.5","48192","12.453715000","0","195601","5000","12.510283000"
"4965","14:42:39.534367","100","196801","172.26.191.172","5000","12.453727000","48","1","48192","12.510295000"
"4966","14:42:39.534369","100","196849","172.26.191.172","5000","12.453729000","48","1","48192","12.510297000"
"4967","14:42:39.534375","100","196897","172.26.191.172","5000","12.453735000","48","1","48192","12.510303000"
"4968","14:42:39.534377","100","196945","172.26.191.172","5000","12.453737000","48","1","48192","12.510305000"
"4969","14:42:39.534382","100","196993","172.26.191.172","5000","12.453742000","48","1","48192","12.510310000"
"4970","14:42:39.534383","100","197041","172.26.191.172","5000","12.453743000","48","1","48192","12.510311000"
"4971","14:42:39.534390","52","1","100.64.0.5","48192","12.453750000","0","195649","5000","12.510318000"
"4972","14:42:39.534398","100","197089","172.26.191.172","5000","12.453758000","48","1","48192","12.510326000"
"4973","14:42:39.534399","100","197137","172.26.191.172","5000","12.453759000","48","1","48192","12.510327000"
"4974","14:42:39.534406","52","1","100.64.0.5","48192","12.453766000","0","195697","5000","12.510334000"
"4975","14:42:39.534414","100","197185","172.26.191.172","5000","12.453774000","48","1","48192","12.510342000"
"4976","14:42:39.534415","100","197233","172.26.191.172","5000","12.453775000","48","1","48192","12.510343000"
"4977","14:42:39.564076","52","1","100.64.0.5","48192","12.483436000","0","195937","5000","12.540004000"
"4978","14:42:39.564119","100","197281","172.26.191.172","5000","12.483479000","48","1","48192","12.540047000"
"4979","14:42:39.564129","100","197329","172.26.191.172","5000","12.483489000","48","1","48192","12.540057000"
"4980","14:42:39.564142","100","197377","172.26.191.172","5000","12.483502000","48","1","48192","12.540070000"
"4981","14:42:39.564144","100","197425","172.26.191.172","5000","12.483504000","48","1","48192","12.540072000"
"4982","14:42:39.595047","52","1","100.64.0.5","48192","12.514407000","0","196225","5000","12.570975000"
"4983","14:42:39.595067","100","197473","172.26.191.172","5000","12.514427000","48","1","48192","12.570995000"
"4984","14:42:39.595072","100","197521","172.26.191.172","5000","12.514432000","48","1","48192","12.571000000"
"4985","14:42:39.595076","100","197569","172.26.191.172","5000","12.514436000","48","1","48192","12.571004000"
"4986","14:42:39.595077","100","197617","172.26.191.172","5000","12.514437000","48","1","48192","12.571005000"
"4987","14:42:39.595079","100","197665","172.26.191.172","5000","12.514439000","48","1","48192","12.571007000"
"4988","14:42:39.595080","100","197713","172.26.191.172","5000","12.514440000","48","1","48192","12.571008000"
"4989","14:42:39.595085","52","1","100.64.0.5","48192","12.514445000","0","196513","5000","12.571013000"
"4990","14:42:39.595090","100","197761","172.26.191.172","5000","12.514450000","48","1","48192","12.571018000"
"4991","14:42:39.595091","100","197809","172.26.191.172","5000","12.514451000","48","1","48192","12.571019000"
"4992","14:42:39.595093","100","197857","172.26.191.172","5000","12.514453000","48","1","48192","12.571021000"
"4993","14:42:39.595094","100","197905","172.26.191.172","5000","12.514454000","48","1","48192","12.571022000"
"4994","14:42:39.595096","100","197953","172.26.191.172","5000","12.514456000","48","1","48192","12.571024000"
"4995","14:42:39.595097","100","198001","172.26.191.172","5000","12.514457000","48","1","48192","12.571025000"
"4996","14:42:39.624931","52","1","100.64.0.5","48192","12.544291000","0","196801","5000","12.600859000"
"4997","14:42:39.624974","100","198049","172.26.191.172","5000","12.544334000","48","1","48192","12.600902000"
"4998","14:42:39.624983","100","198097","172.26.191.172","5000","12.544343000","48","1","48192","12.600911000"
"4999","14:42:39.624994","100","198145","172.26.191.172","5000","12.544354000","48","1","48192","12.600922000"
"5000","14:42:39.624995","100","198193","172.26.191.172","5000","12.544355000","48","1","48192","12.600923000"
"5001","14:42:39.625002","100","198241","172.26.191.172","5000","12.544362000","48","1","48192","12.600930000"
"5002","14:42:39.625003","100","198289","172.26.191.172","5000","12.544363000","48","1","48192","12.600931000"
"5003","14:42:39.625014","52","1","100.64.0.5","48192","12.544374000","0","197089","5000","12.600942000"
"5004","14:42:39.625026","100","198337","172.26.191.172","5000","12.544386000","48","1","48192","12.600954000"
"5005","14:42:39.625028","100","198385","172.26.191.172","5000","12.544388000","48","1","48192","12.600956000"
"5006","14:42:39.625035","100","198433","172.26.191.172","5000","12.544395000","48","1","48192","12.600963000"
"5007","14:42:39.625036","100","198481","172.26.191.172","5000","12.544396000","48","1","48192","12.600964000"
"5008","14:42:39.625042","100","198529","172.26.191.172","5000","12.544402000","48","1","48192","12.600970000"
"5009","14:42:39.625043","100","198577","172.26.191.172","5000","12.544403000","48","1","48192","12.600971000"
"5010","14:42:39.625050","52","1","100.64.0.5","48192","12.544410000","0","197185","5000","12.600978000"
"5011","14:42:39.625058","100","198625","172.26.191.172","5000","12.544418000","48","1","48192","12.600986000"
"5012","14:42:39.625059","100","198673","172.26.191.172","5000","12.544419000","48","1","48192","12.600987000"
"5013","14:42:39.655507","52","1","100.64.0.5","48192","12.574867000","0","197473","5000","12.631435000"
"5014","14:42:39.655548","100","198721","172.26.191.172","5000","12.574908000","48","1","48192","12.631476000"
"5015","14:42:39.655557","100","198769","172.26.191.172","5000","12.574917000","48","1","48192","12.631485000"
"5016","14:42:39.655568","100","198817","172.26.191.172","5000","12.574928000","48","1","48192","12.631496000"
"5017","14:42:39.655569","100","198865","172.26.191.172","5000","12.574929000","48","1","48192","12.631497000"
"5018","14:42:39.655575","100","198913","172.26.191.172","5000","12.574935000","48","1","48192","12.631503000"
"5019","14:42:39.655577","100","198961","172.26.191.172","5000","12.574937000","48","1","48192","12.631505000"
"5020","14:42:39.655584","100","199009","172.26.191.172","5000","12.574944000","48","1","48192","12.631512000"
"5021","14:42:39.655585","100","199057","172.26.191.172","5000","12.574945000","48","1","48192","12.631513000"
"5022","14:42:39.686414","52","1","100.64.0.5","48192","12.605774000","0","197761","5000","12.662342000"
"5023","14:42:39.686454","100","199105","172.26.191.172","5000","12.605814000","48","1","48192","12.662382000"
"5024","14:42:39.686462","100","199153","172.26.191.172","5000","12.605822000","48","1","48192","12.662390000"
"5025","14:42:39.686473","100","199201","172.26.191.172","5000","12.605833000","48","1","48192","12.662401000"
"5026","14:42:39.686474","100","199249","172.26.191.172","5000","12.605834000","48","1","48192","12.662402000"
"5027","14:42:39.686481","100","199297","172.26.191.172","5000","12.605841000","48","1","48192","12.662409000"
"5028","14:42:39.686482","100","199345","172.26.191.172","5000","12.605842000","48","1","48192","12.662410000"
"5029","14:42:39.686493","52","1","100.64.0.5","48192","12.605853000","0","198049","5000","12.662421000"
"5030","14:42:39.686506","100","199393","172.26.191.172","5000","12.605866000","48","1","48192","12.662434000"
"5031","14:42:39.686507","100","199441","172.26.191.172","5000","12.605867000","48","1","48192","12.662435000"
"5032","14:42:39.686514","100","199489","172.26.191.172","5000","12.605874000","48","1","48192","12.662442000"
"5033","14:42:39.686515","100","199537","172.26.191.172","5000","12.605875000","48","1","48192","12.662443000"
"5034","14:42:39.686521","100","199585","172.26.191.172","5000","12.605881000","48","1","48192","12.662449000"
"5035","14:42:39.686522","100","199633","172.26.191.172","5000","12.605882000","48","1","48192","12.662450000"
"5036","14:42:39.716015","52","1","100.64.0.5","48192","12.635375000","0","198337","5000","12.691943000"
"5037","14:42:39.716055","100","199681","172.26.191.172","5000","12.635415000","48","1","48192","12.691983000"
"5038","14:42:39.716063","100","199729","172.26.191.172","5000","12.635423000","48","1","48192","12.691991000"
"5039","14:42:39.716074","100","199777","172.26.191.172","5000","12.635434000","48","1","48192","12.692002000"
"5040","14:42:39.716075","100","199825","172.26.191.172","5000","12.635435000","48","1","48192","12.692003000"
"5041","14:42:39.716081","100","199873","172.26.191.172","5000","12.635441000","48","1","48192","12.692009000"
"5042","14:42:39.716082","100","199921","172.26.191.172","5000","12.635442000","48","1","48192","12.692010000"
"5043","14:42:39.716094","52","1","100.64.0.5","48192","12.635454000","0","198625","5000","12.692022000"
"5044","14:42:39.716105","100","199969","172.26.191.172","5000","12.635465000","48","1","48192","12.692033000"
"5045","14:42:39.716106","100","200017","172.26.191.172","5000","12.635466000","48","1","48192","12.692034000"
"5046","14:42:39.716113","100","200065","172.26.191.172","5000","12.635473000","48","1","48192","12.692041000"
"5047","14:42:39.716115","100","200113","172.26.191.172","5000","12.635475000","48","1","48192","12.692043000"
"5048","14:42:39.716121","100","200161","172.26.191.172","5000","12.635481000","48","1","48192","12.692049000"
"5049","14:42:39.716122","100","200209","172.26.191.172","5000","12.635482000","48","1","48192","12.692050000"
"5050","14:42:39.716129","52","1","100.64.0.5","48192","12.635489000","0","198721","5000","12.692057000"
"5051","14:42:39.716139","100","200257","172.26.191.172","5000","12.635499000","48","1","48192","12.692067000"
"5052","14:42:39.716140","100","200305","172.26.191.172","5000","12.635500000","48","1","48192","12.692068000"
"5053","14:42:39.746431","52","1","100.64.0.5","48192","12.665791000","0","199009","5000","12.722359000"
"5054","14:42:39.746472","100","200353","172.26.191.172","5000","12.665832000","48","1","48192","12.722400000"
"5055","14:42:39.746481","100","200401","172.26.191.172","5000","12.665841000","48","1","48192","12.722409000"
"5056","14:42:39.746493","100","200449","172.26.191.172","5000","12.665853000","48","1","48192","12.722421000"
"5057","14:42:39.746494","100","200497","172.26.191.172","5000","12.665854000","48","1","48192","12.722422000"
"5058","14:42:39.746501","100","200545","172.26.191.172","5000","12.665861000","48","1","48192","12.722429000"
"5059","14:42:39.746502","100","200593","172.26.191.172","5000","12.665862000","48","1","48192","12.722430000"
"5060","14:42:39.746514","52","1","100.64.0.5","48192","12.665874000","0","199105","5000","12.722442000"
"5061","14:42:39.746523","100","200641","172.26.191.172","5000","12.665883000","48","1","48192","12.722451000"
"5062","14:42:39.746525","100","200689","172.26.191.172","5000","12.665885000","48","1","48192","12.722453000"
"5063","14:42:39.777498","52","1","100.64.0.5","48192","12.696858000","0","199393","5000","12.753426000"
"5064","14:42:39.777539","100","200737","172.26.191.172","5000","12.696899000","48","1","48192","12.753467000"
"5065","14:42:39.777551","100","200785","172.26.191.172","5000","12.696911000","48","1","48192","12.753479000"
"5066","14:42:39.777562","100","200833","172.26.191.172","5000","12.696922000","48","1","48192","12.753490000"
"5067","14:42:39.777563","100","200881","172.26.191.172","5000","12.696923000","48","1","48192","12.753491000"
"5068","14:42:39.777572","100","200929","172.26.191.172","5000","12.696932000","48","1","48192","12.753500000"
"5069","14:42:39.777573","100","200977","172.26.191.172","5000","12.696933000","48","1","48192","12.753501000"
"5070","14:42:39.777585","52","1","100.64.0.5","48192","12.696945000","0","199681","5000","12.753513000"
"5071","14:42:39.777597","100","201025","172.26.191.172","5000","12.696957000","48","1","48192","12.753525000"
"5072","14:42:39.777598","100","201073","172.26.191.172","5000","12.696958000","48","1","48192","12.753526000"
"5073","14:42:39.777605","100","201121","172.26.191.172","5000","12.696965000","48","1","48192","12.753533000"
"5074","14:42:39.777606","100","201169","172.26.191.172","5000","12.696966000","48","1","48192","12.753534000"
"5075","14:42:39.777613","100","201217","172.26.191.172","5000","12.696973000","48","1","48192","12.753541000"
"5076","14:42:39.777614","100","201265","172.26.191.172","5000","12.696974000","48","1","48192","12.753542000"
"5077","14:42:39.807060","52","1","100.64.0.5","48192","12.726420000","0","199969","5000","12.782988000"
"5078","14:42:39.807100","100","201313","172.26.191.172","5000","12.726460000","48","1","48192","12.783028000"
"5079","14:42:39.807109","100","201361","172.26.191.172","5000","12.726469000","48","1","48192","12.783037000"
"5080","14:42:39.807120","100","201409","172.26.191.172","5000","12.726480000","48","1","48192","12.783048000"
"5081","14:42:39.807122","100","201457","172.26.191.172","5000","12.726482000","48","1","48192","12.783050000"
"5082","14:42:39.807128","100","201505","172.26.191.172","5000","12.726488000","48","1","48192","12.783056000"
"5083","14:42:39.807129","100","201553","172.26.191.172","5000","12.726489000","48","1","48192","12.783057000"
"5084","14:42:39.807141","52","1","100.64.0.5","48192","12.726501000","0","200257","5000","12.783069000"
"5085","14:42:39.807151","100","201601","172.26.191.172","5000","12.726511000","48","1","48192","12.783079000"
"5086","14:42:39.807152","100","201649","172.26.191.172","5000","12.726512000","48","1","48192","12.783080000"
"5087","14:42:39.807159","100","201697","172.26.191.172","5000","12.726519000","48","1","48192","12.783087000"
"5088","14:42:39.807161","100","201745","172.26.191.172","5000","12.726521000","48","1","48192","12.783089000"
"5089","14:42:39.807167","100","201793","172.26.191.172","5000","12.726527000","48","1","48192","12.783095000"
"5090","14:42:39.807168","100","201841","172.26.191.172","5000","12.726528000","48","1","48192","12.783096000"
"5091","14:42:39.807174","52","1","100.64.0.5","48192","12.726534000","0","200353","5000","12.783102000"
"5092","14:42:39.807183","100","201889","172.26.191.172","5000","12.726543000","48","1","48192","12.783111000"
"5093","14:42:39.807184","100","201937","172.26.191.172","5000","12.726544000","48","1","48192","12.783112000"
"5094","14:42:39.837419","52","1","100.64.0.5","48192","12.756779000","0","200641","5000","12.813347000"
"5095","14:42:39.837461","100","201985","172.26.191.172","5000","12.756821000","48","1","48192","12.813389000"
"5096","14:42:39.837470","100","202033","172.26.191.172","5000","12.756830000","48","1","48192","12.813398000"
"5097","14:42:39.837481","100","202081","172.26.191.172","5000","12.756841000","48","1","48192","12.813409000"
"5098","14:42:39.837482","100","202129","172.26.191.172","5000","12.756842000","48","1","48192","12.813410000"
"5099","14:42:39.837489","100","202177","172.26.191.172","5000","12.756849000","48","1","48192","12.813417000"
"5100","14:42:39.837491","100","202225","172.26.191.172","5000","12.756851000","48","1","48192","12.813419000"
"5101","14:42:39.837497","100","202273","172.26.191.172","5000","12.756857000","48","1","48192","12.813425000"
"5102","14:42:39.837498","100","202321","172.26.191.172","5000","12.756858000","48","1","48192","12.813426000"
"5103","14:42:39.837510","52","1","100.64.0.5","48192","12.756870000","0","200737","5000","12.813438000"
"5104","14:42:39.837519","100","202369","172.26.191.172","5000","12.756879000","48","1","48192","12.813447000"
"5105","14:42:39.837521","100","202417","172.26.191.172","5000","12.756881000","48","1","48192","12.813449000"
"5106","14:42:39.867898","52","1","100.64.0.5","48192","12.787258000","0","201025","5000","12.843826000"
"5107","14:42:39.867939","100","202465","172.26.191.172","5000","12.787299000","48","1","48192","12.843867000"
"5108","14:42:39.867947","100","202513","172.26.191.172","5000","12.787307000","48","1","48192","12.843875000"
"5109","14:42:39.867958","100","202561","172.26.191.172","5000","12.787318000","48","1","48192","12.843886000"
"5110","14:42:39.867960","100","202609","172.26.191.172","5000","12.787320000","48","1","48192","12.843888000"
"5111","14:42:39.867967","100","202657","172.26.191.172","5000","12.787327000","48","1","48192","12.843895000"
"5112","14:42:39.867968","100","202705","172.26.191.172","5000","12.787328000","48","1","48192","12.843896000"
"5113","14:42:39.867980","52","1","100.64.0.5","48192","12.787340000","0","201313","5000","12.843908000"
"5114","14:42:39.867991","100","202753","172.26.191.172","5000","12.787351000","48","1","48192","12.843919000"
"5115","14:42:39.867992","100","202801","172.26.191.172","5000","12.787352000","48","1","48192","12.843920000"
"5116","14:42:39.867998","100","202849","172.26.191.172","5000","12.787358000","48","1","48192","12.843926000"
"5117","14:42:39.867999","100","202897","172.26.191.172","5000","12.787359000","48","1","48192","12.843927000"
"5118","14:42:39.868005","100","202945","172.26.191.172","5000","12.787365000","48","1","48192","12.843933000"
"5119","14:42:39.868006","100","202993","172.26.191.172","5000","12.787366000","48","1","48192","12.843934000"
"5120","14:42:39.897922","52","1","100.64.0.5","48192","12.817282000","0","201457","5000","12.873850000"
"5121","14:42:39.897961","100","203041","172.26.191.172","5000","12.817321000","48","1","48192","12.873889000"
"5122","14:42:39.897970","100","203089","172.26.191.172","5000","12.817330000","48","1","48192","12.873898000"
"5123","14:42:39.897985","52","1","100.64.0.5","48192","12.817345000","0","201793","5000","12.873913000"
"5124","14:42:39.897996","100","203137","172.26.191.172","5000","12.817356000","48","1","48192","12.873924000"
"5125","14:42:39.897998","100","203185","172.26.191.172","5000","12.817358000","48","1","48192","12.873926000"
"5126","14:42:39.898004","100","203233","172.26.191.172","5000","12.817364000","48","1","48192","12.873932000"
"5127","14:42:39.898006","100","203281","172.26.191.172","5000","12.817366000","48","1","48192","12.873934000"
"5128","14:42:39.898012","100","203329","172.26.191.172","5000","12.817372000","48","1","48192","12.873940000"
"5129","14:42:39.898014","100","203377","172.26.191.172","5000","12.817374000","48","1","48192","12.873942000"
"5130","14:42:39.898020","100","203425","172.26.191.172","5000","12.817380000","48","1","48192","12.873948000"
"5131","14:42:39.898022","100","203473","172.26.191.172","5000","12.817382000","48","1","48192","12.873950000"
"5132","14:42:39.898029","52","1","100.64.0.5","48192","12.817389000","0","201985","5000","12.873957000"
"5133","14:42:39.898039","100","203521","172.26.191.172","5000","12.817399000","48","1","48192","12.873967000"
"5134","14:42:39.898040","100","203569","172.26.191.172","5000","12.817400000","48","1","48192","12.873968000"
"5135","14:42:39.898047","100","203617","172.26.191.172","5000","12.817407000","48","1","48192","12.873975000"
"5136","14:42:39.898048","100","203665","172.26.191.172","5000","12.817408000","48","1","48192","12.873976000"
"5137","14:42:39.928384","52","1","100.64.0.5","48192","12.847744000","0","202273","5000","12.904312000"
"5138","14:42:39.928424","100","203713","172.26.191.172","5000","12.847784000","48","1","48192","12.904352000"
"5139","14:42:39.928433","100","203761","172.26.191.172","5000","12.847793000","48","1","48192","12.904361000"
"5140","14:42:39.928444","100","203809","172.26.191.172","5000","12.847804000","48","1","48192","12.904372000"
"5141","14:42:39.928445","100","203857","172.26.191.172","5000","12.847805000","48","1","48192","12.904373000"
"5142","14:42:39.928451","100","203905","172.26.191.172","5000","12.847811000","48","1","48192","12.904379000"
"5143","14:42:39.928452","100","203953","172.26.191.172","5000","12.847812000","48","1","48192","12.904380000"
"5144","14:42:39.928466","52","1","100.64.0.5","48192","12.847826000","0","202465","5000","12.904394000"
"5145","14:42:39.928477","100","204001","172.26.191.172","5000","12.847837000","48","1","48192","12.904405000"
"5146","14:42:39.928479","100","204049","172.26.191.172","5000","12.847839000","48","1","48192","12.904407000"
"5147","14:42:39.928485","100","204097","172.26.191.172","5000","12.847845000","48","1","48192","12.904413000"
"5148","14:42:39.928486","100","204145","172.26.191.172","5000","12.847846000","48","1","48192","12.904414000"
"5149","14:42:39.958226","52","1","100.64.0.5","48192","12.877586000","0","202753","5000","12.934154000"
"5150","14:42:39.958264","100","204193","172.26.191.172","5000","12.877624000","48","1","48192","12.934192000"
"5151","14:42:39.958273","100","204241","172.26.191.172","5000","12.877633000","48","1","48192","12.934201000"
"5152","14:42:39.958284","100","204289","172.26.191.172","5000","12.877644000","48","1","48192","12.934212000"
"5153","14:42:39.958286","100","204337","172.26.191.172","5000","12.877646000","48","1","48192","12.934214000"
"5154","14:42:39.958292","100","204385","172.26.191.172","5000","12.877652000","48","1","48192","12.934220000"
"5155","14:42:39.958294","100","204433","172.26.191.172","5000","12.877654000","48","1","48192","12.934222000"
"5156","14:42:39.958305","52","1","100.64.0.5","48192","12.877665000","0","203041","5000","12.934233000"
"5157","14:42:39.958317","100","204481","172.26.191.172","5000","12.877677000","48","1","48192","12.934245000"
"5158","14:42:39.958318","100","204529","172.26.191.172","5000","12.877678000","48","1","48192","12.934246000"
"5159","14:42:39.958327","100","204577","172.26.191.172","5000","12.877687000","48","1","48192","12.934255000"
"5160","14:42:39.958328","100","204625","172.26.191.172","5000","12.877688000","48","1","48192","12.934256000"
"5161","14:42:39.958333","100","204673","172.26.191.172","5000","12.877693000","48","1","48192","12.934261000"
"5162","14:42:39.958335","100","204721","172.26.191.172","5000","12.877695000","48","1","48192","12.934263000"
"5163","14:42:39.989500","52","1","100.64.0.5","48192","12.908860000","0","203281","5000","12.965428000"
"5164","14:42:39.989540","100","204769","172.26.191.172","5000","12.908900000","48","1","48192","12.965468000"
"5165","14:42:39.989549","100","204817","172.26.191.172","5000","12.908909000","48","1","48192","12.965477000"
"5166","14:42:39.989561","100","204865","172.26.191.172","5000","12.908921000","48","1","48192","12.965489000"
"5167","14:42:39.989563","100","204913","172.26.191.172","5000","12.908923000","48","1","48192","12.965491000"
"5168","14:42:39.989569","100","204961","172.26.191.172","5000","12.908929000","48","1","48192","12.965497000"
"5169","14:42:39.989570","100","205009","172.26.191.172","5000","12.908930000","48","1","48192","12.965498000"
"5170","14:42:39.989581","52","1","100.64.0.5","48192","12.908941000","0","203617","5000","12.965509000"
"5171","14:42:39.989594","100","205057","172.26.191.172","5000","12.908954000","48","1","48192","12.965522000"
"5172","14:42:39.989595","100","205105","172.26.191.172","5000","12.908955000","48","1","48192","12.965523000"
"5173","14:42:39.989602","100","205153","172.26.191.172","5000","12.908962000","48","1","48192","12.965530000"
"5174","14:42:39.989603","100","205201","172.26.191.172","5000","12.908963000","48","1","48192","12.965531000"
"5175","14:42:39.989610","100","205249","172.26.191.172","5000","12.908970000","48","1","48192","12.965538000"
"5176","14:42:39.989611","100","205297","172.26.191.172","5000","12.908971000","48","1","48192","12.965539000"
"5177","14:42:39.989617","52","1","100.64.0.5","48192","12.908977000","0","203713","5000","12.965545000"
"5178","14:42:39.989625","100","205345","172.26.191.172","5000","12.908985000","48","1","48192","12.965553000"
"5179","14:42:39.989627","100","205393","172.26.191.172","5000","12.908987000","48","1","48192","12.965555000"
"5180","14:42:40.019558","52","1","100.64.0.5","48192","12.938918000","0","204001","5000","12.995486000"
"5181","14:42:40.019597","100","205441","172.26.191.172","5000","12.938957000","48","1","48192","12.995525000"
"5182","14:42:40.019606","100","205489","172.26.191.172","5000","12.938966000","48","1","48192","12.995534000"
"5183","14:42:40.019618","100","205537","172.26.191.172","5000","12.938978000","48","1","48192","12.995546000"
"5184","14:42:40.019619","100","205585","172.26.191.172","5000","12.938979000","48","1","48192","12.995547000"
"5185","14:42:40.019626","100","205633","172.26.191.172","5000","12.938986000","48","1","48192","12.995554000"
"5186","14:42:40.019627","100","205681","172.26.191.172","5000","12.938987000","48","1","48192","12.995555000"
"5187","14:42:40.019639","52","1","100.64.0.5","48192","12.938999000","0","204193","5000","12.995567000"
"5188","14:42:40.019650","100","205729","172.26.191.172","5000","12.939010000","48","1","48192","12.995578000"
"5189","14:42:40.019652","100","205777","172.26.191.172","5000","12.939012000","48","1","48192","12.995580000"
"5190","14:42:40.019659","100","205825","172.26.191.172","5000","12.939019000","48","1","48192","12.995587000"
"5191","14:42:40.019660","100","205873","172.26.191.172","5000","12.939020000","48","1","48192","12.995588000"
"5192","14:42:40.019666","100","205921","172.26.191.172","5000","12.939026000","48","1","48192","12.995594000"
"5193","14:42:40.019667","100","205969","172.26.191.172","5000","12.939027000","48","1","48192","12.995595000"
"5194","14:42:40.049155","52","1","100.64.0.5","48192","12.968515000","0","204481","5000","13.025083000"
"5195","14:42:40.049200","100","206017","172.26.191.172","5000","12.968560000","48","1","48192","13.025128000"
"5196","14:42:40.049210","100","206065","172.26.191.172","5000","12.968570000","48","1","48192","13.025138000"
"5197","14:42:40.049222","100","206113","172.26.191.172","5000","12.968582000","48","1","48192","13.025150000"
"5198","14:42:40.049224","100","206161","172.26.191.172","5000","12.968584000","48","1","48192","13.025152000"
"5199","14:42:40.049231","100","206209","172.26.191.172","5000","12.968591000","48","1","48192","13.025159000"
"5200","14:42:40.049233","100","206257","172.26.191.172","5000","12.968593000","48","1","48192","13.025161000"
"5201","14:42:40.049246","52","1","100.64.0.5","48192","12.968606000","0","204769","5000","13.025174000"
"5202","14:42:40.049258","100","206305","172.26.191.172","5000","12.968618000","48","1","48192","13.025186000"
"5203","14:42:40.049260","100","206353","172.26.191.172","5000","12.968620000","48","1","48192","13.025188000"
"5204","14:42:40.049268","100","206401","172.26.191.172","5000","12.968628000","48","1","48192","13.025196000"
"5205","14:42:40.049270","100","206449","172.26.191.172","5000","12.968630000","48","1","48192","13.025198000"
"5206","14:42:40.049276","100","206497","172.26.191.172","5000","12.968636000","48","1","48192","13.025204000"
"5207","14:42:40.049277","100","206545","172.26.191.172","5000","12.968637000","48","1","48192","13.025205000"
"5208","14:42:40.079828","52","1","100.64.0.5","48192","12.999188000","0","205057","5000","13.055756000"
"5209","14:42:40.079852","100","206593","172.26.191.172","5000","12.999212000","48","1","48192","13.055780000"
"5210","14:42:40.079857","100","206641","172.26.191.172","5000","12.999217000","48","1","48192","13.055785000"
"5211","14:42:40.079863","100","206689","172.26.191.172","5000","12.999223000","48","1","48192","13.055791000"
"5212","14:42:40.079864","100","206737","172.26.191.172","5000","12.999224000","48","1","48192","13.055792000"
"5213","14:42:40.079867","100","206785","172.26.191.172","5000","12.999227000","48","1","48192","13.055795000"
"5214","14:42:40.079868","100","206833","172.26.191.172","5000","12.999228000","48","1","48192","13.055796000"
"5215","14:42:40.079874","52","1","100.64.0.5","48192","12.999234000","0","205345","5000","13.055802000"
"5216","14:42:40.079880","100","206881","172.26.191.172","5000","12.999240000","48","1","48192","13.055808000"
"5217","14:42:40.079880","100","206929","172.26.191.172","5000","12.999240000","48","1","48192","13.055808000"
"5218","14:42:40.079884","100","206977","172.26.191.172","5000","12.999244000","48","1","48192","13.055812000"
"5219","14:42:40.079884","100","207025","172.26.191.172","5000","12.999244000","48","1","48192","13.055812000"
"5220","14:42:40.079887","100","207073","172.26.191.172","5000","12.999247000","48","1","48192","13.055815000"
"5221","14:42:40.079888","100","207121","172.26.191.172","5000","12.999248000","48","1","48192","13.055816000"
"5222","14:42:40.079891","52","1","100.64.0.5","48192","12.999251000","0","205441","5000","13.055819000"
"5223","14:42:40.079897","100","207169","172.26.191.172","5000","12.999257000","48","1","48192","13.055825000"
"5224","14:42:40.079897","100","207217","172.26.191.172","5000","12.999257000","48","1","48192","13.055825000"
"5225","14:42:40.110285","52","1","100.64.0.5","48192","13.029645000","0","205729","5000","13.086213000"
"5226","14:42:40.110325","100","207265","172.26.191.172","5000","13.029685000","48","1","48192","13.086253000"
"5227","14:42:40.110334","100","207313","172.26.191.172","5000","13.029694000","48","1","48192","13.086262000"
"5228","14:42:40.110345","100","207361","172.26.191.172","5000","13.029705000","48","1","48192","13.086273000"
"5229","14:42:40.110346","100","207409","172.26.191.172","5000","13.029706000","48","1","48192","13.086274000"
"5230","14:42:40.110352","100","207457","172.26.191.172","5000","13.029712000","48","1","48192","13.086280000"
"5231","14:42:40.110353","100","207505","172.26.191.172","5000","13.029713000","48","1","48192","13.086281000"
"5232","14:42:40.110365","52","1","100.64.0.5","48192","13.029725000","0","206017","5000","13.086293000"
"5233","14:42:40.110376","100","207553","172.26.191.172","5000","13.029736000","48","1","48192","13.086304000"
"5234","14:42:40.110378","100","207601","172.26.191.172","5000","13.029738000","48","1","48192","13.086306000"
"5235","14:42:40.110384","100","207649","172.26.191.172","5000","13.029744000","48","1","48192","13.086312000"
"5236","14:42:40.110386","100","207697","172.26.191.172","5000","13.029746000","48","1","48192","13.086314000"
"5237","14:42:40.110393","100","207745","172.26.191.172","5000","13.029753000","48","1","48192","13.086321000"
"5238","14:42:40.110394","100","207793","172.26.191.172","5000","13.029754000","48","1","48192","13.086322000"
"5239","14:42:40.140462","52","1","100.64.0.5","48192","13.059822000","0","206209","5000","13.116390000"
"5240","14:42:40.140500","100","207841","172.26.191.172","5000","13.059860000","48","1","48192","13.116428000"
"5241","14:42:40.140509","100","207889","172.26.191.172","5000","13.059869000","48","1","48192","13.116437000"
"5242","14:42:40.140520","100","207937","172.26.191.172","5000","13.059880000","48","1","48192","13.116448000"
"5243","14:42:40.140521","100","207985","172.26.191.172","5000","13.059881000","48","1","48192","13.116449000"
"5244","14:42:40.140533","52","1","100.64.0.5","48192","13.059893000","0","206497","5000","13.116461000"
"5245","14:42:40.140544","100","208033","172.26.191.172","5000","13.059904000","48","1","48192","13.116472000"
"5246","14:42:40.140546","100","208081","172.26.191.172","5000","13.059906000","48","1","48192","13.116474000"
"5247","14:42:40.140552","100","208129","172.26.191.172","5000","13.059912000","48","1","48192","13.116480000"
"5248","14:42:40.140553","100","208177","172.26.191.172","5000","13.059913000","48","1","48192","13.116481000"
"5249","14:42:40.140560","100","208225","172.26.191.172","5000","13.059920000","48","1","48192","13.116488000"
"5250","14:42:40.140561","100","208273","172.26.191.172","5000","13.059921000","48","1","48192","13.116489000"
"5251","14:42:40.140568","52","1","100.64.0.5","48192","13.059928000","0","206593","5000","13.116496000"
"5252","14:42:40.140577","100","208321","172.26.191.172","5000","13.059937000","48","1","48192","13.116505000"
"5253","14:42:40.140578","100","208369","172.26.191.172","5000","13.059938000","48","1","48192","13.116506000"
"5254","14:42:40.170990","52","1","100.64.0.5","48192","13.090350000","0","206881","5000","13.146918000"
"5255","14:42:40.171030","100","208417","172.26.191.172","5000","13.090390000","48","1","48192","13.146958000"
"5256","14:42:40.171039","100","208465","172.26.191.172","5000","13.090399000","48","1","48192","13.146967000"
"5257","14:42:40.171050","100","208513","172.26.191.172","5000","13.090410000","48","1","48192","13.146978000"
"5258","14:42:40.171051","100","208561","172.26.191.172","5000","13.090411000","48","1","48192","13.146979000"
"5259","14:42:40.171058","100","208609","172.26.191.172","5000","13.090418000","48","1","48192","13.146986000"
"5260","14:42:40.171059","100","208657","172.26.191.172","5000","13.090419000","48","1","48192","13.146987000"
"5261","14:42:40.171071","52","1","100.64.0.5","48192","13.090431000","0","207169","5000","13.146999000"
"5262","14:42:40.171081","100","208705","172.26.191.172","5000","13.090441000","48","1","48192","13.147009000"
"5263","14:42:40.171082","100","208753","172.26.191.172","5000","13.090442000","48","1","48192","13.147010000"
"5264","14:42:40.171090","100","208801","172.26.191.172","5000","13.090450000","48","1","48192","13.147018000"
"5265","14:42:40.171091","100","208849","172.26.191.172","5000","13.090451000","48","1","48192","13.147019000"
"5266","14:42:40.171097","100","208897","172.26.191.172","5000","13.090457000","48","1","48192","13.147025000"
"5267","14:42:40.171098","100","208945","172.26.191.172","5000","13.090458000","48","1","48192","13.147026000"
"5268","14:42:40.171104","52","1","100.64.0.5","48192","13.090464000","0","207265","5000","13.147032000"
"5269","14:42:40.171113","100","208993","172.26.191.172","5000","13.090473000","48","1","48192","13.147041000"
"5270","14:42:40.171114","100","209041","172.26.191.172","5000","13.090474000","48","1","48192","13.147042000"
"5271","14:42:40.200796","52","1","100.64.0.5","48192","13.120156000","0","207553","5000","13.176724000"
"5272","14:42:40.200836","100","209089","172.26.191.172","5000","13.120196000","48","1","48192","13.176764000"
"5273","14:42:40.200845","100","209137","172.26.191.172","5000","13.120205000","48","1","48192","13.176773000"
"5274","14:42:40.200855","100","209185","172.26.191.172","5000","13.120215000","48","1","48192","13.176783000"
"5275","14:42:40.200857","100","209233","172.26.191.172","5000","13.120217000","48","1","48192","13.176785000"
"5276","14:42:40.200863","100","209281","172.26.191.172","5000","13.120223000","48","1","48192","13.176791000"
"5277","14:42:40.200865","100","209329","172.26.191.172","5000","13.120225000","48","1","48192","13.176793000"
"5278","14:42:40.200877","52","1","100.64.0.5","48192","13.120237000","0","207841","5000","13.176805000"
"5279","14:42:40.200888","100","209377","172.26.191.172","5000","13.120248000","48","1","48192","13.176816000"
"5280","14:42:40.200889","100","209425","172.26.191.172","5000","13.120249000","48","1","48192","13.176817000"
"5281","14:42:40.200898","100","209473","172.26.191.172","5000","13.120258000","48","1","48192","13.176826000"
"5282","14:42:40.200899","100","209521","172.26.191.172","5000","13.120259000","48","1","48192","13.176827000"
"5283","14:42:40.200905","100","209569","172.26.191.172","5000","13.120265000","48","1","48192","13.176833000"
"5284","14:42:40.200906","100","209617","172.26.191.172","5000","13.120266000","48","1","48192","13.176834000"
"5285","14:42:40.200912","100","209665","172.26.191.172","5000","13.120272000","48","1","48192","13.176840000"
"5286","14:42:40.200913","100","209713","172.26.191.172","5000","13.120273000","48","1","48192","13.176841000"
"5287","14:42:40.231336","52","1","100.64.0.5","48192","13.150696000","0","208129","5000","13.207264000"
"5288","14:42:40.231377","100","209761","172.26.191.172","5000","13.150737000","48","1","48192","13.207305000"
"5289","14:42:40.231386","100","209809","172.26.191.172","5000","13.150746000","48","1","48192","13.207314000"
"5290","14:42:40.231398","100","209857","172.26.191.172","5000","13.150758000","48","1","48192","13.207326000"
"5291","14:42:40.231399","100","209905","172.26.191.172","5000","13.150759000","48","1","48192","13.207327000"
"5292","14:42:40.231405","100","209953","172.26.191.172","5000","13.150765000","48","1","48192","13.207333000"
"5293","14:42:40.231406","100","210001","172.26.191.172","5000","13.150766000","48","1","48192","13.207334000"
"5294","14:42:40.231418","52","1","100.64.0.5","48192","13.150778000","0","208417","5000","13.207346000"
"5295","14:42:40.231430","100","210049","172.26.191.172","5000","13.150790000","48","1","48192","13.207358000"
"5296","14:42:40.231432","100","210097","172.26.191.172","5000","13.150792000","48","1","48192","13.207360000"
"5297","14:42:40.231439","100","210145","172.26.191.172","5000","13.150799000","48","1","48192","13.207367000"
"5298","14:42:40.231441","100","210193","172.26.191.172","5000","13.150801000","48","1","48192","13.207369000"
"5299","14:42:40.231447","100","210241","172.26.191.172","5000","13.150807000","48","1","48192","13.207375000"
"5300","14:42:40.231449","100","210289","172.26.191.172","5000","13.150809000","48","1","48192","13.207377000"
"5301","14:42:40.260639","52","1","100.64.0.5","48192","13.179999000","0","208705","5000","13.236567000"
"5302","14:42:40.260678","100","210337","172.26.191.172","5000","13.180038000","48","1","48192","13.236606000"
"5303","14:42:40.260687","100","210385","172.26.191.172","5000","13.180047000","48","1","48192","13.236615000"
"5304","14:42:40.260698","100","210433","172.26.191.172","5000","13.180058000","48","1","48192","13.236626000"
"5305","14:42:40.260699","100","210481","172.26.191.172","5000","13.180059000","48","1","48192","13.236627000"
"5306","14:42:40.260706","100","210529","172.26.191.172","5000","13.180066000","48","1","48192","13.236634000"
"5307","14:42:40.260707","100","210577","172.26.191.172","5000","13.180067000","48","1","48192","13.236635000"
"5308","14:42:40.260719","52","1","100.64.0.5","48192","13.180079000","0","208993","5000","13.236647000"
"5309","14:42:40.260730","100","210625","172.26.191.172","5000","13.180090000","48","1","48192","13.236658000"
"5310","14:42:40.260731","100","210673","172.26.191.172","5000","13.180091000","48","1","48192","13.236659000"
"5311","14:42:40.260740","100","210721","172.26.191.172","5000","13.180100000","48","1","48192","13.236668000"
"5312","14:42:40.260741","100","210769","172.26.191.172","5000","13.180101000","48","1","48192","13.236669000"
"5313","14:42:40.260747","100","210817","172.26.191.172","5000","13.180107000","48","1","48192","13.236675000"
"5314","14:42:40.260748","100","210865","172.26.191.172","5000","13.180108000","48","1","48192","13.236676000"
"5315","14:42:40.260754","52","1","100.64.0.5","48192","13.180114000","0","209089","5000","13.236682000"
"5316","14:42:40.260762","100","210913","172.26.191.172","5000","13.180122000","48","1","48192","13.236690000"
"5317","14:42:40.260764","100","210961","172.26.191.172","5000","13.180124000","48","1","48192","13.236692000"
"5318","14:42:40.291350","52","1","100.64.0.5","48192","13.210710000","0","209185","5000","13.267278000"
"5319","14:42:40.291388","100","211009","172.26.191.172","5000","13.210748000","48","1","48192","13.267316000"
"5320","14:42:40.291397","100","211057","172.26.191.172","5000","13.210757000","48","1","48192","13.267325000"
"5321","14:42:40.291412","52","1","100.64.0.5","48192","13.210772000","0","209473","5000","13.267340000"
"5322","14:42:40.291424","100","211105","172.26.191.172","5000","13.210784000","48","1","48192","13.267352000"
"5323","14:42:40.291426","100","211153","172.26.191.172","5000","13.210786000","48","1","48192","13.267354000"
"5324","14:42:40.291433","100","211201","172.26.191.172","5000","13.210793000","48","1","48192","13.267361000"
"5325","14:42:40.291434","100","211249","172.26.191.172","5000","13.210794000","48","1","48192","13.267362000"
"5326","14:42:40.291440","100","211297","172.26.191.172","5000","13.210800000","48","1","48192","13.267368000"
"5327","14:42:40.291442","100","211345","172.26.191.172","5000","13.210802000","48","1","48192","13.267370000"
"5328","14:42:40.292574","52","1","100.64.0.5","48192","13.211934000","0","209761","5000","13.268502000"
"5329","14:42:40.292615","100","211393","172.26.191.172","5000","13.211975000","48","1","48192","13.268543000"
"5330","14:42:40.292624","100","211441","172.26.191.172","5000","13.211984000","48","1","48192","13.268552000"
"5331","14:42:40.292635","100","211489","172.26.191.172","5000","13.211995000","48","1","48192","13.268563000"
"5332","14:42:40.292636","100","211537","172.26.191.172","5000","13.211996000","48","1","48192","13.268564000"
"5333","14:42:40.292643","100","211585","172.26.191.172","5000","13.212003000","48","1","48192","13.268571000"
"5334","14:42:40.292644","100","211633","172.26.191.172","5000","13.212004000","48","1","48192","13.268572000"
"5335","14:42:40.321152","52","1","100.64.0.5","48192","13.240512000","0","210049","5000","13.297080000"
"5336","14:42:40.321189","100","211681","172.26.191.172","5000","13.240549000","48","1","48192","13.297117000"
"5337","14:42:40.321203","100","211729","172.26.191.172","5000","13.240563000","48","1","48192","13.297131000"
"5338","14:42:40.321214","100","211777","172.26.191.172","5000","13.240574000","48","1","48192","13.297142000"
"5339","14:42:40.321216","100","211825","172.26.191.172","5000","13.240576000","48","1","48192","13.297144000"
"5340","14:42:40.321222","100","211873","172.26.191.172","5000","13.240582000","48","1","48192","13.297150000"
"5341","14:42:40.321223","100","211921","172.26.191.172","5000","13.240583000","48","1","48192","13.297151000"
"5342","14:42:40.322387","52","1","100.64.0.5","48192","13.241747000","0","210337","5000","13.298315000"
"5343","14:42:40.322415","100","211969","172.26.191.172","5000","13.241775000","48","1","48192","13.298343000"
"5344","14:42:40.322422","100","212017","172.26.191.172","5000","13.241782000","48","1","48192","13.298350000"
"5345","14:42:40.322433","100","212065","172.26.191.172","5000","13.241793000","48","1","48192","13.298361000"
"5346","14:42:40.322434","100","212113","172.26.191.172","5000","13.241794000","48","1","48192","13.298362000"
"5347","14:42:40.322440","100","212161","172.26.191.172","5000","13.241800000","48","1","48192","13.298368000"
"5348","14:42:40.322442","100","212209","172.26.191.172","5000","13.241802000","48","1","48192","13.298370000"
"5349","14:42:40.352594","52","1","100.64.0.5","48192","13.271954000","0","210385","5000","13.328522000"
"5350","14:42:40.352631","100","212257","172.26.191.172","5000","13.271991000","48","1","48192","13.328559000"
"5351","14:42:40.352643","100","212305","172.26.191.172","5000","13.272003000","48","1","48192","13.328571000"
"5352","14:42:40.352658","52","1","100.64.0.5","48192","13.272018000","0","210721","5000","13.328586000"
"5353","14:42:40.352674","100","212353","172.26.191.172","5000","13.272034000","48","1","48192","13.328602000"
"5354","14:42:40.352675","100","212401","172.26.191.172","5000","13.272035000","48","1","48192","13.328603000"
"5355","14:42:40.352683","100","212449","172.26.191.172","5000","13.272043000","48","1","48192","13.328611000"
"5356","14:42:40.352684","100","212497","172.26.191.172","5000","13.272044000","48","1","48192","13.328612000"
"5357","14:42:40.352690","100","212545","172.26.191.172","5000","13.272050000","48","1","48192","13.328618000"
"5358","14:42:40.352692","100","212593","172.26.191.172","5000","13.272052000","48","1","48192","13.328620000"
"5359","14:42:40.352699","52","1","100.64.0.5","48192","13.272059000","0","211009","5000","13.328627000"
"5360","14:42:40.352711","100","212641","172.26.191.172","5000","13.272071000","48","1","48192","13.328639000"
"5361","14:42:40.352712","100","212689","172.26.191.172","5000","13.272072000","48","1","48192","13.328640000"
"5362","14:42:40.352719","100","212737","172.26.191.172","5000","13.272079000","48","1","48192","13.328647000"
"5363","14:42:40.352720","100","212785","172.26.191.172","5000","13.272080000","48","1","48192","13.328648000"
"5364","14:42:40.352726","100","212833","172.26.191.172","5000","13.272086000","48","1","48192","13.328654000"
"5365","14:42:40.352727","100","212881","172.26.191.172","5000","13.272087000","48","1","48192","13.328655000"
"5366","14:42:40.382758","52","1","100.64.0.5","48192","13.302118000","0","211297","5000","13.358686000"
"5367","14:42:40.382798","100","212929","172.26.191.172","5000","13.302158000","48","1","48192","13.358726000"
"5368","14:42:40.382807","100","212977","172.26.191.172","5000","13.302167000","48","1","48192","13.358735000"
"5369","14:42:40.382818","100","213025","172.26.191.172","5000","13.302178000","48","1","48192","13.358746000"
"5370","14:42:40.382819","100","213073","172.26.191.172","5000","13.302179000","48","1","48192","13.358747000"
"5371","14:42:40.382826","100","213121","172.26.191.172","5000","13.302186000","48","1","48192","13.358754000"
"5372","14:42:40.382828","100","213169","172.26.191.172","5000","13.302188000","48","1","48192","13.358756000"
"5373","14:42:40.382839","52","1","100.64.0.5","48192","13.302199000","0","211585","5000","13.358767000"
"5374","14:42:40.382851","100","213217","172.26.191.172","5000","13.302211000","48","1","48192","13.358779000"
"5375","14:42:40.382853","100","213265","172.26.191.172","5000","13.302213000","48","1","48192","13.358781000"
"5376","14:42:40.382860","100","213313","172.26.191.172","5000","13.302220000","48","1","48192","13.358788000"
"5377","14:42:40.382861","100","213361","172.26.191.172","5000","13.302221000","48","1","48192","13.358789000"
"5378","14:42:40.382868","100","213409","172.26.191.172","5000","13.302228000","48","1","48192","13.358796000"
"5379","14:42:40.382869","100","213457","172.26.191.172","5000","13.302229000","48","1","48192","13.358797000"
"5380","14:42:40.382875","52","1","100.64.0.5","48192","13.302235000","0","211681","5000","13.358803000"
"5381","14:42:40.382885","100","213505","172.26.191.172","5000","13.302245000","48","1","48192","13.358813000"
"5382","14:42:40.382886","100","213553","172.26.191.172","5000","13.302246000","48","1","48192","13.358814000"
"5383","14:42:40.382893","100","213601","172.26.191.172","5000","13.302253000","48","1","48192","13.358821000"
"5384","14:42:40.382895","100","213649","172.26.191.172","5000","13.302255000","48","1","48192","13.358823000"
"5385","14:42:40.413078","52","1","100.64.0.5","48192","13.332438000","0","211969","5000","13.389006000"
"5386","14:42:40.413118","100","213697","172.26.191.172","5000","13.332478000","48","1","48192","13.389046000"
"5387","14:42:40.413127","100","213745","172.26.191.172","5000","13.332487000","48","1","48192","13.389055000"
"5388","14:42:40.413139","100","213793","172.26.191.172","5000","13.332499000","48","1","48192","13.389067000"
"5389","14:42:40.413140","100","213841","172.26.191.172","5000","13.332500000","48","1","48192","13.389068000"
"5390","14:42:40.413147","100","213889","172.26.191.172","5000","13.332507000","48","1","48192","13.389075000"
"5391","14:42:40.413148","100","213937","172.26.191.172","5000","13.332508000","48","1","48192","13.389076000"
"5392","14:42:40.413160","52","1","100.64.0.5","48192","13.332520000","0","212257","5000","13.389088000"
"5393","14:42:40.413171","100","213985","172.26.191.172","5000","13.332531000","48","1","48192","13.389099000"
"5394","14:42:40.413173","100","214033","172.26.191.172","5000","13.332533000","48","1","48192","13.389101000"
"5395","14:42:40.413180","100","214081","172.26.191.172","5000","13.332540000","48","1","48192","13.389108000"
"5396","14:42:40.413181","100","214129","172.26.191.172","5000","13.332541000","48","1","48192","13.389109000"
"5397","14:42:40.413187","100","214177","172.26.191.172","5000","13.332547000","48","1","48192","13.389115000"
"5398","14:42:40.413188","100","214225","172.26.191.172","5000","13.332548000","48","1","48192","13.389116000"
"5399","14:42:40.443050","52","1","100.64.0.5","48192","13.362410000","0","212545","5000","13.418978000"
"5400","14:42:40.443090","100","214273","172.26.191.172","5000","13.362450000","48","1","48192","13.419018000"
"5401","14:42:40.443100","100","214321","172.26.191.172","5000","13.362460000","48","1","48192","13.419028000"
"5402","14:42:40.443115","100","214369","172.26.191.172","5000","13.362475000","48","1","48192","13.419043000"
"5403","14:42:40.443117","100","214417","172.26.191.172","5000","13.362477000","48","1","48192","13.419045000"
"5404","14:42:40.443126","100","214465","172.26.191.172","5000","13.362486000","48","1","48192","13.419054000"
"5405","14:42:40.443127","100","214513","172.26.191.172","5000","13.362487000","48","1","48192","13.419055000"
"5406","14:42:40.443142","52","1","100.64.0.5","48192","13.362502000","0","212833","5000","13.419070000"
"5407","14:42:40.443159","100","214561","172.26.191.172","5000","13.362519000","48","1","48192","13.419087000"
"5408","14:42:40.443161","100","214609","172.26.191.172","5000","13.362521000","48","1","48192","13.419089000"
"5409","14:42:40.443174","100","214657","172.26.191.172","5000","13.362534000","48","1","48192","13.419102000"
"5410","14:42:40.443176","100","214705","172.26.191.172","5000","13.362536000","48","1","48192","13.419104000"
"5411","14:42:40.443185","100","214753","172.26.191.172","5000","13.362545000","48","1","48192","13.419113000"
"5412","14:42:40.443187","100","214801","172.26.191.172","5000","13.362547000","48","1","48192","13.419115000"
"5413","14:42:40.443197","52","1","100.64.0.5","48192","13.362557000","0","212929","5000","13.419125000"
"5414","14:42:40.443214","100","214849","172.26.191.172","5000","13.362574000","48","1","48192","13.419142000"
"5415","14:42:40.443215","100","214897","172.26.191.172","5000","13.362575000","48","1","48192","13.419143000"
"5416","14:42:40.447565","48",,,,,,,,"13.423493000"
"5417","14:42:40.474000","52","1","100.64.0.5","48192","13.393360000","0","213217","5000","13.449928000"
"5418","14:42:40.474042","100","214945","172.26.191.172","5000","13.393402000","48","1","48192","13.449970000"
"5419","14:42:40.474051","100","214993","172.26.191.172","5000","13.393411000","48","1","48192","13.449979000"
"5420","14:42:40.474065","100","215041","172.26.191.172","5000","13.393425000","48","1","48192","13.449993000"
"5421","14:42:40.474067","100","215089","172.26.191.172","5000","13.393427000","48","1","48192","13.449995000"
"5422","14:42:40.474076","100","215137","172.26.191.172","5000","13.393436000","48","1","48192","13.450004000"
"5423","14:42:40.474077","100","215185","172.26.191.172","5000","13.393437000","48","1","48192","13.450005000"
"5424","14:42:40.474092","52","1","100.64.0.5","48192","13.393452000","0","213505","5000","13.450020000"
"5425","14:42:40.474110","100","215233","172.26.191.172","5000","13.393470000","48","1","48192","13.450038000"
"5426","14:42:40.474112","100","215281","172.26.191.172","5000","13.393472000","48","1","48192","13.450040000"
"5427","14:42:40.474123","100","215329","172.26.191.172","5000","13.393483000","48","1","48192","13.450051000"
"5428","14:42:40.474125","100","215377","172.26.191.172","5000","13.393485000","48","1","48192","13.450053000"
"5429","14:42:40.474135","100","215425","172.26.191.172","5000","13.393495000","48","1","48192","13.450063000"
"5430","14:42:40.474138","100","215473","172.26.191.172","5000","13.393498000","48","1","48192","13.450066000"
"5431","14:42:40.474148","52","1","100.64.0.5","48192","13.393508000","0","213601","5000","13.450076000"
"5432","14:42:40.474162","100","215521","172.26.191.172","5000","13.393522000","48","1","48192","13.450090000"
"5433","14:42:40.474165","100","215569","172.26.191.172","5000","13.393525000","48","1","48192","13.450093000"
"5434","14:42:40.503890","52","1","100.64.0.5","48192","13.423250000","0","213889","5000","13.479818000"
"5435","14:42:40.503930","100","215617","172.26.191.172","5000","13.423290000","48","1","48192","13.479858000"
"5436","14:42:40.503939","100","215665","172.26.191.172","5000","13.423299000","48","1","48192","13.479867000"
"5437","14:42:40.503954","100","215713","172.26.191.172","5000","13.423314000","48","1","48192","13.479882000"
"5438","14:42:40.503956","100","215761","172.26.191.172","5000","13.423316000","48","1","48192","13.479884000"
"5439","14:42:40.503965","100","215809","172.26.191.172","5000","13.423325000","48","1","48192","13.479893000"
"5440","14:42:40.503966","100","215857","172.26.191.172","5000","13.423326000","48","1","48192","13.479894000"
"5441","14:42:40.503980","52","1","100.64.0.5","48192","13.423340000","0","214177","5000","13.479908000"
"5442","14:42:40.503999","100","215905","172.26.191.172","5000","13.423359000","48","1","48192","13.479927000"
"5443","14:42:40.504000","100","215953","172.26.191.172","5000","13.423360000","48","1","48192","13.479928000"
"5444","14:42:40.504012","100","216001","172.26.191.172","5000","13.423372000","48","1","48192","13.479940000"
"5445","14:42:40.504014","100","216049","172.26.191.172","5000","13.423374000","48","1","48192","13.479942000"
"5446","14:42:40.504025","100","216097","172.26.191.172","5000","13.423385000","48","1","48192","13.479953000"
"5447","14:42:40.504027","100","216145","172.26.191.172","5000","13.423387000","48","1","48192","13.479955000"
"5448","14:42:40.504038","52","1","100.64.0.5","48192","13.423398000","0","214273","5000","13.479966000"
"5449","14:42:40.504053","100","216193","172.26.191.172","5000","13.423413000","48","1","48192","13.479981000"
"5450","14:42:40.504055","100","216241","172.26.191.172","5000","13.423415000","48","1","48192","13.479983000"
"5451","14:42:40.534141","52","1","100.64.0.5","48192","13.453501000","0","214561","5000","13.510069000"
"5452","14:42:40.534179","100","216289","172.26.191.172","5000","13.453539000","48","1","48192","13.510107000"
"5453","14:42:40.534188","100","216337","172.26.191.172","5000","13.453548000","48","1","48192","13.510116000"
"5454","14:42:40.534202","100","216385","172.26.191.172","5000","13.453562000","48","1","48192","13.510130000"
"5455","14:42:40.534204","100","216433","172.26.191.172","5000","13.453564000","48","1","48192","13.510132000"
"5456","14:42:40.534215","100","216481","172.26.191.172","5000","13.453575000","48","1","48192","13.510143000"
"5457","14:42:40.534217","100","216529","172.26.191.172","5000","13.453577000","48","1","48192","13.510145000"
"5458","14:42:40.534231","52","1","100.64.0.5","48192","13.453591000","0","214849","5000","13.510159000"
"5459","14:42:40.534249","100","216577","172.26.191.172","5000","13.453609000","48","1","48192","13.510177000"
"5460","14:42:40.534252","100","216625","172.26.191.172","5000","13.453612000","48","1","48192","13.510180000"
"5461","14:42:40.534262","100","216673","172.26.191.172","5000","13.453622000","48","1","48192","13.510190000"
"5462","14:42:40.534264","100","216721","172.26.191.172","5000","13.453624000","48","1","48192","13.510192000"
"5463","14:42:40.534275","100","216769","172.26.191.172","5000","13.453635000","48","1","48192","13.510203000"
"5464","14:42:40.534277","100","216817","172.26.191.172","5000","13.453637000","48","1","48192","13.510205000"
"5465","14:42:40.534288","52","1","100.64.0.5","48192","13.453648000","0","214945","5000","13.510216000"
"5466","14:42:40.534302","100","216865","172.26.191.172","5000","13.453662000","48","1","48192","13.510230000"
"5467","14:42:40.534304","100","216913","172.26.191.172","5000","13.453664000","48","1","48192","13.510232000"
"5468","14:42:40.563746","52","1","100.64.0.5","48192","13.483106000","0","215233","5000","13.539674000"
"5469","14:42:40.563799","100","216961","172.26.191.172","5000","13.483159000","48","1","48192","13.539727000"
"5470","14:42:40.563815","100","217009","172.26.191.172","5000","13.483175000","48","1","48192","13.539743000"
"5471","14:42:40.563834","100","217057","172.26.191.172","5000","13.483194000","48","1","48192","13.539762000"
"5472","14:42:40.563836","100","217105","172.26.191.172","5000","13.483196000","48","1","48192","13.539764000"
"5473","14:42:40.563845","100","217153","172.26.191.172","5000","13.483205000","48","1","48192","13.539773000"
"5474","14:42:40.563847","100","217201","172.26.191.172","5000","13.483207000","48","1","48192","13.539775000"
"5475","14:42:40.563866","52","1","100.64.0.5","48192","13.483226000","0","215521","5000","13.539794000"
"5476","14:42:40.563886","100","217249","172.26.191.172","5000","13.483246000","48","1","48192","13.539814000"
"5477","14:42:40.563888","100","217297","172.26.191.172","5000","13.483248000","48","1","48192","13.539816000"
"5478","14:42:40.563897","100","217345","172.26.191.172","5000","13.483257000","48","1","48192","13.539825000"
"5479","14:42:40.563899","100","217393","172.26.191.172","5000","13.483259000","48","1","48192","13.539827000"
"5480","14:42:40.563908","100","217441","172.26.191.172","5000","13.483268000","48","1","48192","13.539836000"
"5481","14:42:40.563909","100","217489","172.26.191.172","5000","13.483269000","48","1","48192","13.539837000"
"5482","14:42:40.563922","52","1","100.64.0.5","48192","13.483282000","0","215617","5000","13.539850000"
"5483","14:42:40.563939","100","217537","172.26.191.172","5000","13.483299000","48","1","48192","13.539867000"
"5484","14:42:40.563940","100","217585","172.26.191.172","5000","13.483300000","48","1","48192","13.539868000"
"5485","14:42:40.595138","52","1","100.64.0.5","48192","13.514498000","0","215905","5000","13.571066000"
"5486","14:42:40.595178","100","217633","172.26.191.172","5000","13.514538000","48","1","48192","13.571106000"
"5487","14:42:40.595187","100","217681","172.26.191.172","5000","13.514547000","48","1","48192","13.571115000"
"5488","14:42:40.595198","100","217729","172.26.191.172","5000","13.514558000","48","1","48192","13.571126000"
"5489","14:42:40.595199","100","217777","172.26.191.172","5000","13.514559000","48","1","48192","13.571127000"
"5490","14:42:40.595205","100","217825","172.26.191.172","5000","13.514565000","48","1","48192","13.571133000"
"5491","14:42:40.595207","100","217873","172.26.191.172","5000","13.514567000","48","1","48192","13.571135000"
"5492","14:42:40.595215","100","217921","172.26.191.172","5000","13.514575000","48","1","48192","13.571143000"
"5493","14:42:40.595216","100","217969","172.26.191.172","5000","13.514576000","48","1","48192","13.571144000"
"5494","14:42:40.595228","52","1","100.64.0.5","48192","13.514588000","0","216193","5000","13.571156000"
"5495","14:42:40.595239","100","218017","172.26.191.172","5000","13.514599000","48","1","48192","13.571167000"
"5496","14:42:40.595241","100","218065","172.26.191.172","5000","13.514601000","48","1","48192","13.571169000"
"5497","14:42:40.595248","100","218113","172.26.191.172","5000","13.514608000","48","1","48192","13.571176000"
"5498","14:42:40.595249","100","218161","172.26.191.172","5000","13.514609000","48","1","48192","13.571177000"
"5499","14:42:40.595254","100","218209","172.26.191.172","5000","13.514614000","48","1","48192","13.571182000"
"5500","14:42:40.595255","100","218257","172.26.191.172","5000","13.514615000","48","1","48192","13.571183000"
"5501","14:42:40.595262","52","1","100.64.0.5","48192","13.514622000","0","216289","5000","13.571190000"
"5502","14:42:40.595270","100","218305","172.26.191.172","5000","13.514630000","48","1","48192","13.571198000"
"5503","14:42:40.595271","100","218353","172.26.191.172","5000","13.514631000","48","1","48192","13.571199000"
"5504","14:42:40.624649","52","1","100.64.0.5","48192","13.544009000","0","216577","5000","13.600577000"
"5505","14:42:40.624688","100","218401","172.26.191.172","5000","13.544048000","48","1","48192","13.600616000"
"5506","14:42:40.624698","100","218449","172.26.191.172","5000","13.544058000","48","1","48192","13.600626000"
"5507","14:42:40.624709","100","218497","172.26.191.172","5000","13.544069000","48","1","48192","13.600637000"
"5508","14:42:40.624711","100","218545","172.26.191.172","5000","13.544071000","48","1","48192","13.600639000"
"5509","14:42:40.624717","100","218593","172.26.191.172","5000","13.544077000","48","1","48192","13.600645000"
"5510","14:42:40.624718","100","218641","172.26.191.172","5000","13.544078000","48","1","48192","13.600646000"
"5511","14:42:40.624730","52","1","100.64.0.5","48192","13.544090000","0","216865","5000","13.600658000"
"5512","14:42:40.624740","100","218689","172.26.191.172","5000","13.544100000","48","1","48192","13.600668000"
"5513","14:42:40.624742","100","218737","172.26.191.172","5000","13.544102000","48","1","48192","13.600670000"
"5514","14:42:40.624751","100","218785","172.26.191.172","5000","13.544111000","48","1","48192","13.600679000"
"5515","14:42:40.624752","100","218833","172.26.191.172","5000","13.544112000","48","1","48192","13.600680000"
"5516","14:42:40.624757","100","218881","172.26.191.172","5000","13.544117000","48","1","48192","13.600685000"
"5517","14:42:40.624758","100","218929","172.26.191.172","5000","13.544118000","48","1","48192","13.600686000"
"5518","14:42:40.624765","52","1","100.64.0.5","48192","13.544125000","0","216961","5000","13.600693000"
"5519","14:42:40.624773","100","218977","172.26.191.172","5000","13.544133000","48","1","48192","13.600701000"
"5520","14:42:40.624774","100","219025","172.26.191.172","5000","13.544134000","48","1","48192","13.600702000"
"5521","14:42:40.655254","64","1","100.64.0.5","48192","13.574614000","0","217201","5000","13.631182000"
"5522","14:42:40.655301","100","219073","172.26.191.172","5000","13.574661000","48","1","48192","13.631229000"
"5523","14:42:40.655310","100","219121","172.26.191.172","5000","13.574670000","48","1","48192","13.631238000"
"5524","14:42:40.655320","100","219169","172.26.191.172","5000","13.574680000","48","1","48192","13.631248000"
"5525","14:42:40.655321","100","219217","172.26.191.172","5000","13.574681000","48","1","48192","13.631249000"
"5526","14:42:40.655328","100","219265","172.26.191.172","5000","13.574688000","48","1","48192","13.631256000"
"5527","14:42:40.655329","100","219313","172.26.191.172","5000","13.574689000","48","1","48192","13.631257000"
"5528","14:42:40.655341","64","1","100.64.0.5","48192","13.574701000","0","217201","5000","13.631269000"
"5529","14:42:40.655355","100","217201","172.26.191.172","5000","13.574715000","48","1","48192","13.631283000"
"5530","14:42:40.686208","64","1","100.64.0.5","48192","13.605568000","0","217201","5000","13.662136000"
"5531","14:42:40.686247","100","217249","172.26.191.172","5000","13.605607000","48","1","48192","13.662175000"
"5532","14:42:40.686270","64","1","100.64.0.5","48192","13.605630000","0","217201","5000","13.662198000"
"5533","14:42:40.686285","100","217297","172.26.191.172","5000","13.605645000","48","1","48192","13.662213000"
"5534","14:42:40.686294","100","217345","172.26.191.172","5000","13.605654000","48","1","48192","13.662222000"
"5535","14:42:40.686296","100","217393","172.26.191.172","5000","13.605656000","48","1","48192","13.662224000"
"5536","14:42:40.686300","100","217441","172.26.191.172","5000","13.605660000","48","1","48192","13.662228000"
"5537","14:42:40.686307","100","219361","172.26.191.172","5000","13.605667000","48","1","48192","13.662235000"
"5538","14:42:40.686308","100","219409","172.26.191.172","5000","13.605668000","48","1","48192","13.662236000"
"5539","14:42:40.715944","64","1","100.64.0.5","48192","13.635304000","0","217201","5000","13.691872000"
"5540","14:42:40.715994","100","219457","172.26.191.172","5000","13.635354000","48","1","48192","13.691922000"
"5541","14:42:40.716010","100","219505","172.26.191.172","5000","13.635370000","48","1","48192","13.691938000"
"5542","14:42:40.716020","100","219553","172.26.191.172","5000","13.635380000","48","1","48192","13.691948000"
"5543","14:42:40.716021","100","219601","172.26.191.172","5000","13.635381000","48","1","48192","13.691949000"
"5544","14:42:40.716028","100","219649","172.26.191.172","5000","13.635388000","48","1","48192","13.691956000"
"5545","14:42:40.716029","100","219697","172.26.191.172","5000","13.635389000","48","1","48192","13.691957000"
"5546","14:42:40.745857","64","1","100.64.0.5","48192","13.665217000","0","217249","5000","13.721785000"
"5547","14:42:40.745906","100","219745","172.26.191.172","5000","13.665266000","48","1","48192","13.721834000"
"5548","14:42:40.745919","100","219793","172.26.191.172","5000","13.665279000","48","1","48192","13.721847000"
"5549","14:42:40.745930","100","219841","172.26.191.172","5000","13.665290000","48","1","48192","13.721858000"
"5550","14:42:40.745931","100","219889","172.26.191.172","5000","13.665291000","48","1","48192","13.721859000"
"5551","14:42:40.745937","100","219937","172.26.191.172","5000","13.665297000","48","1","48192","13.721865000"
"5552","14:42:40.745939","100","219985","172.26.191.172","5000","13.665299000","48","1","48192","13.721867000"
"5553","14:42:40.745945","100","220033","172.26.191.172","5000","13.665305000","48","1","48192","13.721873000"
"5554","14:42:40.745946","100","220081","172.26.191.172","5000","13.665306000","48","1","48192","13.721874000"
"5555","14:42:40.745951","100","220129","172.26.191.172","5000","13.665311000","48","1","48192","13.721879000"
"5556","14:42:40.776748","64","1","100.64.0.5","48192","13.696108000","0","217441","5000","13.752676000"
"5557","14:42:40.776798","100","220177","172.26.191.172","5000","13.696158000","48","1","48192","13.752726000"
"5558","14:42:40.776808","100","220225","172.26.191.172","5000","13.696168000","48","1","48192","13.752736000"
"5559","14:42:40.776819","100","220273","172.26.191.172","5000","13.696179000","48","1","48192","13.752747000"
"5560","14:42:40.776820","100","220321","172.26.191.172","5000","13.696180000","48","1","48192","13.752748000"
"5561","14:42:40.776833","52","1","100.64.0.5","48192","13.696193000","0","219361","5000","13.752761000"
"5562","14:42:40.776848","52","1","100.64.0.5","48192","13.696208000","0","219457","5000","13.752776000"
"5563","14:42:40.776858","100","220369","172.26.191.172","5000","13.696218000","48","1","48192","13.752786000"
"5564","14:42:40.776860","100","220417","172.26.191.172","5000","13.696220000","48","1","48192","13.752788000"
"5565","14:42:40.807451","52","1","100.64.0.5","48192","13.726811000","0","219745","5000","13.783379000"
"5566","14:42:40.807492","100","220465","172.26.191.172","5000","13.726852000","48","1","48192","13.783420000"
"5567","14:42:40.807501","100","220513","172.26.191.172","5000","13.726861000","48","1","48192","13.783429000"
"5568","14:42:40.807511","100","220561","172.26.191.172","5000","13.726871000","48","1","48192","13.783439000"
"5569","14:42:40.807513","100","220609","172.26.191.172","5000","13.726873000","48","1","48192","13.783441000"
"5570","14:42:40.807519","100","220657","172.26.191.172","5000","13.726879000","48","1","48192","13.783447000"
"5571","14:42:40.807520","100","220705","172.26.191.172","5000","13.726880000","48","1","48192","13.783448000"
"5572","14:42:40.837011","52","1","100.64.0.5","48192","13.756371000","0","220033","5000","13.812939000"
"5573","14:42:40.837050","100","220753","172.26.191.172","5000","13.756410000","48","1","48192","13.812978000"
"5574","14:42:40.837060","100","220801","172.26.191.172","5000","13.756420000","48","1","48192","13.812988000"
"5575","14:42:40.837072","100","220849","172.26.191.172","5000","13.756432000","48","1","48192","13.813000000"
"5576","14:42:40.837073","100","220897","172.26.191.172","5000","13.756433000","48","1","48192","13.813001000"
"5577","14:42:40.837079","100","220945","172.26.191.172","5000","13.756439000","48","1","48192","13.813007000"
"5578","14:42:40.837080","100","220993","172.26.191.172","5000","13.756440000","48","1","48192","13.813008000"
"5579","14:42:40.837094","52","1","100.64.0.5","48192","13.756454000","0","220177","5000","13.813022000"
"5580","14:42:40.837105","100","221041","172.26.191.172","5000","13.756465000","48","1","48192","13.813033000"
"5581","14:42:40.837107","100","221089","172.26.191.172","5000","13.756467000","48","1","48192","13.813035000"
"5582","14:42:40.837114","100","221137","172.26.191.172","5000","13.756474000","48","1","48192","13.813042000"
"5583","14:42:40.837115","100","221185","172.26.191.172","5000","13.756475000","48","1","48192","13.813043000"
"5584","14:42:40.868260","52","1","100.64.0.5","48192","13.787620000","0","220465","5000","13.844188000"
"5585","14:42:40.868299","100","221233","172.26.191.172","5000","13.787659000","48","1","48192","13.844227000"
"5586","14:42:40.868308","100","221281","172.26.191.172","5000","13.787668000","48","1","48192","13.844236000"
"5587","14:42:40.868318","100","221329","172.26.191.172","5000","13.787678000","48","1","48192","13.844246000"
"5588","14:42:40.868320","100","221377","172.26.191.172","5000","13.787680000","48","1","48192","13.844248000"
"5589","14:42:40.868326","100","221425","172.26.191.172","5000","13.787686000","48","1","48192","13.844254000"
"5590","14:42:40.868327","100","221473","172.26.191.172","5000","13.787687000","48","1","48192","13.844255000"
"5591","14:42:40.898368","52","1","100.64.0.5","48192","13.817728000","0","220753","5000","13.874296000"
"5592","14:42:40.898412","100","221521","172.26.191.172","5000","13.817772000","48","1","48192","13.874340000"
"5593","14:42:40.898423","100","221569","172.26.191.172","5000","13.817783000","48","1","48192","13.874351000"
"5594","14:42:40.898434","100","221617","172.26.191.172","5000","13.817794000","48","1","48192","13.874362000"
"5595","14:42:40.898436","100","221665","172.26.191.172","5000","13.817796000","48","1","48192","13.874364000"
"5596","14:42:40.898444","100","221713","172.26.191.172","5000","13.817804000","48","1","48192","13.874372000"
"5597","14:42:40.898446","100","221761","172.26.191.172","5000","13.817806000","48","1","48192","13.874374000"
"5598","14:42:40.928012","52","1","100.64.0.5","48192","13.847372000","0","221041","5000","13.903940000"
"5599","14:42:40.928053","100","221809","172.26.191.172","5000","13.847413000","48","1","48192","13.903981000"
"5600","14:42:40.928062","100","221857","172.26.191.172","5000","13.847422000","48","1","48192","13.903990000"
"5601","14:42:40.928073","100","221905","172.26.191.172","5000","13.847433000","48","1","48192","13.904001000"
"5602","14:42:40.928074","100","221953","172.26.191.172","5000","13.847434000","48","1","48192","13.904002000"
"5603","14:42:40.928080","100","222001","172.26.191.172","5000","13.847440000","48","1","48192","13.904008000"
"5604","14:42:40.928081","100","222049","172.26.191.172","5000","13.847441000","48","1","48192","13.904009000"
"5605","14:42:40.928093","52","1","100.64.0.5","48192","13.847453000","0","221233","5000","13.904021000"
"5606","14:42:40.928103","100","222097","172.26.191.172","5000","13.847463000","48","1","48192","13.904031000"
"5607","14:42:40.928104","100","222145","172.26.191.172","5000","13.847464000","48","1","48192","13.904032000"
"5608","14:42:40.928111","100","222193","172.26.191.172","5000","13.847471000","48","1","48192","13.904039000"
"5609","14:42:40.928112","100","222241","172.26.191.172","5000","13.847472000","48","1","48192","13.904040000"
"5610","14:42:40.958310","52","1","100.64.0.5","48192","13.877670000","0","221521","5000","13.934238000"
"5611","14:42:40.958350","100","222289","172.26.191.172","5000","13.877710000","48","1","48192","13.934278000"
"5612","14:42:40.958359","100","222337","172.26.191.172","5000","13.877719000","48","1","48192","13.934287000"
"5613","14:42:40.958369","100","222385","172.26.191.172","5000","13.877729000","48","1","48192","13.934297000"
"5614","14:42:40.958371","100","222433","172.26.191.172","5000","13.877731000","48","1","48192","13.934299000"
"5615","14:42:40.958377","100","222481","172.26.191.172","5000","13.877737000","48","1","48192","13.934305000"
"5616","14:42:40.958379","100","222529","172.26.191.172","5000","13.877739000","48","1","48192","13.934307000"
"5617","14:42:40.958384","100","222577","172.26.191.172","5000","13.877744000","48","1","48192","13.934312000"
"5618","14:42:40.958386","100","222625","172.26.191.172","5000","13.877746000","48","1","48192","13.934314000"
"5619","14:42:40.989180","52","1","100.64.0.5","48192","13.908540000","0","221809","5000","13.965108000"
"5620","14:42:40.989221","100","222673","172.26.191.172","5000","13.908581000","48","1","48192","13.965149000"
"5621","14:42:40.989230","100","222721","172.26.191.172","5000","13.908590000","48","1","48192","13.965158000"
"5622","14:42:40.989240","100","222769","172.26.191.172","5000","13.908600000","48","1","48192","13.965168000"
"5623","14:42:40.989241","100","222817","172.26.191.172","5000","13.908601000","48","1","48192","13.965169000"
"5624","14:42:40.989248","100","222865","172.26.191.172","5000","13.908608000","48","1","48192","13.965176000"
"5625","14:42:40.989249","100","222913","172.26.191.172","5000","13.908609000","48","1","48192","13.965177000"
"5626","14:42:41.019627","52","1","100.64.0.5","48192","13.938987000","0","222097","5000","13.995555000"
"5627","14:42:41.019668","100","222961","172.26.191.172","5000","13.939028000","48","1","48192","13.995596000"
"5628","14:42:41.019677","100","223009","172.26.191.172","5000","13.939037000","48","1","48192","13.995605000"
"5629","14:42:41.019687","100","223057","172.26.191.172","5000","13.939047000","48","1","48192","13.995615000"
"5630","14:42:41.019689","100","223105","172.26.191.172","5000","13.939049000","48","1","48192","13.995617000"
"5631","14:42:41.019695","100","223153","172.26.191.172","5000","13.939055000","48","1","48192","13.995623000"
"5632","14:42:41.019696","100","223201","172.26.191.172","5000","13.939056000","48","1","48192","13.995624000"
"5633","14:42:41.019708","52","1","100.64.0.5","48192","13.939068000","0","222241","5000","13.995636000"
"5634","14:42:41.019719","100","223249","172.26.191.172","5000","13.939079000","48","1","48192","13.995647000"
"5635","14:42:41.019721","100","223297","172.26.191.172","5000","13.939081000","48","1","48192","13.995649000"
"5636","14:42:41.019728","52","1","100.64.0.5","48192","13.939088000","0","222289","5000","13.995656000"
"5637","14:42:41.019736","100","223345","172.26.191.172","5000","13.939096000","48","1","48192","13.995664000"
"5638","14:42:41.019737","100","223393","172.26.191.172","5000","13.939097000","48","1","48192","13.995665000"
"5639","14:42:41.049301","52","1","100.64.0.5","48192","13.968661000","0","222577","5000","14.025229000"
"5640","14:42:41.049341","100","223441","172.26.191.172","5000","13.968701000","48","1","48192","14.025269000"
"5641","14:42:41.049350","100","223489","172.26.191.172","5000","13.968710000","48","1","48192","14.025278000"
"5642","14:42:41.049360","100","223537","172.26.191.172","5000","13.968720000","48","1","48192","14.025288000"
"5643","14:42:41.049361","100","223585","172.26.191.172","5000","13.968721000","48","1","48192","14.025289000"
"5644","14:42:41.049367","100","223633","172.26.191.172","5000","13.968727000","48","1","48192","14.025295000"
"5645","14:42:41.049369","100","223681","172.26.191.172","5000","13.968729000","48","1","48192","14.025297000"
"5646","14:42:41.049380","52","1","100.64.0.5","48192","13.968740000","0","222673","5000","14.025308000"
"5647","14:42:41.049389","100","223729","172.26.191.172","5000","13.968749000","48","1","48192","14.025317000"
"5648","14:42:41.049391","100","223777","172.26.191.172","5000","13.968751000","48","1","48192","14.025319000"
"5649","14:42:41.079913","52","1","100.64.0.5","48192","13.999273000","0","222961","5000","14.055841000"
"5650","14:42:41.079954","100","223825","172.26.191.172","5000","13.999314000","48","1","48192","14.055882000"
"5651","14:42:41.079962","100","223873","172.26.191.172","5000","13.999322000","48","1","48192","14.055890000"
"5652","14:42:41.079973","100","223921","172.26.191.172","5000","13.999333000","48","1","48192","14.055901000"
"5653","14:42:41.079975","100","223969","172.26.191.172","5000","13.999335000","48","1","48192","14.055903000"
"5654","14:42:41.079982","100","224017","172.26.191.172","5000","13.999342000","48","1","48192","14.055910000"
"5655","14:42:41.079983","100","224065","172.26.191.172","5000","13.999343000","48","1","48192","14.055911000"
"5656","14:42:41.109962","52","1","100.64.0.5","48192","14.029322000","0","223249","5000","14.085890000"
"5657","14:42:41.110003","100","224113","172.26.191.172","5000","14.029363000","48","1","48192","14.085931000"
"5658","14:42:41.110012","100","224161","172.26.191.172","5000","14.029372000","48","1","48192","14.085940000"
"5659","14:42:41.110022","100","224209","172.26.191.172","5000","14.029382000","48","1","48192","14.085950000"
"5660","14:42:41.110024","100","224257","172.26.191.172","5000","14.029384000","48","1","48192","14.085952000"
"5661","14:42:41.110030","100","224305","172.26.191.172","5000","14.029390000","48","1","48192","14.085958000"
"5662","14:42:41.110031","100","224353","172.26.191.172","5000","14.029391000","48","1","48192","14.085959000"
"5663","14:42:41.110043","52","1","100.64.0.5","48192","14.029403000","0","223441","5000","14.085971000"
"5664","14:42:41.110053","100","224401","172.26.191.172","5000","14.029413000","48","1","48192","14.085981000"
"5665","14:42:41.110055","100","224449","172.26.191.172","5000","14.029415000","48","1","48192","14.085983000"
"5666","14:42:41.110061","100","224497","172.26.191.172","5000","14.029421000","48","1","48192","14.085989000"
"5667","14:42:41.110063","100","224545","172.26.191.172","5000","14.029423000","48","1","48192","14.085991000"
"5668","14:42:41.140107","52","1","100.64.0.5","48192","14.059467000","0","223729","5000","14.116035000"
"5669","14:42:41.140149","100","224593","172.26.191.172","5000","14.059509000","48","1","48192","14.116077000"
"5670","14:42:41.140158","100","224641","172.26.191.172","5000","14.059518000","48","1","48192","14.116086000"
"5671","14:42:41.140168","100","224689","172.26.191.172","5000","14.059528000","48","1","48192","14.116096000"
"5672","14:42:41.140170","100","224737","172.26.191.172","5000","14.059530000","48","1","48192","14.116098000"
"5673","14:42:41.140176","100","224785","172.26.191.172","5000","14.059536000","48","1","48192","14.116104000"
"5674","14:42:41.140177","100","224833","172.26.191.172","5000","14.059537000","48","1","48192","14.116105000"
"5675","14:42:41.140190","52","1","100.64.0.5","48192","14.059550000","0","223825","5000","14.116118000"
"5676","14:42:41.140199","100","224881","172.26.191.172","5000","14.059559000","48","1","48192","14.116127000"
"5677","14:42:41.140201","100","224929","172.26.191.172","5000","14.059561000","48","1","48192","14.116129000"
"5678","14:42:41.140209","100","224977","172.26.191.172","5000","14.059569000","48","1","48192","14.116137000"
"5679","14:42:41.140210","100","225025","172.26.191.172","5000","14.059570000","48","1","48192","14.116138000"
"5680","14:42:41.170834","52","1","100.64.0.5","48192","14.090194000","0","224113","5000","14.146762000"
"5681","14:42:41.170874","100","225073","172.26.191.172","5000","14.090234000","48","1","48192","14.146802000"
"5682","14:42:41.170883","100","225121","172.26.191.172","5000","14.090243000","48","1","48192","14.146811000"
"5683","14:42:41.170893","100","225169","172.26.191.172","5000","14.090253000","48","1","48192","14.146821000"
"5684","14:42:41.170894","100","225217","172.26.191.172","5000","14.090254000","48","1","48192","14.146822000"
"5685","14:42:41.170901","100","225265","172.26.191.172","5000","14.090261000","48","1","48192","14.146829000"
"5686","14:42:41.170902","100","225313","172.26.191.172","5000","14.090262000","48","1","48192","14.146830000"
"5687","14:42:41.200613","52","1","100.64.0.5","48192","14.119973000","0","224401","5000","14.176541000"
"5688","14:42:41.200633","100","225361","172.26.191.172","5000","14.119993000","48","1","48192","14.176561000"
"5689","14:42:41.200637","100","225409","172.26.191.172","5000","14.119997000","48","1","48192","14.176565000"
"5690","14:42:41.200642","100","225457","172.26.191.172","5000","14.120002000","48","1","48192","14.176570000"
"5691","14:42:41.200642","100","225505","172.26.191.172","5000","14.120002000","48","1","48192","14.176570000"
"5692","14:42:41.200645","100","225553","172.26.191.172","5000","14.120005000","48","1","48192","14.176573000"
"5693","14:42:41.200645","100","225601","172.26.191.172","5000","14.120005000","48","1","48192","14.176573000"
"5694","14:42:41.200650","52","1","100.64.0.5","48192","14.120010000","0","224593","5000","14.176578000"
"5695","14:42:41.200654","100","225649","172.26.191.172","5000","14.120014000","48","1","48192","14.176582000"
"5696","14:42:41.200655","100","225697","172.26.191.172","5000","14.120015000","48","1","48192","14.176583000"
"5697","14:42:41.200658","100","225745","172.26.191.172","5000","14.120018000","48","1","48192","14.176586000"
"5698","14:42:41.200658","100","225793","172.26.191.172","5000","14.120018000","48","1","48192","14.176586000"
"5699","14:42:41.231349","52","1","100.64.0.5","48192","14.150709000","0","224881","5000","14.207277000"
"5700","14:42:41.231389","100","225841","172.26.191.172","5000","14.150749000","48","1","48192","14.207317000"
"5701","14:42:41.231400","100","225889","172.26.191.172","5000","14.150760000","48","1","48192","14.207328000"
"5702","14:42:41.231411","100","225937","172.26.191.172","5000","14.150771000","48","1","48192","14.207339000"
"5703","14:42:41.231412","100","225985","172.26.191.172","5000","14.150772000","48","1","48192","14.207340000"
"5704","14:42:41.231418","100","226033","172.26.191.172","5000","14.150778000","48","1","48192","14.207346000"
"5705","14:42:41.231420","100","226081","172.26.191.172","5000","14.150780000","48","1","48192","14.207348000"
"5706","14:42:41.231432","52","1","100.64.0.5","48192","14.150792000","0","225073","5000","14.207360000"
"5707","14:42:41.231443","100","226129","172.26.191.172","5000","14.150803000","48","1","48192","14.207371000"
"5708","14:42:41.231445","100","226177","172.26.191.172","5000","14.150805000","48","1","48192","14.207373000"
"5709","14:42:41.231453","100","226225","172.26.191.172","5000","14.150813000","48","1","48192","14.207381000"
"5710","14:42:41.231454","100","226273","172.26.191.172","5000","14.150814000","48","1","48192","14.207382000"
"5711","14:42:41.261062","52","1","100.64.0.5","48192","14.180422000","0","225361","5000","14.236990000"
"5712","14:42:41.261102","100","226321","172.26.191.172","5000","14.180462000","48","1","48192","14.237030000"
"5713","14:42:41.261111","100","226369","172.26.191.172","5000","14.180471000","48","1","48192","14.237039000"
"5714","14:42:41.261122","100","226417","172.26.191.172","5000","14.180482000","48","1","48192","14.237050000"
"5715","14:42:41.261123","100","226465","172.26.191.172","5000","14.180483000","48","1","48192","14.237051000"
"5716","14:42:41.261130","100","226513","172.26.191.172","5000","14.180490000","48","1","48192","14.237058000"
"5717","14:42:41.261131","100","226561","172.26.191.172","5000","14.180491000","48","1","48192","14.237059000"
"5718","14:42:41.292348","52","1","100.64.0.5","48192","14.211708000","0","225649","5000","14.268276000"
"5719","14:42:41.292393","100","226609","172.26.191.172","5000","14.211753000","48","1","48192","14.268321000"
"5720","14:42:41.292403","100","226657","172.26.191.172","5000","14.211763000","48","1","48192","14.268331000"
"5721","14:42:41.292415","100","226705","172.26.191.172","5000","14.211775000","48","1","48192","14.268343000"
"5722","14:42:41.292417","100","226753","172.26.191.172","5000","14.211777000","48","1","48192","14.268345000"
"5723","14:42:41.292425","100","226801","172.26.191.172","5000","14.211785000","48","1","48192","14.268353000"
"5724","14:42:41.292427","100","226849","172.26.191.172","5000","14.211787000","48","1","48192","14.268355000"
"5725","14:42:41.292452","52","1","100.64.0.5","48192","14.211812000","0","225841","5000","14.268380000"
"5726","14:42:41.292463","100","226897","172.26.191.172","5000","14.211823000","48","1","48192","14.268391000"
"5727","14:42:41.292465","100","226945","172.26.191.172","5000","14.211825000","48","1","48192","14.268393000"
"5728","14:42:41.292472","100","226993","172.26.191.172","5000","14.211832000","48","1","48192","14.268400000"
"5729","14:42:41.292473","100","227041","172.26.191.172","5000","14.211833000","48","1","48192","14.268401000"
"5730","14:42:41.321885","52","1","100.64.0.5","48192","14.241245000","0","226129","5000","14.297813000"
"5731","14:42:41.321925","100","227089","172.26.191.172","5000","14.241285000","48","1","48192","14.297853000"
"5732","14:42:41.321934","100","227137","172.26.191.172","5000","14.241294000","48","1","48192","14.297862000"
"5733","14:42:41.321945","100","227185","172.26.191.172","5000","14.241305000","48","1","48192","14.297873000"
"5734","14:42:41.321946","100","227233","172.26.191.172","5000","14.241306000","48","1","48192","14.297874000"
"5735","14:42:41.321953","100","227281","172.26.191.172","5000","14.241313000","48","1","48192","14.297881000"
"5736","14:42:41.321954","100","227329","172.26.191.172","5000","14.241314000","48","1","48192","14.297882000"
"5737","14:42:41.321966","52","1","100.64.0.5","48192","14.241326000","0","226321","5000","14.297894000"
"5738","14:42:41.321977","100","227377","172.26.191.172","5000","14.241337000","48","1","48192","14.297905000"
"5739","14:42:41.321978","100","227425","172.26.191.172","5000","14.241338000","48","1","48192","14.297906000"
"5740","14:42:41.321987","100","227473","172.26.191.172","5000","14.241347000","48","1","48192","14.297915000"
"5741","14:42:41.321988","100","227521","172.26.191.172","5000","14.241348000","48","1","48192","14.297916000"
"5742","14:42:41.352108","52","1","100.64.0.5","48192","14.271468000","0","226609","5000","14.328036000"
"5743","14:42:41.352149","100","227569","172.26.191.172","5000","14.271509000","48","1","48192","14.328077000"
"5744","14:42:41.352158","100","227617","172.26.191.172","5000","14.271518000","48","1","48192","14.328086000"
"5745","14:42:41.352169","100","227665","172.26.191.172","5000","14.271529000","48","1","48192","14.328097000"
"5746","14:42:41.352170","100","227713","172.26.191.172","5000","14.271530000","48","1","48192","14.328098000"
"5747","14:42:41.352177","100","227761","172.26.191.172","5000","14.271537000","48","1","48192","14.328105000"
"5748","14:42:41.352178","100","227809","172.26.191.172","5000","14.271538000","48","1","48192","14.328106000"
"5749","14:42:41.352184","100","227857","172.26.191.172","5000","14.271544000","48","1","48192","14.328112000"
"5750","14:42:41.352185","100","227905","172.26.191.172","5000","14.271545000","48","1","48192","14.328113000"
"5751","14:42:41.382830","52","1","100.64.0.5","48192","14.302190000","0","226897","5000","14.358758000"
"5752","14:42:41.382869","100","227953","172.26.191.172","5000","14.302229000","48","1","48192","14.358797000"
"5753","14:42:41.382877","100","228001","172.26.191.172","5000","14.302237000","48","1","48192","14.358805000"
"5754","14:42:41.382887","100","228049","172.26.191.172","5000","14.302247000","48","1","48192","14.358815000"
"5755","14:42:41.382889","100","228097","172.26.191.172","5000","14.302249000","48","1","48192","14.358817000"
"5756","14:42:41.382895","100","228145","172.26.191.172","5000","14.302255000","48","1","48192","14.358823000"
"5757","14:42:41.382896","100","228193","172.26.191.172","5000","14.302256000","48","1","48192","14.358824000"
"5758","14:42:41.382908","52","1","100.64.0.5","48192","14.302268000","0","227089","5000","14.358836000"
"5759","14:42:41.382916","100","228241","172.26.191.172","5000","14.302276000","48","1","48192","14.358844000"
"5760","14:42:41.382924","100","228289","172.26.191.172","5000","14.302284000","48","1","48192","14.358852000"
"5761","14:42:41.382926","100","228337","172.26.191.172","5000","14.302286000","48","1","48192","14.358854000"
"5762","14:42:41.413360","52","1","100.64.0.5","48192","14.332720000","0","227377","5000","14.389288000"
"5763","14:42:41.413399","100","228385","172.26.191.172","5000","14.332759000","48","1","48192","14.389327000"
"5764","14:42:41.413408","100","228433","172.26.191.172","5000","14.332768000","48","1","48192","14.389336000"
"5765","14:42:41.413420","100","228481","172.26.191.172","5000","14.332780000","48","1","48192","14.389348000"
"5766","14:42:41.413421","100","228529","172.26.191.172","5000","14.332781000","48","1","48192","14.389349000"
"5767","14:42:41.413427","100","228577","172.26.191.172","5000","14.332787000","48","1","48192","14.389355000"
"5768","14:42:41.413429","100","228625","172.26.191.172","5000","14.332789000","48","1","48192","14.389357000"
"5769","14:42:41.413440","52","1","100.64.0.5","48192","14.332800000","0","227569","5000","14.389368000"
"5770","14:42:41.413452","100","228673","172.26.191.172","5000","14.332812000","48","1","48192","14.389380000"
"5771","14:42:41.413454","100","228721","172.26.191.172","5000","14.332814000","48","1","48192","14.389382000"
"5772","14:42:41.413461","100","228769","172.26.191.172","5000","14.332821000","48","1","48192","14.389389000"
"5773","14:42:41.413462","100","228817","172.26.191.172","5000","14.332822000","48","1","48192","14.389390000"
"5774","14:42:41.443395","52","1","100.64.0.5","48192","14.362755000","0","227857","5000","14.419323000"
"5775","14:42:41.443435","100","228865","172.26.191.172","5000","14.362795000","48","1","48192","14.419363000"
"5776","14:42:41.443444","100","228913","172.26.191.172","5000","14.362804000","48","1","48192","14.419372000"
"5777","14:42:41.443455","100","228961","172.26.191.172","5000","14.362815000","48","1","48192","14.419383000"
"5778","14:42:41.443456","100","229009","172.26.191.172","5000","14.362816000","48","1","48192","14.419384000"
"5779","14:42:41.443462","100","229057","172.26.191.172","5000","14.362822000","48","1","48192","14.419390000"
"5780","14:42:41.443464","100","229105","172.26.191.172","5000","14.362824000","48","1","48192","14.419392000"
"5781","14:42:41.443469","100","229153","172.26.191.172","5000","14.362829000","48","1","48192","14.419397000"
"5782","14:42:41.443471","100","229201","172.26.191.172","5000","14.362831000","48","1","48192","14.419399000"
"5783","14:42:41.443482","52","1","100.64.0.5","48192","14.362842000","0","227953","5000","14.419410000"
"5784","14:42:41.443492","100","229249","172.26.191.172","5000","14.362852000","48","1","48192","14.419420000"
"5785","14:42:41.443494","100","229297","172.26.191.172","5000","14.362854000","48","1","48192","14.419422000"
"5786","14:42:41.474244","52","1","100.64.0.5","48192","14.393604000","0","228241","5000","14.450172000"
"5787","14:42:41.474286","100","229345","172.26.191.172","5000","14.393646000","48","1","48192","14.450214000"
"5788","14:42:41.474295","100","229393","172.26.191.172","5000","14.393655000","48","1","48192","14.450223000"
"5789","14:42:41.474305","100","229441","172.26.191.172","5000","14.393665000","48","1","48192","14.450233000"
"5790","14:42:41.474307","100","229489","172.26.191.172","5000","14.393667000","48","1","48192","14.450235000"
"5791","14:42:41.474313","100","229537","172.26.191.172","5000","14.393673000","48","1","48192","14.450241000"
"5792","14:42:41.474314","100","229585","172.26.191.172","5000","14.393674000","48","1","48192","14.450242000"
"5793","14:42:41.474326","52","1","100.64.0.5","48192","14.393686000","0","228385","5000","14.450254000"
"5794","14:42:41.474337","100","229633","172.26.191.172","5000","14.393697000","48","1","48192","14.450265000"
"5795","14:42:41.474338","100","229681","172.26.191.172","5000","14.393698000","48","1","48192","14.450266000"
"5796","14:42:41.504135","52","1","100.64.0.5","48192","14.423495000","0","228673","5000","14.480063000"
"5797","14:42:41.504180","100","229729","172.26.191.172","5000","14.423540000","48","1","48192","14.480108000"
"5798","14:42:41.504190","100","229777","172.26.191.172","5000","14.423550000","48","1","48192","14.480118000"
"5799","14:42:41.504201","100","229825","172.26.191.172","5000","14.423561000","48","1","48192","14.480129000"
"5800","14:42:41.504203","100","229873","172.26.191.172","5000","14.423563000","48","1","48192","14.480131000"
"5801","14:42:41.504210","100","229921","172.26.191.172","5000","14.423570000","48","1","48192","14.480138000"
"5802","14:42:41.504211","100","229969","172.26.191.172","5000","14.423571000","48","1","48192","14.480139000"
"5803","14:42:41.504224","52","1","100.64.0.5","48192","14.423584000","0","228865","5000","14.480152000"
"5804","14:42:41.504238","100","230017","172.26.191.172","5000","14.423598000","48","1","48192","14.480166000"
"5805","14:42:41.504240","100","230065","172.26.191.172","5000","14.423600000","48","1","48192","14.480168000"
"5806","14:42:41.504247","100","230113","172.26.191.172","5000","14.423607000","48","1","48192","14.480175000"
"5807","14:42:41.504249","100","230161","172.26.191.172","5000","14.423609000","48","1","48192","14.480177000"
"5808","14:42:41.533640","52","1","100.64.0.5","48192","14.453000000","0","229153","5000","14.509568000"
"5809","14:42:41.533680","100","230209","172.26.191.172","5000","14.453040000","48","1","48192","14.509608000"
"5810","14:42:41.533689","100","230257","172.26.191.172","5000","14.453049000","48","1","48192","14.509617000"
"5811","14:42:41.533699","100","230305","172.26.191.172","5000","14.453059000","48","1","48192","14.509627000"
"5812","14:42:41.533701","100","230353","172.26.191.172","5000","14.453061000","48","1","48192","14.509629000"
"5813","14:42:41.533707","100","230401","172.26.191.172","5000","14.453067000","48","1","48192","14.509635000"
"5814","14:42:41.533709","100","230449","172.26.191.172","5000","14.453069000","48","1","48192","14.509637000"
"5815","14:42:41.533716","100","230497","172.26.191.172","5000","14.453076000","48","1","48192","14.509644000"
"5816","14:42:41.533717","100","230545","172.26.191.172","5000","14.453077000","48","1","48192","14.509645000"
"5817","14:42:41.533729","52","1","100.64.0.5","48192","14.453089000","0","229345","5000","14.509657000"
"5818","14:42:41.533739","100","230593","172.26.191.172","5000","14.453099000","48","1","48192","14.509667000"
"5819","14:42:41.533741","100","230641","172.26.191.172","5000","14.453101000","48","1","48192","14.509669000"
"5820","14:42:41.533747","100","230689","172.26.191.172","5000","14.453107000","48","1","48192","14.509675000"
"5821","14:42:41.533748","100","230737","172.26.191.172","5000","14.453108000","48","1","48192","14.509676000"
"5822","14:42:41.564109","52","1","100.64.0.5","48192","14.483469000","0","229633","5000","14.540037000"
"5823","14:42:41.564151","100","230785","172.26.191.172","5000","14.483511000","48","1","48192","14.540079000"
"5824","14:42:41.564160","100","230833","172.26.191.172","5000","14.483520000","48","1","48192","14.540088000"
"5825","14:42:41.564170","100","230881","172.26.191.172","5000","14.483530000","48","1","48192","14.540098000"
"5826","14:42:41.564172","100","230929","172.26.191.172","5000","14.483532000","48","1","48192","14.540100000"
"5827","14:42:41.564178","100","230977","172.26.191.172","5000","14.483538000","48","1","48192","14.540106000"
"5828","14:42:41.564180","100","231025","172.26.191.172","5000","14.483540000","48","1","48192","14.540108000"
"5829","14:42:41.564191","52","1","100.64.0.5","48192","14.483551000","0","229729","5000","14.540119000"
"5830","14:42:41.564200","100","231073","172.26.191.172","5000","14.483560000","48","1","48192","14.540128000"
"5831","14:42:41.564202","100","231121","172.26.191.172","5000","14.483562000","48","1","48192","14.540130000"
"5832","14:42:41.594875","52","1","100.64.0.5","48192","14.514235000","0","229921","5000","14.570803000"
"5833","14:42:41.594914","100","231169","172.26.191.172","5000","14.514274000","48","1","48192","14.570842000"
"5834","14:42:41.594923","100","231217","172.26.191.172","5000","14.514283000","48","1","48192","14.570851000"
"5835","14:42:41.594934","100","231265","172.26.191.172","5000","14.514294000","48","1","48192","14.570862000"
"5836","14:42:41.594935","100","231313","172.26.191.172","5000","14.514295000","48","1","48192","14.570863000"
"5837","14:42:41.594946","52","1","100.64.0.5","48192","14.514306000","0","230209","5000","14.570874000"
"5838","14:42:41.594958","100","231361","172.26.191.172","5000","14.514318000","48","1","48192","14.570886000"
"5839","14:42:41.594959","100","231409","172.26.191.172","5000","14.514319000","48","1","48192","14.570887000"
"5840","14:42:41.594965","100","231457","172.26.191.172","5000","14.514325000","48","1","48192","14.570893000"
"5841","14:42:41.594967","100","231505","172.26.191.172","5000","14.514327000","48","1","48192","14.570895000"
"5842","14:42:41.594976","100","231553","172.26.191.172","5000","14.514336000","48","1","48192","14.570904000"
"5843","14:42:41.594977","100","231601","172.26.191.172","5000","14.514337000","48","1","48192","14.570905000"
"5844","14:42:41.624163","52","1","100.64.0.5","48192","14.543523000","0","230497","5000","14.600091000"
"5845","14:42:41.624198","100","231649","172.26.191.172","5000","14.543558000","48","1","48192","14.600126000"
"5846","14:42:41.624206","100","231697","172.26.191.172","5000","14.543566000","48","1","48192","14.600134000"
"5847","14:42:41.624216","100","231745","172.26.191.172","5000","14.543576000","48","1","48192","14.600144000"
"5848","14:42:41.624218","100","231793","172.26.191.172","5000","14.543578000","48","1","48192","14.600146000"
"5849","14:42:41.624224","100","231841","172.26.191.172","5000","14.543584000","48","1","48192","14.600152000"
"5850","14:42:41.624225","100","231889","172.26.191.172","5000","14.543585000","48","1","48192","14.600153000"
"5851","14:42:41.625331","52","1","100.64.0.5","48192","14.544691000","0","230689","5000","14.601259000"
"5852","14:42:41.625340","100","231937","172.26.191.172","5000","14.544700000","48","1","48192","14.601268000"
"5853","14:42:41.625342","100","231985","172.26.191.172","5000","14.544702000","48","1","48192","14.601270000"
"5854","14:42:41.625346","100","232033","172.26.191.172","5000","14.544706000","48","1","48192","14.601274000"
"5855","14:42:41.625346","100","232081","172.26.191.172","5000","14.544706000","48","1","48192","14.601274000"
"5856","14:42:41.625350","52","1","100.64.0.5","48192","14.544710000","0","230785","5000","14.601278000"
"5857","14:42:41.625353","100","232129","172.26.191.172","5000","14.544713000","48","1","48192","14.601281000"
"5858","14:42:41.625354","100","232177","172.26.191.172","5000","14.544714000","48","1","48192","14.601282000"
"5859","14:42:41.654842","52","1","100.64.0.5","48192","14.574202000","0","231073","5000","14.630770000"
"5860","14:42:41.654857","100","232225","172.26.191.172","5000","14.574217000","48","1","48192","14.630785000"
"5861","14:42:41.654859","100","232273","172.26.191.172","5000","14.574219000","48","1","48192","14.630787000"
"5862","14:42:41.654863","100","232321","172.26.191.172","5000","14.574223000","48","1","48192","14.630791000"
"5863","14:42:41.654863","100","232369","172.26.191.172","5000","14.574223000","48","1","48192","14.630791000"
"5864","14:42:41.654865","100","232417","172.26.191.172","5000","14.574225000","48","1","48192","14.630793000"
"5865","14:42:41.654866","100","232465","172.26.191.172","5000","14.574226000","48","1","48192","14.630794000"
"5866","14:42:41.654869","52","1","100.64.0.5","48192","14.574229000","0","231169","5000","14.630797000"
"5867","14:42:41.654872","100","232513","172.26.191.172","5000","14.574232000","48","1","48192","14.630800000"
"5868","14:42:41.654873","100","232561","172.26.191.172","5000","14.574233000","48","1","48192","14.630801000"
"5869","14:42:41.685636","52","1","100.64.0.5","48192","14.604996000","0","231457","5000","14.661564000"
"5870","14:42:41.685655","100","232609","172.26.191.172","5000","14.605015000","48","1","48192","14.661583000"
"5871","14:42:41.685658","100","232657","172.26.191.172","5000","14.605018000","48","1","48192","14.661586000"
"5872","14:42:41.685662","100","232705","172.26.191.172","5000","14.605022000","48","1","48192","14.661590000"
"5873","14:42:41.685663","100","232753","172.26.191.172","5000","14.605023000","48","1","48192","14.661591000"
"5874","14:42:41.685665","100","232801","172.26.191.172","5000","14.605025000","48","1","48192","14.661593000"
"5875","14:42:41.685665","100","232849","172.26.191.172","5000","14.605025000","48","1","48192","14.661593000"
"5876","14:42:41.685669","52","1","100.64.0.5","48192","14.605029000","0","231649","5000","14.661597000"
"5877","14:42:41.685672","100","232897","172.26.191.172","5000","14.605032000","48","1","48192","14.661600000"
"5878","14:42:41.685673","100","232945","172.26.191.172","5000","14.605033000","48","1","48192","14.661601000"
"5879","14:42:41.685675","100","232993","172.26.191.172","5000","14.605035000","48","1","48192","14.661603000"
"5880","14:42:41.685675","100","233041","172.26.191.172","5000","14.605035000","48","1","48192","14.661603000"
"5881","14:42:41.716054","52","1","100.64.0.5","48192","14.635414000","0","231937","5000","14.691982000"
"5882","14:42:41.716076","100","233089","172.26.191.172","5000","14.635436000","48","1","48192","14.692004000"
"5883","14:42:41.716080","100","233137","172.26.191.172","5000","14.635440000","48","1","48192","14.692008000"
"5884","14:42:41.716085","100","233185","172.26.191.172","5000","14.635445000","48","1","48192","14.692013000"
"5885","14:42:41.716086","100","233233","172.26.191.172","5000","14.635446000","48","1","48192","14.692014000"
"5886","14:42:41.716089","100","233281","172.26.191.172","5000","14.635449000","48","1","48192","14.692017000"
"5887","14:42:41.716089","100","233329","172.26.191.172","5000","14.635449000","48","1","48192","14.692017000"
"5888","14:42:41.716095","52","1","100.64.0.5","48192","14.635455000","0","232225","5000","14.692023000"
"5889","14:42:41.716100","100","233377","172.26.191.172","5000","14.635460000","48","1","48192","14.692028000"
"5890","14:42:41.716101","100","233425","172.26.191.172","5000","14.635461000","48","1","48192","14.692029000"
"5891","14:42:41.716103","100","233473","172.26.191.172","5000","14.635463000","48","1","48192","14.692031000"
"5892","14:42:41.716104","100","233521","172.26.191.172","5000","14.635464000","48","1","48192","14.692032000"
"5893","14:42:41.716107","100","233569","172.26.191.172","5000","14.635467000","48","1","48192","14.692035000"
"5894","14:42:41.716107","100","233617","172.26.191.172","5000","14.635467000","48","1","48192","14.692035000"
"5895","14:42:41.716110","100","233665","172.26.191.172","5000","14.635470000","48","1","48192","14.692038000"
"5896","14:42:41.716110","100","233713","172.26.191.172","5000","14.635470000","48","1","48192","14.692038000"
"5897","14:42:41.746293","52","1","100.64.0.5","48192","14.665653000","0","232513","5000","14.722221000"
"5898","14:42:41.746333","100","233761","172.26.191.172","5000","14.665693000","48","1","48192","14.722261000"
"5899","14:42:41.746343","100","233809","172.26.191.172","5000","14.665703000","48","1","48192","14.722271000"
"5900","14:42:41.746356","100","233857","172.26.191.172","5000","14.665716000","48","1","48192","14.722284000"
"5901","14:42:41.746357","100","233905","172.26.191.172","5000","14.665717000","48","1","48192","14.722285000"
"5902","14:42:41.746363","100","233953","172.26.191.172","5000","14.665723000","48","1","48192","14.722291000"
"5903","14:42:41.746365","100","234001","172.26.191.172","5000","14.665725000","48","1","48192","14.722293000"
"5904","14:42:41.746377","52","1","100.64.0.5","48192","14.665737000","0","232609","5000","14.722305000"
"5905","14:42:41.746387","100","234049","172.26.191.172","5000","14.665747000","48","1","48192","14.722315000"
"5906","14:42:41.746388","100","234097","172.26.191.172","5000","14.665748000","48","1","48192","14.722316000"
"5907","14:42:41.777047","52","1","100.64.0.5","48192","14.696407000","0","232897","5000","14.752975000"
"5908","14:42:41.777087","100","234145","172.26.191.172","5000","14.696447000","48","1","48192","14.753015000"
"5909","14:42:41.777096","100","234193","172.26.191.172","5000","14.696456000","48","1","48192","14.753024000"
"5910","14:42:41.777107","100","234241","172.26.191.172","5000","14.696467000","48","1","48192","14.753035000"
"5911","14:42:41.777109","100","234289","172.26.191.172","5000","14.696469000","48","1","48192","14.753037000"
"5912","14:42:41.777115","100","234337","172.26.191.172","5000","14.696475000","48","1","48192","14.753043000"
"5913","14:42:41.777116","100","234385","172.26.191.172","5000","14.696476000","48","1","48192","14.753044000"
"5914","14:42:41.777128","52","1","100.64.0.5","48192","14.696488000","0","233089","5000","14.753056000"
"5915","14:42:41.777138","100","234433","172.26.191.172","5000","14.696498000","48","1","48192","14.753066000"
"5916","14:42:41.777139","100","234481","172.26.191.172","5000","14.696499000","48","1","48192","14.753067000"
"5917","14:42:41.777147","100","234529","172.26.191.172","5000","14.696507000","48","1","48192","14.753075000"
"5918","14:42:41.777149","100","234577","172.26.191.172","5000","14.696509000","48","1","48192","14.753077000"
"5919","14:42:41.807027","52","1","100.64.0.5","48192","14.726387000","0","233377","5000","14.782955000"
"5920","14:42:41.807067","100","234625","172.26.191.172","5000","14.726427000","48","1","48192","14.782995000"
"5921","14:42:41.807076","100","234673","172.26.191.172","5000","14.726436000","48","1","48192","14.783004000"
"5922","14:42:41.807086","100","234721","172.26.191.172","5000","14.726446000","48","1","48192","14.783014000"
"5923","14:42:41.807088","100","234769","172.26.191.172","5000","14.726448000","48","1","48192","14.783016000"
"5924","14:42:41.807095","100","234817","172.26.191.172","5000","14.726455000","48","1","48192","14.783023000"
"5925","14:42:41.807097","100","234865","172.26.191.172","5000","14.726457000","48","1","48192","14.783025000"
"5926","14:42:41.807108","52","1","100.64.0.5","48192","14.726468000","0","233665","5000","14.783036000"
"5927","14:42:41.807119","100","234913","172.26.191.172","5000","14.726479000","48","1","48192","14.783047000"
"5928","14:42:41.807120","100","234961","172.26.191.172","5000","14.726480000","48","1","48192","14.783048000"
"5929","14:42:41.807128","100","235009","172.26.191.172","5000","14.726488000","48","1","48192","14.783056000"
"5930","14:42:41.807129","100","235057","172.26.191.172","5000","14.726489000","48","1","48192","14.783057000"
"5931","14:42:41.807135","100","235105","172.26.191.172","5000","14.726495000","48","1","48192","14.783063000"
"5932","14:42:41.807136","100","235153","172.26.191.172","5000","14.726496000","48","1","48192","14.783064000"
"5933","14:42:41.807143","52","1","100.64.0.5","48192","14.726503000","0","233761","5000","14.783071000"
"5934","14:42:41.807151","100","235201","172.26.191.172","5000","14.726511000","48","1","48192","14.783079000"
"5935","14:42:41.807152","100","235249","172.26.191.172","5000","14.726512000","48","1","48192","14.783080000"
"5936","14:42:41.836368","52","1","100.64.0.5","48192","14.755728000","0","234049","5000","14.812296000"
"5937","14:42:41.836408","100","235297","172.26.191.172","5000","14.755768000","48","1","48192","14.812336000"
"5938","14:42:41.836417","100","235345","172.26.191.172","5000","14.755777000","48","1","48192","14.812345000"
"5939","14:42:41.836428","100","235393","172.26.191.172","5000","14.755788000","48","1","48192","14.812356000"
"5940","14:42:41.836430","100","235441","172.26.191.172","5000","14.755790000","48","1","48192","14.812358000"
"5941","14:42:41.836436","100","235489","172.26.191.172","5000","14.755796000","48","1","48192","14.812364000"
"5942","14:42:41.836437","100","235537","172.26.191.172","5000","14.755797000","48","1","48192","14.812365000"
"5943","14:42:41.837731","52","1","100.64.0.5","48192","14.757091000","0","234145","5000","14.813659000"
"5944","14:42:41.837768","100","235585","172.26.191.172","5000","14.757128000","48","1","48192","14.813696000"
"5945","14:42:41.837776","100","235633","172.26.191.172","5000","14.757136000","48","1","48192","14.813704000"
"5946","14:42:41.868132","52","1","100.64.0.5","48192","14.787492000","0","234433","5000","14.844060000"
"5947","14:42:41.868172","100","235681","172.26.191.172","5000","14.787532000","48","1","48192","14.844100000"
"5948","14:42:41.868181","100","235729","172.26.191.172","5000","14.787541000","48","1","48192","14.844109000"
"5949","14:42:41.868192","100","235777","172.26.191.172","5000","14.787552000","48","1","48192","14.844120000"
"5950","14:42:41.868193","100","235825","172.26.191.172","5000","14.787553000","48","1","48192","14.844121000"
"5951","14:42:41.868199","100","235873","172.26.191.172","5000","14.787559000","48","1","48192","14.844127000"
"5952","14:42:41.868201","100","235921","172.26.191.172","5000","14.787561000","48","1","48192","14.844129000"
"5953","14:42:41.868212","52","1","100.64.0.5","48192","14.787572000","0","234625","5000","14.844140000"
"5954","14:42:41.868222","100","235969","172.26.191.172","5000","14.787582000","48","1","48192","14.844150000"
"5955","14:42:41.868224","100","236017","172.26.191.172","5000","14.787584000","48","1","48192","14.844152000"
"5956","14:42:41.868230","100","236065","172.26.191.172","5000","14.787590000","48","1","48192","14.844158000"
"5957","14:42:41.868232","100","236113","172.26.191.172","5000","14.787592000","48","1","48192","14.844160000"
"5958","14:42:41.897634","52","1","100.64.0.5","48192","14.816994000","0","234913","5000","14.873562000"
"5959","14:42:41.897673","100","236161","172.26.191.172","5000","14.817033000","48","1","48192","14.873601000"
"5960","14:42:41.897682","100","236209","172.26.191.172","5000","14.817042000","48","1","48192","14.873610000"
"5961","14:42:41.897692","100","236257","172.26.191.172","5000","14.817052000","48","1","48192","14.873620000"
"5962","14:42:41.897694","100","236305","172.26.191.172","5000","14.817054000","48","1","48192","14.873622000"
"5963","14:42:41.897700","100","236353","172.26.191.172","5000","14.817060000","48","1","48192","14.873628000"
"5964","14:42:41.897701","100","236401","172.26.191.172","5000","14.817061000","48","1","48192","14.873629000"
"5965","14:42:41.897712","52","1","100.64.0.5","48192","14.817072000","0","235201","5000","14.873640000"
"5966","14:42:41.897725","100","236449","172.26.191.172","5000","14.817085000","48","1","48192","14.873653000"
"5967","14:42:41.897727","100","236497","172.26.191.172","5000","14.817087000","48","1","48192","14.873655000"
"5968","14:42:41.897734","100","236545","172.26.191.172","5000","14.817094000","48","1","48192","14.873662000"
"5969","14:42:41.897736","100","236593","172.26.191.172","5000","14.817096000","48","1","48192","14.873664000"
"5970","14:42:41.897742","100","236641","172.26.191.172","5000","14.817102000","48","1","48192","14.873670000"
"5971","14:42:41.897743","100","236689","172.26.191.172","5000","14.817103000","48","1","48192","14.873671000"
"5972","14:42:41.897749","100","236737","172.26.191.172","5000","14.817109000","48","1","48192","14.873677000"
"5973","14:42:41.897750","100","236785","172.26.191.172","5000","14.817110000","48","1","48192","14.873678000"
"5974","14:42:41.897757","52","1","100.64.0.5","48192","14.817117000","0","235297","5000","14.873685000"
"5975","14:42:41.897765","100","236833","172.26.191.172","5000","14.817125000","48","1","48192","14.873693000"
"5976","14:42:41.897766","100","236881","172.26.191.172","5000","14.817126000","48","1","48192","14.873694000"
"5977","14:42:41.928097","52","1","100.64.0.5","48192","14.847457000","0","235585","5000","14.904025000"
"5978","14:42:41.928140","100","236929","172.26.191.172","5000","14.847500000","48","1","48192","14.904068000"
"5979","14:42:41.928150","100","236977","172.26.191.172","5000","14.847510000","48","1","48192","14.904078000"
"5980","14:42:41.928162","100","237025","172.26.191.172","5000","14.847522000","48","1","48192","14.904090000"
"5981","14:42:41.928164","100","237073","172.26.191.172","5000","14.847524000","48","1","48192","14.904092000"
"5982","14:42:41.928171","100","237121","172.26.191.172","5000","14.847531000","48","1","48192","14.904099000"
"5983","14:42:41.928173","100","237169","172.26.191.172","5000","14.847533000","48","1","48192","14.904101000"
"5984","14:42:41.928186","52","1","100.64.0.5","48192","14.847546000","0","235681","5000","14.904114000"
"5985","14:42:41.928195","100","237217","172.26.191.172","5000","14.847555000","48","1","48192","14.904123000"
"5986","14:42:41.928197","100","237265","172.26.191.172","5000","14.847557000","48","1","48192","14.904125000"
"5987","14:42:41.958207","52","1","100.64.0.5","48192","14.877567000","0","235969","5000","14.934135000"
"5988","14:42:41.958246","100","237313","172.26.191.172","5000","14.877606000","48","1","48192","14.934174000"
"5989","14:42:41.958255","100","237361","172.26.191.172","5000","14.877615000","48","1","48192","14.934183000"
"5990","14:42:41.958267","100","237409","172.26.191.172","5000","14.877627000","48","1","48192","14.934195000"
"5991","14:42:41.958268","100","237457","172.26.191.172","5000","14.877628000","48","1","48192","14.934196000"
"5992","14:42:41.958275","100","237505","172.26.191.172","5000","14.877635000","48","1","48192","14.934203000"
"5993","14:42:41.958277","100","237553","172.26.191.172","5000","14.877637000","48","1","48192","14.934205000"
"5994","14:42:41.958289","52","1","100.64.0.5","48192","14.877649000","0","236161","5000","14.934217000"
"5995","14:42:41.958299","100","237601","172.26.191.172","5000","14.877659000","48","1","48192","14.934227000"
"5996","14:42:41.958300","100","237649","172.26.191.172","5000","14.877660000","48","1","48192","14.934228000"
"5997","14:42:41.958308","100","237697","172.26.191.172","5000","14.877668000","48","1","48192","14.934236000"
"5998","14:42:41.958309","100","237745","172.26.191.172","5000","14.877669000","48","1","48192","14.934237000"
"5999","14:42:41.988651","52","1","100.64.0.5","48192","14.908011000","0","236449","5000","14.964579000"
"6000","14:42:41.988699","100","237793","172.26.191.172","5000","14.908059000","48","1","48192","14.964627000"
"6001","14:42:41.988709","100","237841","172.26.191.172","5000","14.908069000","48","1","48192","14.964637000"
"6002","14:42:41.988723","100","237889","172.26.191.172","5000","14.908083000","48","1","48192","14.964651000"
"6003","14:42:41.988724","100","237937","172.26.191.172","5000","14.908084000","48","1","48192","14.964652000"
"6004","14:42:41.988731","100","237985","172.26.191.172","5000","14.908091000","48","1","48192","14.964659000"
"6005","14:42:41.988732","100","238033","172.26.191.172","5000","14.908092000","48","1","48192","14.964660000"
"6006","14:42:41.988754","52","1","100.64.0.5","48192","14.908114000","0","236737","5000","14.964682000"
"6007","14:42:41.988772","100","238081","172.26.191.172","5000","14.908132000","48","1","48192","14.964700000"
"6008","14:42:41.988774","100","238129","172.26.191.172","5000","14.908134000","48","1","48192","14.964702000"
"6009","14:42:41.988781","100","238177","172.26.191.172","5000","14.908141000","48","1","48192","14.964709000"
"6010","14:42:41.988782","100","238225","172.26.191.172","5000","14.908142000","48","1","48192","14.964710000"
"6011","14:42:41.988787","100","238273","172.26.191.172","5000","14.908147000","48","1","48192","14.964715000"
"6012","14:42:41.988788","100","238321","172.26.191.172","5000","14.908148000","48","1","48192","14.964716000"
"6013","14:42:41.988796","52","1","100.64.0.5","48192","14.908156000","0","236833","5000","14.964724000"
"6014","14:42:41.988805","100","238369","172.26.191.172","5000","14.908165000","48","1","48192","14.964733000"
"6015","14:42:41.988807","100","238417","172.26.191.172","5000","14.908167000","48","1","48192","14.964735000"
"6016","14:42:42.018978","52","1","100.64.0.5","48192","14.938338000","0","237121","5000","14.994906000"
"6017","14:42:42.019019","100","238465","172.26.191.172","5000","14.938379000","48","1","48192","14.994947000"
"6018","14:42:42.019028","100","238513","172.26.191.172","5000","14.938388000","48","1","48192","14.994956000"
"6019","14:42:42.019039","100","238561","172.26.191.172","5000","14.938399000","48","1","48192","14.994967000"
"6020","14:42:42.019040","100","238609","172.26.191.172","5000","14.938400000","48","1","48192","14.994968000"
"6021","14:42:42.019046","100","238657","172.26.191.172","5000","14.938406000","48","1","48192","14.994974000"
"6022","14:42:42.019047","100","238705","172.26.191.172","5000","14.938407000","48","1","48192","14.994975000"
"6023","14:42:42.019059","52","1","100.64.0.5","48192","14.938419000","0","237313","5000","14.994987000"
"6024","14:42:42.019069","100","238753","172.26.191.172","5000","14.938429000","48","1","48192","14.994997000"
"6025","14:42:42.019071","100","238801","172.26.191.172","5000","14.938431000","48","1","48192","14.994999000"
"6026","14:42:42.019079","100","238849","172.26.191.172","5000","14.938439000","48","1","48192","14.995007000"
"6027","14:42:42.019080","100","238897","172.26.191.172","5000","14.938440000","48","1","48192","14.995008000"
"6028","14:42:42.049117","52","1","100.64.0.5","48192","14.968477000","0","237601","5000","15.025045000"
"6029","14:42:42.049157","100","238945","172.26.191.172","5000","14.968517000","48","1","48192","15.025085000"
"6030","14:42:42.049165","100","238993","172.26.191.172","5000","14.968525000","48","1","48192","15.025093000"
"6031","14:42:42.049178","100","239041","172.26.191.172","5000","14.968538000","48","1","48192","15.025106000"
"6032","14:42:42.049180","100","239089","172.26.191.172","5000","14.968540000","48","1","48192","15.025108000"
"6033","14:42:42.049186","100","239137","172.26.191.172","5000","14.968546000","48","1","48192","15.025114000"
"6034","14:42:42.049188","100","239185","172.26.191.172","5000","14.968548000","48","1","48192","15.025116000"
"6035","14:42:42.049200","52","1","100.64.0.5","48192","14.968560000","0","237793","5000","15.025128000"
"6036","14:42:42.049210","100","239233","172.26.191.172","5000","14.968570000","48","1","48192","15.025138000"
"6037","14:42:42.049212","100","239281","172.26.191.172","5000","14.968572000","48","1","48192","15.025140000"
"6038","14:42:42.049219","100","239329","172.26.191.172","5000","14.968579000","48","1","48192","15.025147000"
"6039","14:42:42.049220","100","239377","172.26.191.172","5000","14.968580000","48","1","48192","15.025148000"
"6040","14:42:42.080280","52","1","100.64.0.5","48192","14.999640000","0","238081","5000","15.056208000"
"6041","14:42:42.080316","100","239425","172.26.191.172","5000","14.999676000","48","1","48192","15.056244000"
"6042","14:42:42.080325","100","239473","172.26.191.172","5000","14.999685000","48","1","48192","15.056253000"
"6043","14:42:42.080348","100","239521","172.26.191.172","5000","14.999708000","48","1","48192","15.056276000"
"6044","14:42:42.080350","100","239569","172.26.191.172","5000","14.999710000","48","1","48192","15.056278000"
"6045","14:42:42.080360","100","239617","172.26.191.172","5000","14.999720000","48","1","48192","15.056288000"
"6046","14:42:42.080362","100","239665","172.26.191.172","5000","14.999722000","48","1","48192","15.056290000"
"6047","14:42:42.080385","52","1","100.64.0.5","48192","14.999745000","0","238369","5000","15.056313000"
"6048","14:42:42.080403","100","239713","172.26.191.172","5000","14.999763000","48","1","48192","15.056331000"
"6049","14:42:42.080406","100","239761","172.26.191.172","5000","14.999766000","48","1","48192","15.056334000"
"6050","14:42:42.080413","100","239809","172.26.191.172","5000","14.999773000","48","1","48192","15.056341000"
"6051","14:42:42.080414","100","239857","172.26.191.172","5000","14.999774000","48","1","48192","15.056342000"
"6052","14:42:42.080420","100","239905","172.26.191.172","5000","14.999780000","48","1","48192","15.056348000"
"6053","14:42:42.080422","100","239953","172.26.191.172","5000","14.999782000","48","1","48192","15.056350000"
"6054","14:42:42.080432","52","1","100.64.0.5","48192","14.999792000","0","238465","5000","15.056360000"
"6055","14:42:42.080442","100","240001","172.26.191.172","5000","14.999802000","48","1","48192","15.056370000"
"6056","14:42:42.080443","100","240049","172.26.191.172","5000","14.999803000","48","1","48192","15.056371000"
"6057","14:42:42.080452","100","240097","172.26.191.172","5000","14.999812000","48","1","48192","15.056380000"
"6058","14:42:42.080453","100","240145","172.26.191.172","5000","14.999813000","48","1","48192","15.056381000"
"6059","14:42:42.109929","52","1","100.64.0.5","48192","15.029289000","0","238753","5000","15.085857000"
"6060","14:42:42.109962","100","240193","172.26.191.172","5000","15.029322000","48","1","48192","15.085890000"
"6061","14:42:42.109969","100","240241","172.26.191.172","5000","15.029329000","48","1","48192","15.085897000"
"6062","14:42:42.109978","100","240289","172.26.191.172","5000","15.029338000","48","1","48192","15.085906000"
"6063","14:42:42.109979","100","240337","172.26.191.172","5000","15.029339000","48","1","48192","15.085907000"
"6064","14:42:42.109984","100","240385","172.26.191.172","5000","15.029344000","48","1","48192","15.085912000"
"6065","14:42:42.109985","100","240433","172.26.191.172","5000","15.029345000","48","1","48192","15.085913000"
"6066","14:42:42.109994","52","1","100.64.0.5","48192","15.029354000","0","238945","5000","15.085922000"
"6067","14:42:42.110001","100","240481","172.26.191.172","5000","15.029361000","48","1","48192","15.085929000"
"6068","14:42:42.110002","100","240529","172.26.191.172","5000","15.029362000","48","1","48192","15.085930000"
"6069","14:42:42.110007","100","240577","172.26.191.172","5000","15.029367000","48","1","48192","15.085935000"
"6070","14:42:42.110008","100","240625","172.26.191.172","5000","15.029368000","48","1","48192","15.085936000"
"6071","14:42:42.140054","52","1","100.64.0.5","48192","15.059414000","0","239233","5000","15.115982000"
"6072","14:42:42.140094","100","240673","172.26.191.172","5000","15.059454000","48","1","48192","15.116022000"
"6073","14:42:42.140103","100","240721","172.26.191.172","5000","15.059463000","48","1","48192","15.116031000"
"6074","14:42:42.140114","100","240769","172.26.191.172","5000","15.059474000","48","1","48192","15.116042000"
"6075","14:42:42.140115","100","240817","172.26.191.172","5000","15.059475000","48","1","48192","15.116043000"
"6076","14:42:42.140122","100","240865","172.26.191.172","5000","15.059482000","48","1","48192","15.116050000"
"6077","14:42:42.140123","100","240913","172.26.191.172","5000","15.059483000","48","1","48192","15.116051000"
"6078","14:42:42.140135","52","1","100.64.0.5","48192","15.059495000","0","239425","5000","15.116063000"
"6079","14:42:42.140145","100","240961","172.26.191.172","5000","15.059505000","48","1","48192","15.116073000"
"6080","14:42:42.140147","100","241009","172.26.191.172","5000","15.059507000","48","1","48192","15.116075000"
"6081","14:42:42.140155","100","241057","172.26.191.172","5000","15.059515000","48","1","48192","15.116083000"
"6082","14:42:42.140157","100","241105","172.26.191.172","5000","15.059517000","48","1","48192","15.116085000"
"6083","14:42:42.171327","52","1","100.64.0.5","48192","15.090687000","0","239713","5000","15.147255000"
"6084","14:42:42.171367","100","241153","172.26.191.172","5000","15.090727000","48","1","48192","15.147295000"
"6085","14:42:42.171376","100","241201","172.26.191.172","5000","15.090736000","48","1","48192","15.147304000"
"6086","14:42:42.171388","100","241249","172.26.191.172","5000","15.090748000","48","1","48192","15.147316000"
"6087","14:42:42.171390","100","241297","172.26.191.172","5000","15.090750000","48","1","48192","15.147318000"
"6088","14:42:42.171397","100","241345","172.26.191.172","5000","15.090757000","48","1","48192","15.147325000"
"6089","14:42:42.171399","100","241393","172.26.191.172","5000","15.090759000","48","1","48192","15.147327000"
"6090","14:42:42.171410","52","1","100.64.0.5","48192","15.090770000","0","240001","5000","15.147338000"
"6091","14:42:42.171421","100","241441","172.26.191.172","5000","15.090781000","48","1","48192","15.147349000"
"6092","14:42:42.171423","100","241489","172.26.191.172","5000","15.090783000","48","1","48192","15.147351000"
"6093","14:42:42.171430","100","241537","172.26.191.172","5000","15.090790000","48","1","48192","15.147358000"
"6094","14:42:42.171431","100","241585","172.26.191.172","5000","15.090791000","48","1","48192","15.147359000"
"6095","14:42:42.171437","100","241633","172.26.191.172","5000","15.090797000","48","1","48192","15.147365000"
"6096","14:42:42.171438","100","241681","172.26.191.172","5000","15.090798000","48","1","48192","15.147366000"
"6097","14:42:42.171445","52","1","100.64.0.5","48192","15.090805000","0","240097","5000","15.147373000"
"6098","14:42:42.171453","100","241729","172.26.191.172","5000","15.090813000","48","1","48192","15.147381000"
"6099","14:42:42.171454","100","241777","172.26.191.172","5000","15.090814000","48","1","48192","15.147382000"
"6100","14:42:42.200815","52","1","100.64.0.5","48192","15.120175000","0","240385","5000","15.176743000"
"6101","14:42:42.200855","100","241825","172.26.191.172","5000","15.120215000","48","1","48192","15.176783000"
"6102","14:42:42.200865","100","241873","172.26.191.172","5000","15.120225000","48","1","48192","15.176793000"
"6103","14:42:42.200878","100","241921","172.26.191.172","5000","15.120238000","48","1","48192","15.176806000"
"6104","14:42:42.200879","100","241969","172.26.191.172","5000","15.120239000","48","1","48192","15.176807000"
"6105","14:42:42.200885","100","242017","172.26.191.172","5000","15.120245000","48","1","48192","15.176813000"
"6106","14:42:42.200887","100","242065","172.26.191.172","5000","15.120247000","48","1","48192","15.176815000"
"6107","14:42:42.200899","52","1","100.64.0.5","48192","15.120259000","0","240673","5000","15.176827000"
"6108","14:42:42.200910","100","242113","172.26.191.172","5000","15.120270000","48","1","48192","15.176838000"
"6109","14:42:42.200912","100","242161","172.26.191.172","5000","15.120272000","48","1","48192","15.176840000"
"6110","14:42:42.200919","100","242209","172.26.191.172","5000","15.120279000","48","1","48192","15.176847000"
"6111","14:42:42.200920","100","242257","172.26.191.172","5000","15.120280000","48","1","48192","15.176848000"
"6112","14:42:42.200926","100","242305","172.26.191.172","5000","15.120286000","48","1","48192","15.176854000"
"6113","14:42:42.200927","100","242353","172.26.191.172","5000","15.120287000","48","1","48192","15.176855000"
"6114","14:42:42.231106","52","1","100.64.0.5","48192","15.150466000","0","240961","5000","15.207034000"
"6115","14:42:42.231146","100","242401","172.26.191.172","5000","15.150506000","48","1","48192","15.207074000"
"6116","14:42:42.231155","100","242449","172.26.191.172","5000","15.150515000","48","1","48192","15.207083000"
"6117","14:42:42.231165","100","242497","172.26.191.172","5000","15.150525000","48","1","48192","15.207093000"
"6118","14:42:42.231167","100","242545","172.26.191.172","5000","15.150527000","48","1","48192","15.207095000"
"6119","14:42:42.231173","100","242593","172.26.191.172","5000","15.150533000","48","1","48192","15.207101000"
"6120","14:42:42.231174","100","242641","172.26.191.172","5000","15.150534000","48","1","48192","15.207102000"
"6121","14:42:42.231186","52","1","100.64.0.5","48192","15.150546000","0","241153","5000","15.207114000"
"6122","14:42:42.231197","100","242689","172.26.191.172","5000","15.150557000","48","1","48192","15.207125000"
"6123","14:42:42.231199","100","242737","172.26.191.172","5000","15.150559000","48","1","48192","15.207127000"
"6124","14:42:42.231206","100","242785","172.26.191.172","5000","15.150566000","48","1","48192","15.207134000"
"6125","14:42:42.231208","100","242833","172.26.191.172","5000","15.150568000","48","1","48192","15.207136000"
"6126","14:42:42.261381","52","1","100.64.0.5","48192","15.180741000","0","241441","5000","15.237309000"
"6127","14:42:42.261423","100","242881","172.26.191.172","5000","15.180783000","48","1","48192","15.237351000"
"6128","14:42:42.261436","100","242929","172.26.191.172","5000","15.180796000","48","1","48192","15.237364000"
"6129","14:42:42.261447","100","242977","172.26.191.172","5000","15.180807000","48","1","48192","15.237375000"
"6130","14:42:42.261449","100","243025","172.26.191.172","5000","15.180809000","48","1","48192","15.237377000"
"6131","14:42:42.261455","100","243073","172.26.191.172","5000","15.180815000","48","1","48192","15.237383000"
"6132","14:42:42.261456","100","243121","172.26.191.172","5000","15.180816000","48","1","48192","15.237384000"
"6133","14:42:42.261469","52","1","100.64.0.5","48192","15.180829000","0","241729","5000","15.237397000"
"6134","14:42:42.261481","100","243169","172.26.191.172","5000","15.180841000","48","1","48192","15.237409000"
"6135","14:42:42.261482","100","243217","172.26.191.172","5000","15.180842000","48","1","48192","15.237410000"
"6136","14:42:42.261490","100","243265","172.26.191.172","5000","15.180850000","48","1","48192","15.237418000"
"6137","14:42:42.261492","100","243313","172.26.191.172","5000","15.180852000","48","1","48192","15.237420000"
"6138","14:42:42.261499","100","243361","172.26.191.172","5000","15.180859000","48","1","48192","15.237427000"
"6139","14:42:42.261501","100","243409","172.26.191.172","5000","15.180861000","48","1","48192","15.237429000"
"6140","14:42:42.261508","52","1","100.64.0.5","48192","15.180868000","0","241825","5000","15.237436000"
"6141","14:42:42.261519","100","243457","172.26.191.172","5000","15.180879000","48","1","48192","15.237447000"
"6142","14:42:42.261521","100","243505","172.26.191.172","5000","15.180881000","48","1","48192","15.237449000"
"6143","14:42:42.292331","52","1","100.64.0.5","48192","15.211691000","0","242113","5000","15.268259000"
"6144","14:42:42.292387","100","243553","172.26.191.172","5000","15.211747000","48","1","48192","15.268315000"
"6145","14:42:42.292397","100","243601","172.26.191.172","5000","15.211757000","48","1","48192","15.268325000"
"6146","14:42:42.292408","100","243649","172.26.191.172","5000","15.211768000","48","1","48192","15.268336000"
"6147","14:42:42.292409","100","243697","172.26.191.172","5000","15.211769000","48","1","48192","15.268337000"
"6148","14:42:42.292415","100","243745","172.26.191.172","5000","15.211775000","48","1","48192","15.268343000"
"6149","14:42:42.292417","100","243793","172.26.191.172","5000","15.211777000","48","1","48192","15.268345000"
"6150","14:42:42.292422","100","243841","172.26.191.172","5000","15.211782000","48","1","48192","15.268350000"
"6151","14:42:42.292424","100","243889","172.26.191.172","5000","15.211784000","48","1","48192","15.268352000"
"6152","14:42:42.292447","52","1","100.64.0.5","48192","15.211807000","0","242401","5000","15.268375000"
"6153","14:42:42.292459","100","243937","172.26.191.172","5000","15.211819000","48","1","48192","15.268387000"
"6154","14:42:42.292460","100","243985","172.26.191.172","5000","15.211820000","48","1","48192","15.268388000"
"6155","14:42:42.292468","100","244033","172.26.191.172","5000","15.211828000","48","1","48192","15.268396000"
"6156","14:42:42.292469","100","244081","172.26.191.172","5000","15.211829000","48","1","48192","15.268397000"
"6157","14:42:42.292475","100","244129","172.26.191.172","5000","15.211835000","48","1","48192","15.268403000"
"6158","14:42:42.292476","100","244177","172.26.191.172","5000","15.211836000","48","1","48192","15.268404000"
"6159","14:42:42.322357","52","1","100.64.0.5","48192","15.241717000","0","242497","5000","15.298285000"
"6160","14:42:42.322396","100","244225","172.26.191.172","5000","15.241756000","48","1","48192","15.298324000"
"6161","14:42:42.322405","100","244273","172.26.191.172","5000","15.241765000","48","1","48192","15.298333000"
"6162","14:42:42.322421","52","1","100.64.0.5","48192","15.241781000","0","242785","5000","15.298349000"
"6163","14:42:42.322433","100","244321","172.26.191.172","5000","15.241793000","48","1","48192","15.298361000"
"6164","14:42:42.322435","100","244369","172.26.191.172","5000","15.241795000","48","1","48192","15.298363000"
"6165","14:42:42.322445","100","244417","172.26.191.172","5000","15.241805000","48","1","48192","15.298373000"
"6166","14:42:42.322446","100","244465","172.26.191.172","5000","15.241806000","48","1","48192","15.298374000"
"6167","14:42:42.322452","100","244513","172.26.191.172","5000","15.241812000","48","1","48192","15.298380000"
"6168","14:42:42.322454","100","244561","172.26.191.172","5000","15.241814000","48","1","48192","15.298382000"
"6169","14:42:42.322461","52","1","100.64.0.5","48192","15.241821000","0","242881","5000","15.298389000"
"6170","14:42:42.322470","100","244609","172.26.191.172","5000","15.241830000","48","1","48192","15.298398000"
"6171","14:42:42.322471","100","244657","172.26.191.172","5000","15.241831000","48","1","48192","15.298399000"
"6172","14:42:42.351724","52","1","100.64.0.5","48192","15.271084000","0","243169","5000","15.327652000"
"6173","14:42:42.351765","100","244705","172.26.191.172","5000","15.271125000","48","1","48192","15.327693000"
"6174","14:42:42.351774","100","244753","172.26.191.172","5000","15.271134000","48","1","48192","15.327702000"
"6175","14:42:42.351785","100","244801","172.26.191.172","5000","15.271145000","48","1","48192","15.327713000"
"6176","14:42:42.351786","100","244849","172.26.191.172","5000","15.271146000","48","1","48192","15.327714000"
"6177","14:42:42.351792","100","244897","172.26.191.172","5000","15.271152000","48","1","48192","15.327720000"
"6178","14:42:42.351794","100","244945","172.26.191.172","5000","15.271154000","48","1","48192","15.327722000"
"6179","14:42:42.351806","52","1","100.64.0.5","48192","15.271166000","0","243457","5000","15.327734000"
"6180","14:42:42.351817","100","244993","172.26.191.172","5000","15.271177000","48","1","48192","15.327745000"
"6181","14:42:42.351818","100","245041","172.26.191.172","5000","15.271178000","48","1","48192","15.327746000"
"6182","14:42:42.351825","100","245089","172.26.191.172","5000","15.271185000","48","1","48192","15.327753000"
"6183","14:42:42.351827","100","245137","172.26.191.172","5000","15.271187000","48","1","48192","15.327755000"
"6184","14:42:42.351833","100","245185","172.26.191.172","5000","15.271193000","48","1","48192","15.327761000"
"6185","14:42:42.351834","100","245233","172.26.191.172","5000","15.271194000","48","1","48192","15.327762000"
"6186","14:42:42.351840","52","1","100.64.0.5","48192","15.271200000","0","243553","5000","15.327768000"
"6187","14:42:42.351849","100","245281","172.26.191.172","5000","15.271209000","48","1","48192","15.327777000"
"6188","14:42:42.351850","100","245329","172.26.191.172","5000","15.271210000","48","1","48192","15.327778000"
"6189","14:42:42.383720","52","1","100.64.0.5","48192","15.303080000","0","243841","5000","15.359648000"
"6190","14:42:42.383761","100","245377","172.26.191.172","5000","15.303121000","48","1","48192","15.359689000"
"6191","14:42:42.383770","100","245425","172.26.191.172","5000","15.303130000","48","1","48192","15.359698000"
"6192","14:42:42.383782","100","245473","172.26.191.172","5000","15.303142000","48","1","48192","15.359710000"
"6193","14:42:42.383783","100","245521","172.26.191.172","5000","15.303143000","48","1","48192","15.359711000"
"6194","14:42:42.383789","100","245569","172.26.191.172","5000","15.303149000","48","1","48192","15.359717000"
"6195","14:42:42.383790","100","245617","172.26.191.172","5000","15.303150000","48","1","48192","15.359718000"
"6196","14:42:42.383802","52","1","100.64.0.5","48192","15.303162000","0","244129","5000","15.359730000"
"6197","14:42:42.383813","100","245665","172.26.191.172","5000","15.303173000","48","1","48192","15.359741000"
"6198","14:42:42.383815","100","245713","172.26.191.172","5000","15.303175000","48","1","48192","15.359743000"
"6199","14:42:42.383822","100","245761","172.26.191.172","5000","15.303182000","48","1","48192","15.359750000"
"6200","14:42:42.383824","100","245809","172.26.191.172","5000","15.303184000","48","1","48192","15.359752000"
"6201","14:42:42.383829","100","245857","172.26.191.172","5000","15.303189000","48","1","48192","15.359757000"
"6202","14:42:42.383830","100","245905","172.26.191.172","5000","15.303190000","48","1","48192","15.359758000"
"6203","14:42:42.383837","52","1","100.64.0.5","48192","15.303197000","0","244225","5000","15.359765000"
"6204","14:42:42.383845","100","245953","172.26.191.172","5000","15.303205000","48","1","48192","15.359773000"
"6205","14:42:42.383846","100","246001","172.26.191.172","5000","15.303206000","48","1","48192","15.359774000"
"6206","14:42:42.413087","52","1","100.64.0.5","48192","15.332447000","0","244513","5000","15.389015000"
"6207","14:42:42.413127","100","246049","172.26.191.172","5000","15.332487000","48","1","48192","15.389055000"
"6208","14:42:42.413135","100","246097","172.26.191.172","5000","15.332495000","48","1","48192","15.389063000"
"6209","14:42:42.413147","100","246145","172.26.191.172","5000","15.332507000","48","1","48192","15.389075000"
"6210","14:42:42.413148","100","246193","172.26.191.172","5000","15.332508000","48","1","48192","15.389076000"
"6211","14:42:42.413154","100","246241","172.26.191.172","5000","15.332514000","48","1","48192","15.389082000"
"6212","14:42:42.413156","100","246289","172.26.191.172","5000","15.332516000","48","1","48192","15.389084000"
"6213","14:42:42.413168","52","1","100.64.0.5","48192","15.332528000","0","244705","5000","15.389096000"
"6214","14:42:42.413180","100","246337","172.26.191.172","5000","15.332540000","48","1","48192","15.389108000"
"6215","14:42:42.413182","100","246385","172.26.191.172","5000","15.332542000","48","1","48192","15.389110000"
"6216","14:42:42.413189","100","246433","172.26.191.172","5000","15.332549000","48","1","48192","15.389117000"
"6217","14:42:42.413190","100","246481","172.26.191.172","5000","15.332550000","48","1","48192","15.389118000"
"6218","14:42:42.442973","52","1","100.64.0.5","48192","15.362333000","0","244993","5000","15.418901000"
"6219","14:42:42.443014","100","246529","172.26.191.172","5000","15.362374000","48","1","48192","15.418942000"
"6220","14:42:42.443023","100","246577","172.26.191.172","5000","15.362383000","48","1","48192","15.418951000"
"6221","14:42:42.443034","100","246625","172.26.191.172","5000","15.362394000","48","1","48192","15.418962000"
"6222","14:42:42.443036","100","246673","172.26.191.172","5000","15.362396000","48","1","48192","15.418964000"
"6223","14:42:42.443042","100","246721","172.26.191.172","5000","15.362402000","48","1","48192","15.418970000"
"6224","14:42:42.443043","100","246769","172.26.191.172","5000","15.362403000","48","1","48192","15.418971000"
"6225","14:42:42.443055","52","1","100.64.0.5","48192","15.362415000","0","245089","5000","15.418983000"
"6226","14:42:42.443065","100","246817","172.26.191.172","5000","15.362425000","48","1","48192","15.418993000"
"6227","14:42:42.443066","100","246865","172.26.191.172","5000","15.362426000","48","1","48192","15.418994000"
"6228","14:42:42.443074","52","1","100.64.0.5","48192","15.362434000","0","245377","5000","15.419002000"
"6229","14:42:42.443084","100","246913","172.26.191.172","5000","15.362444000","48","1","48192","15.419012000"
"6230","14:42:42.443085","100","246961","172.26.191.172","5000","15.362445000","48","1","48192","15.419013000"
"6231","14:42:42.443091","100","247009","172.26.191.172","5000","15.362451000","48","1","48192","15.419019000"
"6232","14:42:42.443093","100","247057","172.26.191.172","5000","15.362453000","48","1","48192","15.419021000"
"6233","14:42:42.443100","100","247105","172.26.191.172","5000","15.362460000","48","1","48192","15.419028000"
"6234","14:42:42.443102","100","247153","172.26.191.172","5000","15.362462000","48","1","48192","15.419030000"
"6235","14:42:42.473827","52","1","100.64.0.5","48192","15.393187000","0","245665","5000","15.449755000"
"6236","14:42:42.473868","100","247201","172.26.191.172","5000","15.393228000","48","1","48192","15.449796000"
"6237","14:42:42.473877","100","247249","172.26.191.172","5000","15.393237000","48","1","48192","15.449805000"
"6238","14:42:42.473888","100","247297","172.26.191.172","5000","15.393248000","48","1","48192","15.449816000"
"6239","14:42:42.473890","100","247345","172.26.191.172","5000","15.393250000","48","1","48192","15.449818000"
"6240","14:42:42.473898","100","247393","172.26.191.172","5000","15.393258000","48","1","48192","15.449826000"
"6241","14:42:42.473899","100","247441","172.26.191.172","5000","15.393259000","48","1","48192","15.449827000"
"6242","14:42:42.473905","100","247489","172.26.191.172","5000","15.393265000","48","1","48192","15.449833000"
"6243","14:42:42.473906","100","247537","172.26.191.172","5000","15.393266000","48","1","48192","15.449834000"
"6244","14:42:42.473918","52","1","100.64.0.5","48192","15.393278000","0","245953","5000","15.449846000"
"6245","14:42:42.473928","100","247585","172.26.191.172","5000","15.393288000","48","1","48192","15.449856000"
"6246","14:42:42.473930","100","247633","172.26.191.172","5000","15.393290000","48","1","48192","15.449858000"
"6247","14:42:42.473936","100","247681","172.26.191.172","5000","15.393296000","48","1","48192","15.449864000"
"6248","14:42:42.473937","100","247729","172.26.191.172","5000","15.393297000","48","1","48192","15.449865000"
"6249","14:42:42.473943","100","247777","172.26.191.172","5000","15.393303000","48","1","48192","15.449871000"
"6250","14:42:42.473944","100","247825","172.26.191.172","5000","15.393304000","48","1","48192","15.449872000"
"6251","14:42:42.473951","52","1","100.64.0.5","48192","15.393311000","0","246049","5000","15.449879000"
"6252","14:42:42.473960","100","247873","172.26.191.172","5000","15.393320000","48","1","48192","15.449888000"
"6253","14:42:42.473961","100","247921","172.26.191.172","5000","15.393321000","48","1","48192","15.449889000"
"6254","14:42:42.503882","52","1","100.64.0.5","48192","15.423242000","0","246337","5000","15.479810000"
"6255","14:42:42.503926","100","247969","172.26.191.172","5000","15.423286000","48","1","48192","15.479854000"
"6256","14:42:42.503936","100","248017","172.26.191.172","5000","15.423296000","48","1","48192","15.479864000"
"6257","14:42:42.503950","100","248065","172.26.191.172","5000","15.423310000","48","1","48192","15.479878000"
"6258","14:42:42.503952","100","248113","172.26.191.172","5000","15.423312000","48","1","48192","15.479880000"
"6259","14:42:42.503959","100","248161","172.26.191.172","5000","15.423319000","48","1","48192","15.479887000"
"6260","14:42:42.503960","100","248209","172.26.191.172","5000","15.423320000","48","1","48192","15.479888000"
"6261","14:42:42.503974","52","1","100.64.0.5","48192","15.423334000","0","246529","5000","15.479902000"
"6262","14:42:42.503985","100","248257","172.26.191.172","5000","15.423345000","48","1","48192","15.479913000"
"6263","14:42:42.503987","100","248305","172.26.191.172","5000","15.423347000","48","1","48192","15.479915000"
"6264","14:42:42.503994","100","248353","172.26.191.172","5000","15.423354000","48","1","48192","15.479922000"
"6265","14:42:42.503995","100","248401","172.26.191.172","5000","15.423355000","48","1","48192","15.479923000"
"6266","14:42:42.534030","52","1","100.64.0.5","48192","15.453390000","0","246817","5000","15.509958000"
"6267","14:42:42.534070","100","248449","172.26.191.172","5000","15.453430000","48","1","48192","15.509998000"
"6268","14:42:42.534079","100","248497","172.26.191.172","5000","15.453439000","48","1","48192","15.510007000"
"6269","14:42:42.534089","100","248545","172.26.191.172","5000","15.453449000","48","1","48192","15.510017000"
"6270","14:42:42.534091","100","248593","172.26.191.172","5000","15.453451000","48","1","48192","15.510019000"
"6271","14:42:42.534097","100","248641","172.26.191.172","5000","15.453457000","48","1","48192","15.510025000"
"6272","14:42:42.534098","100","248689","172.26.191.172","5000","15.453458000","48","1","48192","15.510026000"
"6273","14:42:42.534110","52","1","100.64.0.5","48192","15.453470000","0","247105","5000","15.510038000"
"6274","14:42:42.534120","100","248737","172.26.191.172","5000","15.453480000","48","1","48192","15.510048000"
"6275","14:42:42.534122","100","248785","172.26.191.172","5000","15.453482000","48","1","48192","15.510050000"
"6276","14:42:42.534129","100","248833","172.26.191.172","5000","15.453489000","48","1","48192","15.510057000"
"6277","14:42:42.534130","100","248881","172.26.191.172","5000","15.453490000","48","1","48192","15.510058000"
"6278","14:42:42.534136","100","248929","172.26.191.172","5000","15.453496000","48","1","48192","15.510064000"
"6279","14:42:42.534137","100","248977","172.26.191.172","5000","15.453497000","48","1","48192","15.510065000"
"6280","14:42:42.534144","52","1","100.64.0.5","48192","15.453504000","0","247201","5000","15.510072000"
"6281","14:42:42.534153","100","249025","172.26.191.172","5000","15.453513000","48","1","48192","15.510081000"
"6282","14:42:42.534154","100","249073","172.26.191.172","5000","15.453514000","48","1","48192","15.510082000"
"6283","14:42:42.564413","52","1","100.64.0.5","48192","15.483773000","0","247489","5000","15.540341000"
"6284","14:42:42.564454","100","249121","172.26.191.172","5000","15.483814000","48","1","48192","15.540382000"
"6285","14:42:42.564463","100","249169","172.26.191.172","5000","15.483823000","48","1","48192","15.540391000"
"6286","14:42:42.564475","100","249217","172.26.191.172","5000","15.483835000","48","1","48192","15.540403000"
"6287","14:42:42.564476","100","249265","172.26.191.172","5000","15.483836000","48","1","48192","15.540404000"
"6288","14:42:42.564483","100","249313","172.26.191.172","5000","15.483843000","48","1","48192","15.540411000"
"6289","14:42:42.564485","100","249361","172.26.191.172","5000","15.483845000","48","1","48192","15.540413000"
"6290","14:42:42.564496","52","1","100.64.0.5","48192","15.483856000","0","247777","5000","15.540424000"
"6291","14:42:42.564508","100","249409","172.26.191.172","5000","15.483868000","48","1","48192","15.540436000"
"6292","14:42:42.564510","100","249457","172.26.191.172","5000","15.483870000","48","1","48192","15.540438000"
"6293","14:42:42.564516","100","249505","172.26.191.172","5000","15.483876000","48","1","48192","15.540444000"
"6294","14:42:42.564517","100","249553","172.26.191.172","5000","15.483877000","48","1","48192","15.540445000"
"6295","14:42:42.564523","100","249601","172.26.191.172","5000","15.483883000","48","1","48192","15.540451000"
"6296","14:42:42.564524","100","249649","172.26.191.172","5000","15.483884000","48","1","48192","15.540452000"
"6297","14:42:42.564531","52","1","100.64.0.5","48192","15.483891000","0","247873","5000","15.540459000"
"6298","14:42:42.564541","100","249697","172.26.191.172","5000","15.483901000","48","1","48192","15.540469000"
"6299","14:42:42.564543","100","249745","172.26.191.172","5000","15.483903000","48","1","48192","15.540471000"
"6300","14:42:42.595014","52","1","100.64.0.5","48192","15.514374000","0","248161","5000","15.570942000"
"6301","14:42:42.595054","100","249793","172.26.191.172","5000","15.514414000","48","1","48192","15.570982000"
"6302","14:42:42.595063","100","249841","172.26.191.172","5000","15.514423000","48","1","48192","15.570991000"
"6303","14:42:42.595074","100","249889","172.26.191.172","5000","15.514434000","48","1","48192","15.571002000"
"6304","14:42:42.595075","100","249937","172.26.191.172","5000","15.514435000","48","1","48192","15.571003000"
"6305","14:42:42.595081","100","249985","172.26.191.172","5000","15.514441000","48","1","48192","15.571009000"
"6306","14:42:42.595083","100","250033","172.26.191.172","5000","15.514443000","48","1","48192","15.571011000"
"6307","14:42:42.595094","52","1","100.64.0.5","48192","15.514454000","0","248449","5000","15.571022000"
"6308","14:42:42.595106","100","250081","172.26.191.172","5000","15.514466000","48","1","48192","15.571034000"
"6309","14:42:42.595108","100","250129","172.26.191.172","5000","15.514468000","48","1","48192","15.571036000"
"6310","14:42:42.595115","100","250177","172.26.191.172","5000","15.514475000","48","1","48192","15.571043000"
"6311","14:42:42.595116","100","250225","172.26.191.172","5000","15.514476000","48","1","48192","15.571044000"
"6312","14:42:42.595123","100","250273","172.26.191.172","5000","15.514483000","48","1","48192","15.571051000"
"6313","14:42:42.595124","100","250321","172.26.191.172","5000","15.514484000","48","1","48192","15.571052000"
"6314","14:42:42.624650","52","1","100.64.0.5","48192","15.544010000","0","248737","5000","15.600578000"
"6315","14:42:42.624691","100","250369","172.26.191.172","5000","15.544051000","48","1","48192","15.600619000"
"6316","14:42:42.624700","100","250417","172.26.191.172","5000","15.544060000","48","1","48192","15.600628000"
"6317","14:42:42.624711","100","250465","172.26.191.172","5000","15.544071000","48","1","48192","15.600639000"
"6318","14:42:42.624713","100","250513","172.26.191.172","5000","15.544073000","48","1","48192","15.600641000"
"6319","14:42:42.624719","100","250561","172.26.191.172","5000","15.544079000","48","1","48192","15.600647000"
"6320","14:42:42.624720","100","250609","172.26.191.172","5000","15.544080000","48","1","48192","15.600648000"
"6321","14:42:42.624732","52","1","100.64.0.5","48192","15.544092000","0","248929","5000","15.600660000"
"6322","14:42:42.624742","100","250657","172.26.191.172","5000","15.544102000","48","1","48192","15.600670000"
"6323","14:42:42.624744","100","250705","172.26.191.172","5000","15.544104000","48","1","48192","15.600672000"
"6324","14:42:42.624751","100","250753","172.26.191.172","5000","15.544111000","48","1","48192","15.600679000"
"6325","14:42:42.624753","100","250801","172.26.191.172","5000","15.544113000","48","1","48192","15.600681000"
"6326","14:42:42.624760","52","1","100.64.0.5","48192","15.544120000","0","249121","5000","15.600688000"
"6327","14:42:42.624768","100","250849","172.26.191.172","5000","15.544128000","48","1","48192","15.600696000"
"6328","14:42:42.624770","100","250897","172.26.191.172","5000","15.544130000","48","1","48192","15.600698000"
"6329","14:42:42.624776","100","250945","172.26.191.172","5000","15.544136000","48","1","48192","15.600704000"
"6330","14:42:42.624777","100","250993","172.26.191.172","5000","15.544137000","48","1","48192","15.600705000"
"6331","14:42:42.655574","52","1","100.64.0.5","48192","15.574934000","0","249409","5000","15.631502000"
"6332","14:42:42.655614","100","251041","172.26.191.172","5000","15.574974000","48","1","48192","15.631542000"
"6333","14:42:42.655625","100","251089","172.26.191.172","5000","15.574985000","48","1","48192","15.631553000"
"6334","14:42:42.655636","100","251137","172.26.191.172","5000","15.574996000","48","1","48192","15.631564000"
"6335","14:42:42.655638","100","251185","172.26.191.172","5000","15.574998000","48","1","48192","15.631566000"
"6336","14:42:42.655645","100","251233","172.26.191.172","5000","15.575005000","48","1","48192","15.631573000"
"6337","14:42:42.655646","100","251281","172.26.191.172","5000","15.575006000","48","1","48192","15.631574000"
"6338","14:42:42.655658","52","1","100.64.0.5","48192","15.575018000","0","249505","5000","15.631586000"
"6339","14:42:42.655667","100","251329","172.26.191.172","5000","15.575027000","48","1","48192","15.631595000"
"6340","14:42:42.655669","100","251377","172.26.191.172","5000","15.575029000","48","1","48192","15.631597000"
"6341","14:42:42.655677","52","1","100.64.0.5","48192","15.575037000","0","249697","5000","15.631605000"
"6342","14:42:42.655689","100","251425","172.26.191.172","5000","15.575049000","48","1","48192","15.631617000"
"6343","14:42:42.655690","100","251473","172.26.191.172","5000","15.575050000","48","1","48192","15.631618000"
"6344","14:42:42.655696","100","251521","172.26.191.172","5000","15.575056000","48","1","48192","15.631624000"
"6345","14:42:42.655697","100","251569","172.26.191.172","5000","15.575057000","48","1","48192","15.631625000"
"6346","14:42:42.655704","100","251617","172.26.191.172","5000","15.575064000","48","1","48192","15.631632000"
"6347","14:42:42.655705","100","251665","172.26.191.172","5000","15.575065000","48","1","48192","15.631633000"
"6348","14:42:42.655712","52","1","100.64.0.5","48192","15.575072000","0","249793","5000","15.631640000"
"6349","14:42:42.655722","100","251713","172.26.191.172","5000","15.575082000","48","1","48192","15.631650000"
"6350","14:42:42.655723","100","251761","172.26.191.172","5000","15.575083000","48","1","48192","15.631651000"
"6351","14:42:42.685921","52","1","100.64.0.5","48192","15.605281000","0","250081","5000","15.661849000"
"6352","14:42:42.685961","100","251809","172.26.191.172","5000","15.605321000","48","1","48192","15.661889000"
"6353","14:42:42.685970","100","251857","172.26.191.172","5000","15.605330000","48","1","48192","15.661898000"
"6354","14:42:42.685981","100","251905","172.26.191.172","5000","15.605341000","48","1","48192","15.661909000"
"6355","14:42:42.685983","100","251953","172.26.191.172","5000","15.605343000","48","1","48192","15.661911000"
"6356","14:42:42.685989","100","252001","172.26.191.172","5000","15.605349000","48","1","48192","15.661917000"
"6357","14:42:42.685990","100","252049","172.26.191.172","5000","15.605350000","48","1","48192","15.661918000"
"6358","14:42:42.686002","52","1","100.64.0.5","48192","15.605362000","0","250369","5000","15.661930000"
"6359","14:42:42.686012","100","252097","172.26.191.172","5000","15.605372000","48","1","48192","15.661940000"
"6360","14:42:42.686014","100","252145","172.26.191.172","5000","15.605374000","48","1","48192","15.661942000"
"6361","14:42:42.686022","100","252193","172.26.191.172","5000","15.605382000","48","1","48192","15.661950000"
"6362","14:42:42.686024","100","252241","172.26.191.172","5000","15.605384000","48","1","48192","15.661952000"
"6363","14:42:42.686030","100","252289","172.26.191.172","5000","15.605390000","48","1","48192","15.661958000"
"6364","14:42:42.686031","100","252337","172.26.191.172","5000","15.605391000","48","1","48192","15.661959000"
"6365","14:42:42.716303","52","1","100.64.0.5","48192","15.635663000","0","250657","5000","15.692231000"
"6366","14:42:42.716363","100","252385","172.26.191.172","5000","15.635723000","48","1","48192","15.692291000"
"6367","14:42:42.716379","100","252433","172.26.191.172","5000","15.635739000","48","1","48192","15.692307000"
"6368","14:42:42.716395","100","252481","172.26.191.172","5000","15.635755000","48","1","48192","15.692323000"
"6369","14:42:42.716396","100","252529","172.26.191.172","5000","15.635756000","48","1","48192","15.692324000"
"6370","14:42:42.716403","100","252577","172.26.191.172","5000","15.635763000","48","1","48192","15.692331000"
"6371","14:42:42.716404","100","252625","172.26.191.172","5000","15.635764000","48","1","48192","15.692332000"
"6372","14:42:42.716428","52","1","100.64.0.5","48192","15.635788000","0","250945","5000","15.692356000"
"6373","14:42:42.716442","100","252673","172.26.191.172","5000","15.635802000","48","1","48192","15.692370000"
"6374","14:42:42.716444","100","252721","172.26.191.172","5000","15.635804000","48","1","48192","15.692372000"
"6375","14:42:42.716451","100","252769","172.26.191.172","5000","15.635811000","48","1","48192","15.692379000"
"6376","14:42:42.716452","100","252817","172.26.191.172","5000","15.635812000","48","1","48192","15.692380000"
"6377","14:42:42.716458","100","252865","172.26.191.172","5000","15.635818000","48","1","48192","15.692386000"
"6378","14:42:42.716459","100","252913","172.26.191.172","5000","15.635819000","48","1","48192","15.692387000"
"6379","14:42:42.716466","52","1","100.64.0.5","48192","15.635826000","0","251041","5000","15.692394000"
"6380","14:42:42.716476","100","252961","172.26.191.172","5000","15.635836000","48","1","48192","15.692404000"
"6381","14:42:42.716477","100","253009","172.26.191.172","5000","15.635837000","48","1","48192","15.692405000"
"6382","14:42:42.746068","52","1","100.64.0.5","48192","15.665428000","0","251329","5000","15.721996000"
"6383","14:42:42.746109","100","253057","172.26.191.172","5000","15.665469000","48","1","48192","15.722037000"
"6384","14:42:42.746122","100","253105","172.26.191.172","5000","15.665482000","48","1","48192","15.722050000"
"6385","14:42:42.746134","100","253153","172.26.191.172","5000","15.665494000","48","1","48192","15.722062000"
"6386","14:42:42.746136","100","253201","172.26.191.172","5000","15.665496000","48","1","48192","15.722064000"
"6387","14:42:42.746142","100","253249","172.26.191.172","5000","15.665502000","48","1","48192","15.722070000"
"6388","14:42:42.746143","100","253297","172.26.191.172","5000","15.665503000","48","1","48192","15.722071000"
"6389","14:42:42.746156","52","1","100.64.0.5","48192","15.665516000","0","251617","5000","15.722084000"
"6390","14:42:42.746168","100","253345","172.26.191.172","5000","15.665528000","48","1","48192","15.722096000"
"6391","14:42:42.746170","100","253393","172.26.191.172","5000","15.665530000","48","1","48192","15.722098000"
"6392","14:42:42.746177","100","253441","172.26.191.172","5000","15.665537000","48","1","48192","15.722105000"
"6393","14:42:42.746179","100","253489","172.26.191.172","5000","15.665539000","48","1","48192","15.722107000"
"6394","14:42:42.746185","100","253537","172.26.191.172","5000","15.665545000","48","1","48192","15.722113000"
"6395","14:42:42.746186","100","253585","172.26.191.172","5000","15.665546000","48","1","48192","15.722114000"
"6396","14:42:42.746194","52","1","100.64.0.5","48192","15.665554000","0","251713","5000","15.722122000"
"6397","14:42:42.746204","100","253633","172.26.191.172","5000","15.665564000","48","1","48192","15.722132000"
"6398","14:42:42.746205","100","253681","172.26.191.172","5000","15.665565000","48","1","48192","15.722133000"
"6399","14:42:42.777048","52","1","100.64.0.5","48192","15.696408000","0","252001","5000","15.752976000"
"6400","14:42:42.777088","100","253729","172.26.191.172","5000","15.696448000","48","1","48192","15.753016000"
"6401","14:42:42.777098","100","253777","172.26.191.172","5000","15.696458000","48","1","48192","15.753026000"
"6402","14:42:42.777109","100","253825","172.26.191.172","5000","15.696469000","48","1","48192","15.753037000"
"6403","14:42:42.777110","100","253873","172.26.191.172","5000","15.696470000","48","1","48192","15.753038000"
"6404","14:42:42.777116","100","253921","172.26.191.172","5000","15.696476000","48","1","48192","15.753044000"
"6405","14:42:42.777118","100","253969","172.26.191.172","5000","15.696478000","48","1","48192","15.753046000"
"6406","14:42:42.777129","52","1","100.64.0.5","48192","15.696489000","0","252241","5000","15.753057000"
"6407","14:42:42.777140","100","254017","172.26.191.172","5000","15.696500000","48","1","48192","15.753068000"
"6408","14:42:42.777142","100","254065","172.26.191.172","5000","15.696502000","48","1","48192","15.753070000"
"6409","14:42:42.777149","100","254113","172.26.191.172","5000","15.696509000","48","1","48192","15.753077000"
"6410","14:42:42.777150","100","254161","172.26.191.172","5000","15.696510000","48","1","48192","15.753078000"
"6411","14:42:42.777157","100","254209","172.26.191.172","5000","15.696517000","48","1","48192","15.753085000"
"6412","14:42:42.777158","100","254257","172.26.191.172","5000","15.696518000","48","1","48192","15.753086000"
"6413","14:42:42.777165","52","1","100.64.0.5","48192","15.696525000","0","252385","5000","15.753093000"
"6414","14:42:42.777174","100","254305","172.26.191.172","5000","15.696534000","48","1","48192","15.753102000"
"6415","14:42:42.777176","100","254353","172.26.191.172","5000","15.696536000","48","1","48192","15.753104000"
"6416","14:42:42.807656","52","1","100.64.0.5","48192","15.727016000","0","252673","5000","15.783584000"
"6417","14:42:42.807698","100","254401","172.26.191.172","5000","15.727058000","48","1","48192","15.783626000"
"6418","14:42:42.807706","100","254449","172.26.191.172","5000","15.727066000","48","1","48192","15.783634000"
"6419","14:42:42.807718","100","254497","172.26.191.172","5000","15.727078000","48","1","48192","15.783646000"
"6420","14:42:42.807720","100","254545","172.26.191.172","5000","15.727080000","48","1","48192","15.783648000"
"6421","14:42:42.807726","100","254593","172.26.191.172","5000","15.727086000","48","1","48192","15.783654000"
"6422","14:42:42.807727","100","254641","172.26.191.172","5000","15.727087000","48","1","48192","15.783655000"
"6423","14:42:42.807738","52","1","100.64.0.5","48192","15.727098000","0","252961","5000","15.783666000"
"6424","14:42:42.807749","100","254689","172.26.191.172","5000","15.727109000","48","1","48192","15.783677000"
"6425","14:42:42.807750","100","254737","172.26.191.172","5000","15.727110000","48","1","48192","15.783678000"
"6426","14:42:42.807757","100","254785","172.26.191.172","5000","15.727117000","48","1","48192","15.783685000"
"6427","14:42:42.807759","100","254833","172.26.191.172","5000","15.727119000","48","1","48192","15.783687000"
"6428","14:42:42.807764","100","254881","172.26.191.172","5000","15.727124000","48","1","48192","15.783692000"
"6429","14:42:42.807766","100","254929","172.26.191.172","5000","15.727126000","48","1","48192","15.783694000"
"6430","14:42:42.807772","52","1","100.64.0.5","48192","15.727132000","0","253057","5000","15.783700000"
"6431","14:42:42.807781","100","254977","172.26.191.172","5000","15.727141000","48","1","48192","15.783709000"
"6432","14:42:42.807782","100","255025","172.26.191.172","5000","15.727142000","48","1","48192","15.783710000"
"6433","14:42:42.837108","52","1","100.64.0.5","48192","15.756468000","0","253345","5000","15.813036000"
"6434","14:42:42.837149","100","255073","172.26.191.172","5000","15.756509000","48","1","48192","15.813077000"
"6435","14:42:42.837158","100","255121","172.26.191.172","5000","15.756518000","48","1","48192","15.813086000"
"6436","14:42:42.837169","100","255169","172.26.191.172","5000","15.756529000","48","1","48192","15.813097000"
"6437","14:42:42.837170","100","255217","172.26.191.172","5000","15.756530000","48","1","48192","15.813098000"
"6438","14:42:42.837176","100","255265","172.26.191.172","5000","15.756536000","48","1","48192","15.813104000"
"6439","14:42:42.837178","100","255313","172.26.191.172","5000","15.756538000","48","1","48192","15.813106000"
"6440","14:42:42.837189","52","1","100.64.0.5","48192","15.756549000","0","253633","5000","15.813117000"
"6441","14:42:42.837201","100","255361","172.26.191.172","5000","15.756561000","48","1","48192","15.813129000"
"6442","14:42:42.837203","100","255409","172.26.191.172","5000","15.756563000","48","1","48192","15.813131000"
"6443","14:42:42.837211","100","255457","172.26.191.172","5000","15.756571000","48","1","48192","15.813139000"
"6444","14:42:42.837212","100","255505","172.26.191.172","5000","15.756572000","48","1","48192","15.813140000"
"6445","14:42:42.837218","100","255553","172.26.191.172","5000","15.756578000","48","1","48192","15.813146000"
"6446","14:42:42.837219","100","255601","172.26.191.172","5000","15.756579000","48","1","48192","15.813147000"
"6447","14:42:42.837224","100","255649","172.26.191.172","5000","15.756584000","48","1","48192","15.813152000"
"6448","14:42:42.837226","100","255697","172.26.191.172","5000","15.756586000","48","1","48192","15.813154000"
"6449","14:42:42.837232","52","1","100.64.0.5","48192","15.756592000","0","253729","5000","15.813160000"
"6450","14:42:42.837251","100","255745","172.26.191.172","5000","15.756611000","48","1","48192","15.813179000"
"6451","14:42:42.837252","100","255793","172.26.191.172","5000","15.756612000","48","1","48192","15.813180000"
"6452","14:42:42.868098","52","1","100.64.0.5","48192","15.787458000","0","254017","5000","15.844026000"
"6453","14:42:42.868138","100","255841","172.26.191.172","5000","15.787498000","48","1","48192","15.844066000"
"6454","14:42:42.868147","100","255889","172.26.191.172","5000","15.787507000","48","1","48192","15.844075000"
"6455","14:42:42.868158","100","255937","172.26.191.172","5000","15.787518000","48","1","48192","15.844086000"
"6456","14:42:42.868160","100","255985","172.26.191.172","5000","15.787520000","48","1","48192","15.844088000"
"6457","14:42:42.868167","100","256033","172.26.191.172","5000","15.787527000","48","1","48192","15.844095000"
"6458","14:42:42.868168","100","256081","172.26.191.172","5000","15.787528000","48","1","48192","15.844096000"
"6459","14:42:42.868179","52","1","100.64.0.5","48192","15.787539000","0","254113","5000","15.844107000"
"6460","14:42:42.868188","100","256129","172.26.191.172","5000","15.787548000","48","1","48192","15.844116000"
"6461","14:42:42.868190","100","256177","172.26.191.172","5000","15.787550000","48","1","48192","15.844118000"
"6462","14:42:42.868197","52","1","100.64.0.5","48192","15.787557000","0","254401","5000","15.844125000"
"6463","14:42:42.868207","100","256225","172.26.191.172","5000","15.787567000","48","1","48192","15.844135000"
"6464","14:42:42.868208","100","256273","172.26.191.172","5000","15.787568000","48","1","48192","15.844136000"
"6465","14:42:42.868215","100","256321","172.26.191.172","5000","15.787575000","48","1","48192","15.844143000"
"6466","14:42:42.868216","100","256369","172.26.191.172","5000","15.787576000","48","1","48192","15.844144000"
"6467","14:42:42.868222","100","256417","172.26.191.172","5000","15.787582000","48","1","48192","15.844150000"
"6468","14:42:42.868223","100","256465","172.26.191.172","5000","15.787583000","48","1","48192","15.844151000"
"6469","14:42:42.897730","52","1","100.64.0.5","48192","15.817090000","0","254689","5000","15.873658000"
"6470","14:42:42.897769","100","256513","172.26.191.172","5000","15.817129000","48","1","48192","15.873697000"
"6471","14:42:42.897777","100","256561","172.26.191.172","5000","15.817137000","48","1","48192","15.873705000"
"6472","14:42:42.897788","100","256609","172.26.191.172","5000","15.817148000","48","1","48192","15.873716000"
"6473","14:42:42.897790","100","256657","172.26.191.172","5000","15.817150000","48","1","48192","15.873718000"
"6474","14:42:42.897797","100","256705","172.26.191.172","5000","15.817157000","48","1","48192","15.873725000"
"6475","14:42:42.897798","100","256753","172.26.191.172","5000","15.817158000","48","1","48192","15.873726000"
"6476","14:42:42.897809","52","1","100.64.0.5","48192","15.817169000","0","254977","5000","15.873737000"
"6477","14:42:42.897821","100","256801","172.26.191.172","5000","15.817181000","48","1","48192","15.873749000"
"6478","14:42:42.897823","100","256849","172.26.191.172","5000","15.817183000","48","1","48192","15.873751000"
"6479","14:42:42.897830","100","256897","172.26.191.172","5000","15.817190000","48","1","48192","15.873758000"
"6480","14:42:42.897831","100","256945","172.26.191.172","5000","15.817191000","48","1","48192","15.873759000"
"6481","14:42:42.897837","100","256993","172.26.191.172","5000","15.817197000","48","1","48192","15.873765000"
"6482","14:42:42.897838","100","257041","172.26.191.172","5000","15.817198000","48","1","48192","15.873766000"
"6483","14:42:42.897844","52","1","100.64.0.5","48192","15.817204000","0","255073","5000","15.873772000"
"6484","14:42:42.897852","100","257089","172.26.191.172","5000","15.817212000","48","1","48192","15.873780000"
"6485","14:42:42.897853","100","257137","172.26.191.172","5000","15.817213000","48","1","48192","15.873781000"
"6486","14:42:42.928059","52","1","100.64.0.5","48192","15.847419000","0","255361","5000","15.903987000"
"6487","14:42:42.928110","100","257185","172.26.191.172","5000","15.847470000","48","1","48192","15.904038000"
"6488","14:42:42.928124","100","257233","172.26.191.172","5000","15.847484000","48","1","48192","15.904052000"
"6489","14:42:42.928140","100","257281","172.26.191.172","5000","15.847500000","48","1","48192","15.904068000"
"6490","14:42:42.928143","100","257329","172.26.191.172","5000","15.847503000","48","1","48192","15.904071000"
"6491","14:42:42.928152","100","257377","172.26.191.172","5000","15.847512000","48","1","48192","15.904080000"
"6492","14:42:42.928154","100","257425","172.26.191.172","5000","15.847514000","48","1","48192","15.904082000"
"6493","14:42:42.928170","52","1","100.64.0.5","48192","15.847530000","0","255649","5000","15.904098000"
"6494","14:42:42.928183","100","257473","172.26.191.172","5000","15.847543000","48","1","48192","15.904111000"
"6495","14:42:42.928184","100","257521","172.26.191.172","5000","15.847544000","48","1","48192","15.904112000"
"6496","14:42:42.928191","100","257569","172.26.191.172","5000","15.847551000","48","1","48192","15.904119000"
"6497","14:42:42.928193","100","257617","172.26.191.172","5000","15.847553000","48","1","48192","15.904121000"
"6498","14:42:42.928198","100","257665","172.26.191.172","5000","15.847558000","48","1","48192","15.904126000"
"6499","14:42:42.928200","100","257713","172.26.191.172","5000","15.847560000","48","1","48192","15.904128000"
"6500","14:42:42.928207","52","1","100.64.0.5","48192","15.847567000","0","255745","5000","15.904135000"
"6501","14:42:42.928216","100","257761","172.26.191.172","5000","15.847576000","48","1","48192","15.904144000"
"6502","14:42:42.928217","100","257809","172.26.191.172","5000","15.847577000","48","1","48192","15.904145000"
"6503","14:42:42.958158","52","1","100.64.0.5","48192","15.877518000","0","256033","5000","15.934086000"
"6504","14:42:42.958198","100","257857","172.26.191.172","5000","15.877558000","48","1","48192","15.934126000"
"6505","14:42:42.958207","100","257905","172.26.191.172","5000","15.877567000","48","1","48192","15.934135000"
"6506","14:42:42.958218","100","257953","172.26.191.172","5000","15.877578000","48","1","48192","15.934146000"
"6507","14:42:42.958220","100","258001","172.26.191.172","5000","15.877580000","48","1","48192","15.934148000"
"6508","14:42:42.958226","100","258049","172.26.191.172","5000","15.877586000","48","1","48192","15.934154000"
"6509","14:42:42.958227","100","258097","172.26.191.172","5000","15.877587000","48","1","48192","15.934155000"
"6510","14:42:42.958238","52","1","100.64.0.5","48192","15.877598000","0","256321","5000","15.934166000"
"6511","14:42:42.958250","100","258145","172.26.191.172","5000","15.877610000","48","1","48192","15.934178000"
"6512","14:42:42.958252","100","258193","172.26.191.172","5000","15.877612000","48","1","48192","15.934180000"
"6513","14:42:42.958260","100","258241","172.26.191.172","5000","15.877620000","48","1","48192","15.934188000"
"6514","14:42:42.958261","100","258289","172.26.191.172","5000","15.877621000","48","1","48192","15.934189000"
"6515","14:42:42.958267","100","258337","172.26.191.172","5000","15.877627000","48","1","48192","15.934195000"
"6516","14:42:42.958268","100","258385","172.26.191.172","5000","15.877628000","48","1","48192","15.934196000"
"6517","14:42:42.958274","52","1","100.64.0.5","48192","15.877634000","0","256417","5000","15.934202000"
"6518","14:42:42.958282","100","258433","172.26.191.172","5000","15.877642000","48","1","48192","15.934210000"
"6519","14:42:42.958284","100","258481","172.26.191.172","5000","15.877644000","48","1","48192","15.934212000"
"6520","14:42:42.988645","52","1","100.64.0.5","48192","15.908005000","0","256705","5000","15.964573000"
"6521","14:42:42.988685","100","258529","172.26.191.172","5000","15.908045000","48","1","48192","15.964613000"
"6522","14:42:42.988694","100","258577","172.26.191.172","5000","15.908054000","48","1","48192","15.964622000"
"6523","14:42:42.988705","100","258625","172.26.191.172","5000","15.908065000","48","1","48192","15.964633000"
"6524","14:42:42.988707","100","258673","172.26.191.172","5000","15.908067000","48","1","48192","15.964635000"
"6525","14:42:42.988713","100","258721","172.26.191.172","5000","15.908073000","48","1","48192","15.964641000"
"6526","14:42:42.988715","100","258769","172.26.191.172","5000","15.908075000","48","1","48192","15.964643000"
"6527","14:42:42.988726","52","1","100.64.0.5","48192","15.908086000","0","256993","5000","15.964654000"
"6528","14:42:42.988737","100","258817","172.26.191.172","5000","15.908097000","48","1","48192","15.964665000"
"6529","14:42:42.988739","100","258865","172.26.191.172","5000","15.908099000","48","1","48192","15.964667000"
"6530","14:42:42.988746","100","258913","172.26.191.172","5000","15.908106000","48","1","48192","15.964674000"
"6531","14:42:42.988747","100","258961","172.26.191.172","5000","15.908107000","48","1","48192","15.964675000"
"6532","14:42:42.988755","100","259009","172.26.191.172","5000","15.908115000","48","1","48192","15.964683000"
"6533","14:42:42.988756","100","259057","172.26.191.172","5000","15.908116000","48","1","48192","15.964684000"
"6534","14:42:42.988762","52","1","100.64.0.5","48192","15.908122000","0","257137","5000","15.964690000"
"6535","14:42:42.988774","100","259105","172.26.191.172","5000","15.908134000","48","1","48192","15.964702000"
"6536","14:42:42.988775","100","259153","172.26.191.172","5000","15.908135000","48","1","48192","15.964703000"
"6537","14:42:42.988781","100","259201","172.26.191.172","5000","15.908141000","48","1","48192","15.964709000"
"6538","14:42:42.988782","100","259249","172.26.191.172","5000","15.908142000","48","1","48192","15.964710000"
"6539","14:42:43.019637","52","1","100.64.0.5","48192","15.938997000","0","257473","5000","15.995565000"
"6540","14:42:43.019678","100","259297","172.26.191.172","5000","15.939038000","48","1","48192","15.995606000"
"6541","14:42:43.019687","100","259345","172.26.191.172","5000","15.939047000","48","1","48192","15.995615000"
"6542","14:42:43.019698","100","259393","172.26.191.172","5000","15.939058000","48","1","48192","15.995626000"
"6543","14:42:43.019699","100","259441","172.26.191.172","5000","15.939059000","48","1","48192","15.995627000"
"6544","14:42:43.019707","100","259489","172.26.191.172","5000","15.939067000","48","1","48192","15.995635000"
"6545","14:42:43.019709","100","259537","172.26.191.172","5000","15.939069000","48","1","48192","15.995637000"
"6546","14:42:43.019720","52","1","100.64.0.5","48192","15.939080000","0","257761","5000","15.995648000"
"6547","14:42:43.019731","100","259585","172.26.191.172","5000","15.939091000","48","1","48192","15.995659000"
"6548","14:42:43.019733","100","259633","172.26.191.172","5000","15.939093000","48","1","48192","15.995661000"
"6549","14:42:43.019740","100","259681","172.26.191.172","5000","15.939100000","48","1","48192","15.995668000"
"6550","14:42:43.019741","100","259729","172.26.191.172","5000","15.939101000","48","1","48192","15.995669000"
"6551","14:42:43.019747","100","259777","172.26.191.172","5000","15.939107000","48","1","48192","15.995675000"
"6552","14:42:43.019748","100","259825","172.26.191.172","5000","15.939108000","48","1","48192","15.995676000"
"6553","14:42:43.019755","52","1","100.64.0.5","48192","15.939115000","0","257809","5000","15.995683000"
"6554","14:42:43.019763","100","259873","172.26.191.172","5000","15.939123000","48","1","48192","15.995691000"
"6555","14:42:43.019764","100","259921","172.26.191.172","5000","15.939124000","48","1","48192","15.995692000"
"6556","14:42:43.049077","52","1","100.64.0.5","48192","15.968437000","0","258145","5000","16.025005000"
"6557","14:42:43.049117","100","259969","172.26.191.172","5000","15.968477000","48","1","48192","16.025045000"
"6558","14:42:43.049126","100","260017","172.26.191.172","5000","15.968486000","48","1","48192","16.025054000"
"6559","14:42:43.049137","100","260065","172.26.191.172","5000","15.968497000","48","1","48192","16.025065000"
"6560","14:42:43.049138","100","260113","172.26.191.172","5000","15.968498000","48","1","48192","16.025066000"
"6561","14:42:43.049145","100","260161","172.26.191.172","5000","15.968505000","48","1","48192","16.025073000"
"6562","14:42:43.049146","100","260209","172.26.191.172","5000","15.968506000","48","1","48192","16.025074000"
"6563","14:42:43.049152","100","260257","172.26.191.172","5000","15.968512000","48","1","48192","16.025080000"
"6564","14:42:43.049154","100","260305","172.26.191.172","5000","15.968514000","48","1","48192","16.025082000"
"6565","14:42:43.049165","52","1","100.64.0.5","48192","15.968525000","0","258433","5000","16.025093000"
"6566","14:42:43.049176","100","260353","172.26.191.172","5000","15.968536000","48","1","48192","16.025104000"
"6567","14:42:43.049178","100","260401","172.26.191.172","5000","15.968538000","48","1","48192","16.025106000"
"6568","14:42:43.049187","100","260449","172.26.191.172","5000","15.968547000","48","1","48192","16.025115000"
"6569","14:42:43.049188","100","260497","172.26.191.172","5000","15.968548000","48","1","48192","16.025116000"
"6570","14:42:43.049194","100","260545","172.26.191.172","5000","15.968554000","48","1","48192","16.025122000"
"6571","14:42:43.049195","100","260593","172.26.191.172","5000","15.968555000","48","1","48192","16.025123000"
"6572","14:42:43.049202","52","1","100.64.0.5","48192","15.968562000","0","258529","5000","16.025130000"
"6573","14:42:43.049210","100","260641","172.26.191.172","5000","15.968570000","48","1","48192","16.025138000"
"6574","14:42:43.049211","100","260689","172.26.191.172","5000","15.968571000","48","1","48192","16.025139000"
"6575","14:42:43.079931","52","1","100.64.0.5","48192","15.999291000","0","258817","5000","16.055859000"
"6576","14:42:43.079970","100","260737","172.26.191.172","5000","15.999330000","48","1","48192","16.055898000"
"6577","14:42:43.079979","100","260785","172.26.191.172","5000","15.999339000","48","1","48192","16.055907000"
"6578","14:42:43.079991","100","260833","172.26.191.172","5000","15.999351000","48","1","48192","16.055919000"
"6579","14:42:43.079992","100","260881","172.26.191.172","5000","15.999352000","48","1","48192","16.055920000"
"6580","14:42:43.079998","100","260929","172.26.191.172","5000","15.999358000","48","1","48192","16.055926000"
"6581","14:42:43.080000","100","260977","172.26.191.172","5000","15.999360000","48","1","48192","16.055928000"
"6582","14:42:43.080011","52","1","100.64.0.5","48192","15.999371000","0","259105","5000","16.055939000"
"6583","14:42:43.080022","100","261025","172.26.191.172","5000","15.999382000","48","1","48192","16.055950000"
"6584","14:42:43.080024","100","261073","172.26.191.172","5000","15.999384000","48","1","48192","16.055952000"
"6585","14:42:43.080031","100","261121","172.26.191.172","5000","15.999391000","48","1","48192","16.055959000"
"6586","14:42:43.080032","100","261169","172.26.191.172","5000","15.999392000","48","1","48192","16.055960000"
"6587","14:42:43.080039","100","261217","172.26.191.172","5000","15.999399000","48","1","48192","16.055967000"
"6588","14:42:43.080040","100","261265","172.26.191.172","5000","15.999400000","48","1","48192","16.055968000"
"6589","14:42:43.080046","52","1","100.64.0.5","48192","15.999406000","0","259201","5000","16.055974000"
"6590","14:42:43.080055","100","261313","172.26.191.172","5000","15.999415000","48","1","48192","16.055983000"
"6591","14:42:43.080056","100","261361","172.26.191.172","5000","15.999416000","48","1","48192","16.055984000"
"6592","14:42:43.109816","52","1","100.64.0.5","48192","16.029176000","0","259489","5000","16.085744000"
"6593","14:42:43.109856","100","261409","172.26.191.172","5000","16.029216000","48","1","48192","16.085784000"
"6594","14:42:43.109865","100","261457","172.26.191.172","5000","16.029225000","48","1","48192","16.085793000"
"6595","14:42:43.109876","100","261505","172.26.191.172","5000","16.029236000","48","1","48192","16.085804000"
"6596","14:42:43.109878","100","261553","172.26.191.172","5000","16.029238000","48","1","48192","16.085806000"
"6597","14:42:43.109886","100","261601","172.26.191.172","5000","16.029246000","48","1","48192","16.085814000"
"6598","14:42:43.109887","100","261649","172.26.191.172","5000","16.029247000","48","1","48192","16.085815000"
"6599","14:42:43.109898","52","1","100.64.0.5","48192","16.029258000","0","259777","5000","16.085826000"
"6600","14:42:43.109910","100","261697","172.26.191.172","5000","16.029270000","48","1","48192","16.085838000"
"6601","14:42:43.109912","100","261745","172.26.191.172","5000","16.029272000","48","1","48192","16.085840000"
"6602","14:42:43.109919","100","261793","172.26.191.172","5000","16.029279000","48","1","48192","16.085847000"
"6603","14:42:43.109920","100","261841","172.26.191.172","5000","16.029280000","48","1","48192","16.085848000"
"6604","14:42:43.109926","100","261889","172.26.191.172","5000","16.029286000","48","1","48192","16.085854000"
"6605","14:42:43.109928","100","261937","172.26.191.172","5000","16.029288000","48","1","48192","16.085856000"
"6606","14:42:43.109934","52","1","100.64.0.5","48192","16.029294000","0","259873","5000","16.085862000"
"6607","14:42:43.109942","100","261985","172.26.191.172","5000","16.029302000","48","1","48192","16.085870000"
"6608","14:42:43.109944","100","262033","172.26.191.172","5000","16.029304000","48","1","48192","16.085872000"
"6609","14:42:43.139745","52","1","100.64.0.5","48192","16.059105000","0","260161","5000","16.115673000"
"6610","14:42:43.139787","100","262081","172.26.191.172","5000","16.059147000","48","1","48192","16.115715000"
"6611","14:42:43.139795","100","262129","172.26.191.172","5000","16.059155000","48","1","48192","16.115723000"
"6612","14:42:43.139808","100","262177","172.26.191.172","5000","16.059168000","48","1","48192","16.115736000"
"6613","14:42:43.139810","100","262225","172.26.191.172","5000","16.059170000","48","1","48192","16.115738000"
"6614","14:42:43.139816","100","262273","172.26.191.172","5000","16.059176000","48","1","48192","16.115744000"
"6615","14:42:43.139817","100","262321","172.26.191.172","5000","16.059177000","48","1","48192","16.115745000"
"6616","14:42:43.139829","52","1","100.64.0.5","48192","16.059189000","0","260449","5000","16.115757000"
"6617","14:42:43.139839","100","262369","172.26.191.172","5000","16.059199000","48","1","48192","16.115767000"
"6618","14:42:43.139841","100","262417","172.26.191.172","5000","16.059201000","48","1","48192","16.115769000"
"6619","14:42:43.139848","100","262465","172.26.191.172","5000","16.059208000","48","1","48192","16.115776000"
"6620","14:42:43.139849","100","262513","172.26.191.172","5000","16.059209000","48","1","48192","16.115777000"
"6621","14:42:43.139855","100","262561","172.26.191.172","5000","16.059215000","48","1","48192","16.115783000"
"6622","14:42:43.139856","100","262609","172.26.191.172","5000","16.059216000","48","1","48192","16.115784000"
"6623","14:42:43.139862","52","1","100.64.0.5","48192","16.059222000","0","260593","5000","16.115790000"
"6624","14:42:43.139873","100","262657","172.26.191.172","5000","16.059233000","48","1","48192","16.115801000"
"6625","14:42:43.139874","100","262705","172.26.191.172","5000","16.059234000","48","1","48192","16.115802000"
"6626","14:42:43.139881","100","262753","172.26.191.172","5000","16.059241000","48","1","48192","16.115809000"
"6627","14:42:43.139882","100","262801","172.26.191.172","5000","16.059242000","48","1","48192","16.115810000"
"6628","14:42:43.171635","52","1","100.64.0.5","48192","16.090995000","0","260929","5000","16.147563000"
"6629","14:42:43.171677","100","262849","172.26.191.172","5000","16.091037000","48","1","48192","16.147605000"
"6630","14:42:43.171686","100","262897","172.26.191.172","5000","16.091046000","48","1","48192","16.147614000"
"6631","14:42:43.171697","100","262945","172.26.191.172","5000","16.091057000","48","1","48192","16.147625000"
"6632","14:42:43.171698","100","262993","172.26.191.172","5000","16.091058000","48","1","48192","16.147626000"
"6633","14:42:43.171705","100","263041","172.26.191.172","5000","16.091065000","48","1","48192","16.147633000"
"6634","14:42:43.171706","100","263089","172.26.191.172","5000","16.091066000","48","1","48192","16.147634000"
"6635","14:42:43.171718","52","1","100.64.0.5","48192","16.091078000","0","261217","5000","16.147646000"
"6636","14:42:43.171729","100","263137","172.26.191.172","5000","16.091089000","48","1","48192","16.147657000"
"6637","14:42:43.171730","100","263185","172.26.191.172","5000","16.091090000","48","1","48192","16.147658000"
"6638","14:42:43.171738","100","263233","172.26.191.172","5000","16.091098000","48","1","48192","16.147666000"
"6639","14:42:43.171740","100","263281","172.26.191.172","5000","16.091100000","48","1","48192","16.147668000"
"6640","14:42:43.171746","100","263329","172.26.191.172","5000","16.091106000","48","1","48192","16.147674000"
"6641","14:42:43.171747","100","263377","172.26.191.172","5000","16.091107000","48","1","48192","16.147675000"
"6642","14:42:43.171753","52","1","100.64.0.5","48192","16.091113000","0","261265","5000","16.147681000"
"6643","14:42:43.171762","100","263425","172.26.191.172","5000","16.091122000","48","1","48192","16.147690000"
"6644","14:42:43.171763","100","263473","172.26.191.172","5000","16.091123000","48","1","48192","16.147691000"
"6645","14:42:43.200754","52","1","100.64.0.5","48192","16.120114000","0","261553","5000","16.176682000"
"6646","14:42:43.200795","100","263521","172.26.191.172","5000","16.120155000","48","1","48192","16.176723000"
"6647","14:42:43.200805","100","263569","172.26.191.172","5000","16.120165000","48","1","48192","16.176733000"
"6648","14:42:43.200815","100","263617","172.26.191.172","5000","16.120175000","48","1","48192","16.176743000"
"6649","14:42:43.200817","100","263665","172.26.191.172","5000","16.120177000","48","1","48192","16.176745000"
"6650","14:42:43.200825","100","263713","172.26.191.172","5000","16.120185000","48","1","48192","16.176753000"
"6651","14:42:43.200826","100","263761","172.26.191.172","5000","16.120186000","48","1","48192","16.176754000"
"6652","14:42:43.200838","52","1","100.64.0.5","48192","16.120198000","0","261793","5000","16.176766000"
"6653","14:42:43.200850","100","263809","172.26.191.172","5000","16.120210000","48","1","48192","16.176778000"
"6654","14:42:43.200851","100","263857","172.26.191.172","5000","16.120211000","48","1","48192","16.176779000"
"6655","14:42:43.200859","100","263905","172.26.191.172","5000","16.120219000","48","1","48192","16.176787000"
"6656","14:42:43.200860","100","263953","172.26.191.172","5000","16.120220000","48","1","48192","16.176788000"
"6657","14:42:43.200867","52","1","100.64.0.5","48192","16.120227000","0","261985","5000","16.176795000"
"6658","14:42:43.200877","100","264001","172.26.191.172","5000","16.120237000","48","1","48192","16.176805000"
"6659","14:42:43.200878","100","264049","172.26.191.172","5000","16.120238000","48","1","48192","16.176806000"
"6660","14:42:43.200885","100","264097","172.26.191.172","5000","16.120245000","48","1","48192","16.176813000"
"6661","14:42:43.200886","100","264145","172.26.191.172","5000","16.120246000","48","1","48192","16.176814000"
"6662","14:42:43.231126","64","1","100.64.0.5","48192","16.150486000","0","262225","5000","16.207054000"
"6663","14:42:43.231175","100","264193","172.26.191.172","5000","16.150535000","48","1","48192","16.207103000"
"6664","14:42:43.231184","100","264241","172.26.191.172","5000","16.150544000","48","1","48192","16.207112000"
"6665","14:42:43.231194","100","264289","172.26.191.172","5000","16.150554000","48","1","48192","16.207122000"
"6666","14:42:43.231196","100","264337","172.26.191.172","5000","16.150556000","48","1","48192","16.207124000"
"6667","14:42:43.231202","100","264385","172.26.191.172","5000","16.150562000","48","1","48192","16.207130000"
"6668","14:42:43.231203","100","264433","172.26.191.172","5000","16.150563000","48","1","48192","16.207131000"
"6669","14:42:43.256592","100","262225","172.26.191.172","5000","16.175952000","48","1","48192","16.232520000"
"6670","14:42:43.260931","64","1","100.64.0.5","48192","16.180291000","0","262225","5000","16.236859000"
"6671","14:42:43.260969","100","262273","172.26.191.172","5000","16.180329000","48","1","48192","16.236897000"
"6672","14:42:43.260991","64","1","100.64.0.5","48192","16.180351000","0","262225","5000","16.236919000"
"6673","14:42:43.260999","100","262321","172.26.191.172","5000","16.180359000","48","1","48192","16.236927000"
"6674","14:42:43.261006","64","1","100.64.0.5","48192","16.180366000","0","262225","5000","16.236934000"
"6675","14:42:43.291848","64","1","100.64.0.5","48192","16.211208000","0","262225","5000","16.267776000"
"6676","14:42:43.291897","100","262369","172.26.191.172","5000","16.211257000","48","1","48192","16.267825000"
"6677","14:42:43.291907","100","262417","172.26.191.172","5000","16.211267000","48","1","48192","16.267835000"
"6678","14:42:43.291915","100","262465","172.26.191.172","5000","16.211275000","48","1","48192","16.267843000"
"6679","14:42:43.291917","100","262513","172.26.191.172","5000","16.211277000","48","1","48192","16.267845000"
"6680","14:42:43.291922","100","262561","172.26.191.172","5000","16.211282000","48","1","48192","16.267850000"
"6681","14:42:43.291923","100","262609","172.26.191.172","5000","16.211283000","48","1","48192","16.267851000"
"6682","14:42:43.291929","100","262657","172.26.191.172","5000","16.211289000","48","1","48192","16.267857000"
"6683","14:42:43.291930","100","262705","172.26.191.172","5000","16.211290000","48","1","48192","16.267858000"
"6684","14:42:43.291934","100","262753","172.26.191.172","5000","16.211294000","48","1","48192","16.267862000"
"6685","14:42:43.291943","100","264481","172.26.191.172","5000","16.211303000","48","1","48192","16.267871000"
"6686","14:42:43.291944","100","264529","172.26.191.172","5000","16.211304000","48","1","48192","16.267872000"
"6687","14:42:43.291953","100","264577","172.26.191.172","5000","16.211313000","48","1","48192","16.267881000"
"6688","14:42:43.291955","100","264625","172.26.191.172","5000","16.211315000","48","1","48192","16.267883000"
"6689","14:42:43.291959","100","264673","172.26.191.172","5000","16.211319000","48","1","48192","16.267887000"
"6690","14:42:43.322386","64","1","100.64.0.5","48192","16.241746000","0","262273","5000","16.298314000"
"6691","14:42:43.322433","100","264721","172.26.191.172","5000","16.241793000","48","1","48192","16.298361000"
"6692","14:42:43.322442","100","264769","172.26.191.172","5000","16.241802000","48","1","48192","16.298370000"
"6693","14:42:43.322452","100","264817","172.26.191.172","5000","16.241812000","48","1","48192","16.298380000"
"6694","14:42:43.322454","100","264865","172.26.191.172","5000","16.241814000","48","1","48192","16.298382000"
"6695","14:42:43.322460","100","264913","172.26.191.172","5000","16.241820000","48","1","48192","16.298388000"
"6696","14:42:43.322462","100","264961","172.26.191.172","5000","16.241822000","48","1","48192","16.298390000"
"6697","14:42:43.322466","100","265009","172.26.191.172","5000","16.241826000","48","1","48192","16.298394000"
"6698","14:42:43.352315","64","1","100.64.0.5","48192","16.271675000","0","262369","5000","16.328243000"
"6699","14:42:43.352375","100","265057","172.26.191.172","5000","16.271735000","48","1","48192","16.328303000"
"6700","14:42:43.352385","100","265105","172.26.191.172","5000","16.271745000","48","1","48192","16.328313000"
"6701","14:42:43.383481","64","1","100.64.0.5","48192","16.302841000","0","262465","5000","16.359409000"
"6702","14:42:43.383539","100","265153","172.26.191.172","5000","16.302899000","48","1","48192","16.359467000"
"6703","14:42:43.383551","100","265201","172.26.191.172","5000","16.302911000","48","1","48192","16.359479000"
"6704","14:42:43.383573","64","1","100.64.0.5","48192","16.302933000","0","262561","5000","16.359501000"
"6705","14:42:43.383595","100","265249","172.26.191.172","5000","16.302955000","48","1","48192","16.359523000"
"6706","14:42:43.383597","100","265297","172.26.191.172","5000","16.302957000","48","1","48192","16.359525000"
"6707","14:42:43.383608","64","1","100.64.0.5","48192","16.302968000","0","262657","5000","16.359536000"
"6708","14:42:43.383626","100","265345","172.26.191.172","5000","16.302986000","48","1","48192","16.359554000"
"6709","14:42:43.383628","100","265393","172.26.191.172","5000","16.302988000","48","1","48192","16.359556000"
"6710","14:42:43.383639","64","1","100.64.0.5","48192","16.302999000","0","262753","5000","16.359567000"
"6711","14:42:43.383653","100","265441","172.26.191.172","5000","16.303013000","48","1","48192","16.359581000"
"6712","14:42:43.383655","100","265489","172.26.191.172","5000","16.303015000","48","1","48192","16.359583000"
"6713","14:42:43.383664","52","1","100.64.0.5","48192","16.303024000","0","264481","5000","16.359592000"
"6714","14:42:43.383681","52","1","100.64.0.5","48192","16.303041000","0","264721","5000","16.359609000"
"6715","14:42:43.383694","100","265537","172.26.191.172","5000","16.303054000","48","1","48192","16.359622000"
"6716","14:42:43.383696","100","265585","172.26.191.172","5000","16.303056000","48","1","48192","16.359624000"
"6717","14:42:43.383702","100","265633","172.26.191.172","5000","16.303062000","48","1","48192","16.359630000"
"6718","14:42:43.383704","100","265681","172.26.191.172","5000","16.303064000","48","1","48192","16.359632000"
"6719","14:42:43.383711","100","265729","172.26.191.172","5000","16.303071000","48","1","48192","16.359639000"
"6720","14:42:43.383712","100","265777","172.26.191.172","5000","16.303072000","48","1","48192","16.359640000"
"6721","14:42:43.413295","52","1","100.64.0.5","48192","16.332655000","0","265009","5000","16.389223000"
"6722","14:42:43.413333","100","265825","172.26.191.172","5000","16.332693000","48","1","48192","16.389261000"
"6723","14:42:43.413341","100","265873","172.26.191.172","5000","16.332701000","48","1","48192","16.389269000"
"6724","14:42:43.413352","100","265921","172.26.191.172","5000","16.332712000","48","1","48192","16.389280000"
"6725","14:42:43.413354","100","265969","172.26.191.172","5000","16.332714000","48","1","48192","16.389282000"
"6726","14:42:43.413360","100","266017","172.26.191.172","5000","16.332720000","48","1","48192","16.389288000"
"6727","14:42:43.413361","100","266065","172.26.191.172","5000","16.332721000","48","1","48192","16.389289000"
"6728","14:42:43.413372","52","1","100.64.0.5","48192","16.332732000","0","265057","5000","16.389300000"
"6729","14:42:43.442682","52","1","100.64.0.5","48192","16.362042000","0","265153","5000","16.418610000"
"6730","14:42:43.442720","100","266113","172.26.191.172","5000","16.362080000","48","1","48192","16.418648000"
"6731","14:42:43.442729","100","266161","172.26.191.172","5000","16.362089000","48","1","48192","16.418657000"
"6732","14:42:43.474396","52","1","100.64.0.5","48192","16.393756000","0","265441","5000","16.450324000"
"6733","14:42:43.474431","100","266209","172.26.191.172","5000","16.393791000","48","1","48192","16.450359000"
"6734","14:42:43.474440","100","266257","172.26.191.172","5000","16.393800000","48","1","48192","16.450368000"
"6735","14:42:43.474450","100","266305","172.26.191.172","5000","16.393810000","48","1","48192","16.450378000"
"6736","14:42:43.474452","100","266353","172.26.191.172","5000","16.393812000","48","1","48192","16.450380000"
"6737","14:42:43.474458","100","266401","172.26.191.172","5000","16.393818000","48","1","48192","16.450386000"
"6738","14:42:43.474459","100","266449","172.26.191.172","5000","16.393819000","48","1","48192","16.450387000"
"6739","14:42:43.474471","52","1","100.64.0.5","48192","16.393831000","0","265729","5000","16.450399000"
"6740","14:42:43.474481","100","266497","172.26.191.172","5000","16.393841000","48","1","48192","16.450409000"
"6741","14:42:43.474483","100","266545","172.26.191.172","5000","16.393843000","48","1","48192","16.450411000"
"6742","14:42:43.474491","100","266593","172.26.191.172","5000","16.393851000","48","1","48192","16.450419000"
"6743","14:42:43.474493","100","266641","172.26.191.172","5000","16.393853000","48","1","48192","16.450421000"
"6744","14:42:43.474499","100","266689","172.26.191.172","5000","16.393859000","48","1","48192","16.450427000"
"6745","14:42:43.474500","100","266737","172.26.191.172","5000","16.393860000","48","1","48192","16.450428000"
"6746","14:42:43.474505","100","266785","172.26.191.172","5000","16.393865000","48","1","48192","16.450433000"
"6747","14:42:43.474506","100","266833","172.26.191.172","5000","16.393866000","48","1","48192","16.450434000"
"6748","14:42:43.474513","52","1","100.64.0.5","48192","16.393873000","0","265825","5000","16.450441000"
"6749","14:42:43.474522","100","266881","172.26.191.172","5000","16.393882000","48","1","48192","16.450450000"
"6750","14:42:43.474523","100","266929","172.26.191.172","5000","16.393883000","48","1","48192","16.450451000"
"6751","14:42:43.504279","52","1","100.64.0.5","48192","16.423639000","0","266113","5000","16.480207000"
"6752","14:42:43.504318","100","266977","172.26.191.172","5000","16.423678000","48","1","48192","16.480246000"
"6753","14:42:43.504327","100","267025","172.26.191.172","5000","16.423687000","48","1","48192","16.480255000"
"6754","14:42:43.504354","100","267073","172.26.191.172","5000","16.423714000","48","1","48192","16.480282000"
"6755","14:42:43.504356","100","267121","172.26.191.172","5000","16.423716000","48","1","48192","16.480284000"
"6756","14:42:43.504362","100","267169","172.26.191.172","5000","16.423722000","48","1","48192","16.480290000"
"6757","14:42:43.504364","100","267217","172.26.191.172","5000","16.423724000","48","1","48192","16.480292000"
"6758","14:42:43.534425","52","1","100.64.0.5","48192","16.453785000","0","266209","5000","16.510353000"
"6759","14:42:43.534463","100","267265","172.26.191.172","5000","16.453823000","48","1","48192","16.510391000"
"6760","14:42:43.534472","100","267313","172.26.191.172","5000","16.453832000","48","1","48192","16.510400000"
"6761","14:42:43.563365","52","1","100.64.0.5","48192","16.482725000","0","266497","5000","16.539293000"
"6762","14:42:43.563405","100","267361","172.26.191.172","5000","16.482765000","48","1","48192","16.539333000"
"6763","14:42:43.563416","100","267409","172.26.191.172","5000","16.482776000","48","1","48192","16.539344000"
"6764","14:42:43.563426","100","267457","172.26.191.172","5000","16.482786000","48","1","48192","16.539354000"
"6765","14:42:43.563428","100","267505","172.26.191.172","5000","16.482788000","48","1","48192","16.539356000"
"6766","14:42:43.563434","100","267553","172.26.191.172","5000","16.482794000","48","1","48192","16.539362000"
"6767","14:42:43.563436","100","267601","172.26.191.172","5000","16.482796000","48","1","48192","16.539364000"
"6768","14:42:43.564544","52","1","100.64.0.5","48192","16.483904000","0","266785","5000","16.540472000"
"6769","14:42:43.564572","100","267649","172.26.191.172","5000","16.483932000","48","1","48192","16.540500000"
"6770","14:42:43.564580","100","267697","172.26.191.172","5000","16.483940000","48","1","48192","16.540508000"
"6771","14:42:43.564590","100","267745","172.26.191.172","5000","16.483950000","48","1","48192","16.540518000"
"6772","14:42:43.564591","100","267793","172.26.191.172","5000","16.483951000","48","1","48192","16.540519000"
"6773","14:42:43.564597","100","267841","172.26.191.172","5000","16.483957000","48","1","48192","16.540525000"
"6774","14:42:43.564598","100","267889","172.26.191.172","5000","16.483958000","48","1","48192","16.540526000"
"6775","14:42:43.564610","52","1","100.64.0.5","48192","16.483970000","0","266881","5000","16.540538000"
"6776","14:42:43.564621","100","267937","172.26.191.172","5000","16.483981000","48","1","48192","16.540549000"
"6777","14:42:43.564622","100","267985","172.26.191.172","5000","16.483982000","48","1","48192","16.540550000"
"6778","14:42:43.595096","52","1","100.64.0.5","48192","16.514456000","0","266929","5000","16.571024000"
"6779","14:42:43.595133","100","268033","172.26.191.172","5000","16.514493000","48","1","48192","16.571061000"
"6780","14:42:43.595142","100","268081","172.26.191.172","5000","16.514502000","48","1","48192","16.571070000"
"6781","14:42:43.595157","52","1","100.64.0.5","48192","16.514517000","0","267265","5000","16.571085000"
"6782","14:42:43.595172","100","268129","172.26.191.172","5000","16.514532000","48","1","48192","16.571100000"
"6783","14:42:43.595173","100","268177","172.26.191.172","5000","16.514533000","48","1","48192","16.571101000"
"6784","14:42:43.595180","100","268225","172.26.191.172","5000","16.514540000","48","1","48192","16.571108000"
"6785","14:42:43.595181","100","268273","172.26.191.172","5000","16.514541000","48","1","48192","16.571109000"
"6786","14:42:43.595187","100","268321","172.26.191.172","5000","16.514547000","48","1","48192","16.571115000"
"6787","14:42:43.595188","100","268369","172.26.191.172","5000","16.514548000","48","1","48192","16.571116000"
"6788","14:42:43.624995","52","1","100.64.0.5","48192","16.544355000","0","267361","5000","16.600923000"
"6789","14:42:43.625033","100","268417","172.26.191.172","5000","16.544393000","48","1","48192","16.600961000"
"6790","14:42:43.625042","100","268465","172.26.191.172","5000","16.544402000","48","1","48192","16.600970000"
"6791","14:42:43.655456","52","1","100.64.0.5","48192","16.574816000","0","267649","5000","16.631384000"
"6792","14:42:43.655497","100","268513","172.26.191.172","5000","16.574857000","48","1","48192","16.631425000"
"6793","14:42:43.655506","100","268561","172.26.191.172","5000","16.574866000","48","1","48192","16.631434000"
"6794","14:42:43.655517","100","268609","172.26.191.172","5000","16.574877000","48","1","48192","16.631445000"
"6795","14:42:43.655518","100","268657","172.26.191.172","5000","16.574878000","48","1","48192","16.631446000"
"6796","14:42:43.655524","100","268705","172.26.191.172","5000","16.574884000","48","1","48192","16.631452000"
"6797","14:42:43.655525","100","268753","172.26.191.172","5000","16.574885000","48","1","48192","16.631453000"
"6798","14:42:43.655537","52","1","100.64.0.5","48192","16.574897000","0","267937","5000","16.631465000"
"6799","14:42:43.655548","100","268801","172.26.191.172","5000","16.574908000","48","1","48192","16.631476000"
"6800","14:42:43.655549","100","268849","172.26.191.172","5000","16.574909000","48","1","48192","16.631477000"
"6801","14:42:43.655557","100","268897","172.26.191.172","5000","16.574917000","48","1","48192","16.631485000"
"6802","14:42:43.655558","100","268945","172.26.191.172","5000","16.574918000","48","1","48192","16.631486000"
"6803","14:42:43.655564","100","268993","172.26.191.172","5000","16.574924000","48","1","48192","16.631492000"
"6804","14:42:43.655565","100","269041","172.26.191.172","5000","16.574925000","48","1","48192","16.631493000"
"6805","14:42:43.655571","100","269089","172.26.191.172","5000","16.574931000","48","1","48192","16.631499000"
"6806","14:42:43.655572","100","269137","172.26.191.172","5000","16.574932000","48","1","48192","16.631500000"
"6807","14:42:43.655579","52","1","100.64.0.5","48192","16.574939000","0","268033","5000","16.631507000"
"6808","14:42:43.655587","100","269185","172.26.191.172","5000","16.574947000","48","1","48192","16.631515000"
"6809","14:42:43.655588","100","269233","172.26.191.172","5000","16.574948000","48","1","48192","16.631516000"
"6810","14:42:43.685503","52","1","100.64.0.5","48192","16.604863000","0","268321","5000","16.661431000"
"6811","14:42:43.685548","100","269281","172.26.191.172","5000","16.604908000","48","1","48192","16.661476000"
"6812","14:42:43.685558","100","269329","172.26.191.172","5000","16.604918000","48","1","48192","16.661486000"
"6813","14:42:43.685570","100","269377","172.26.191.172","5000","16.604930000","48","1","48192","16.661498000"
"6814","14:42:43.685572","100","269425","172.26.191.172","5000","16.604932000","48","1","48192","16.661500000"
"6815","14:42:43.685580","100","269473","172.26.191.172","5000","16.604940000","48","1","48192","16.661508000"
"6816","14:42:43.685582","100","269521","172.26.191.172","5000","16.604942000","48","1","48192","16.661510000"
"6817","14:42:43.685595","52","1","100.64.0.5","48192","16.604955000","0","268417","5000","16.661523000"
"6818","14:42:43.685605","100","269569","172.26.191.172","5000","16.604965000","48","1","48192","16.661533000"
"6819","14:42:43.685607","100","269617","172.26.191.172","5000","16.604967000","48","1","48192","16.661535000"
"6820","14:42:43.716259","52","1","100.64.0.5","48192","16.635619000","0","268513","5000","16.692187000"
"6821","14:42:43.716300","100","269665","172.26.191.172","5000","16.635660000","48","1","48192","16.692228000"
"6822","14:42:43.716316","100","269713","172.26.191.172","5000","16.635676000","48","1","48192","16.692244000"
"6823","14:42:43.746727","52","1","100.64.0.5","48192","16.666087000","0","268801","5000","16.722655000"
"6824","14:42:43.746774","100","269761","172.26.191.172","5000","16.666134000","48","1","48192","16.722702000"
"6825","14:42:43.746787","100","269809","172.26.191.172","5000","16.666147000","48","1","48192","16.722715000"
"6826","14:42:43.746800","100","269857","172.26.191.172","5000","16.666160000","48","1","48192","16.722728000"
"6827","14:42:43.746802","100","269905","172.26.191.172","5000","16.666162000","48","1","48192","16.722730000"
"6828","14:42:43.746808","100","269953","172.26.191.172","5000","16.666168000","48","1","48192","16.722736000"
"6829","14:42:43.746809","100","270001","172.26.191.172","5000","16.666169000","48","1","48192","16.722737000"
"6830","14:42:43.746824","52","1","100.64.0.5","48192","16.666184000","0","269089","5000","16.722752000"
"6831","14:42:43.746836","100","270049","172.26.191.172","5000","16.666196000","48","1","48192","16.722764000"
"6832","14:42:43.746838","100","270097","172.26.191.172","5000","16.666198000","48","1","48192","16.722766000"
"6833","14:42:43.746846","100","270145","172.26.191.172","5000","16.666206000","48","1","48192","16.722774000"
"6834","14:42:43.746847","100","270193","172.26.191.172","5000","16.666207000","48","1","48192","16.722775000"
"6835","14:42:43.746853","100","270241","172.26.191.172","5000","16.666213000","48","1","48192","16.722781000"
"6836","14:42:43.746855","100","270289","172.26.191.172","5000","16.666215000","48","1","48192","16.722783000"
"6837","14:42:43.746861","52","1","100.64.0.5","48192","16.666221000","0","269185","5000","16.722789000"
"6838","14:42:43.746870","100","270337","172.26.191.172","5000","16.666230000","48","1","48192","16.722798000"
"6839","14:42:43.746872","100","270385","172.26.191.172","5000","16.666232000","48","1","48192","16.722800000"
"6840","14:42:43.777275","52","1","100.64.0.5","48192","16.696635000","0","269473","5000","16.753203000"
"6841","14:42:43.777319","100","270433","172.26.191.172","5000","16.696679000","48","1","48192","16.753247000"
"6842","14:42:43.777329","100","270481","172.26.191.172","5000","16.696689000","48","1","48192","16.753257000"
"6843","14:42:43.777341","100","270529","172.26.191.172","5000","16.696701000","48","1","48192","16.753269000"
"6844","14:42:43.777343","100","270577","172.26.191.172","5000","16.696703000","48","1","48192","16.753271000"
"6845","14:42:43.777351","100","270625","172.26.191.172","5000","16.696711000","48","1","48192","16.753279000"
"6846","14:42:43.777352","100","270673","172.26.191.172","5000","16.696712000","48","1","48192","16.753280000"
"6847","14:42:43.777365","52","1","100.64.0.5","48192","16.696725000","0","269665","5000","16.753293000"
"6848","14:42:43.777378","100","270721","172.26.191.172","5000","16.696738000","48","1","48192","16.753306000"
"6849","14:42:43.777380","100","270769","172.26.191.172","5000","16.696740000","48","1","48192","16.753308000"
"6850","14:42:43.777387","100","270817","172.26.191.172","5000","16.696747000","48","1","48192","16.753315000"
"6851","14:42:43.777389","100","270865","172.26.191.172","5000","16.696749000","48","1","48192","16.753317000"
"6852","14:42:43.806813","52","1","100.64.0.5","48192","16.726173000","0","269761","5000","16.782741000"
"6853","14:42:43.806851","100","270913","172.26.191.172","5000","16.726211000","48","1","48192","16.782779000"
"6854","14:42:43.806860","100","270961","172.26.191.172","5000","16.726220000","48","1","48192","16.782788000"
"6855","14:42:43.837522","52","1","100.64.0.5","48192","16.756882000","0","270049","5000","16.813450000"
"6856","14:42:43.837561","100","271009","172.26.191.172","5000","16.756921000","48","1","48192","16.813489000"
"6857","14:42:43.837571","100","271057","172.26.191.172","5000","16.756931000","48","1","48192","16.813499000"
"6858","14:42:43.837582","100","271105","172.26.191.172","5000","16.756942000","48","1","48192","16.813510000"
"6859","14:42:43.837583","100","271153","172.26.191.172","5000","16.756943000","48","1","48192","16.813511000"
"6860","14:42:43.837589","100","271201","172.26.191.172","5000","16.756949000","48","1","48192","16.813517000"
"6861","14:42:43.837591","100","271249","172.26.191.172","5000","16.756951000","48","1","48192","16.813519000"
"6862","14:42:43.837602","52","1","100.64.0.5","48192","16.756962000","0","270337","5000","16.813530000"
"6863","14:42:43.837613","100","271297","172.26.191.172","5000","16.756973000","48","1","48192","16.813541000"
"6864","14:42:43.837614","100","271345","172.26.191.172","5000","16.756974000","48","1","48192","16.813542000"
"6865","14:42:43.837622","100","271393","172.26.191.172","5000","16.756982000","48","1","48192","16.813550000"
"6866","14:42:43.837623","100","271441","172.26.191.172","5000","16.756983000","48","1","48192","16.813551000"
"6867","14:42:43.837629","100","271489","172.26.191.172","5000","16.756989000","48","1","48192","16.813557000"
"6868","14:42:43.837631","100","271537","172.26.191.172","5000","16.756991000","48","1","48192","16.813559000"
"6869","14:42:43.837637","52","1","100.64.0.5","48192","16.756997000","0","270433","5000","16.813565000"
"6870","14:42:43.837646","100","271585","172.26.191.172","5000","16.757006000","48","1","48192","16.813574000"
"6871","14:42:43.837647","100","271633","172.26.191.172","5000","16.757007000","48","1","48192","16.813575000"
"6872","14:42:43.837654","100","271681","172.26.191.172","5000","16.757014000","48","1","48192","16.813582000"
"6873","14:42:43.837655","100","271729","172.26.191.172","5000","16.757015000","48","1","48192","16.813583000"
"6874","14:42:43.868272","52","1","100.64.0.5","48192","16.787632000","0","270721","5000","16.844200000"
"6875","14:42:43.868315","100","271777","172.26.191.172","5000","16.787675000","48","1","48192","16.844243000"
"6876","14:42:43.868325","100","271825","172.26.191.172","5000","16.787685000","48","1","48192","16.844253000"
"6877","14:42:43.868354","100","271873","172.26.191.172","5000","16.787714000","48","1","48192","16.844282000"
"6878","14:42:43.868355","100","271921","172.26.191.172","5000","16.787715000","48","1","48192","16.844283000"
"6879","14:42:43.868362","100","271969","172.26.191.172","5000","16.787722000","48","1","48192","16.844290000"
"6880","14:42:43.868364","100","272017","172.26.191.172","5000","16.787724000","48","1","48192","16.844292000"
"6881","14:42:43.868394","52","1","100.64.0.5","48192","16.787754000","0","270913","5000","16.844322000"
"6882","14:42:43.868408","100","272065","172.26.191.172","5000","16.787768000","48","1","48192","16.844336000"
"6883","14:42:43.868409","100","272113","172.26.191.172","5000","16.787769000","48","1","48192","16.844337000"
"6884","14:42:43.868417","100","272161","172.26.191.172","5000","16.787777000","48","1","48192","16.844345000"
"6885","14:42:43.868418","100","272209","172.26.191.172","5000","16.787778000","48","1","48192","16.844346000"
"6886","14:42:43.897908","52","1","100.64.0.5","48192","16.817268000","0","271009","5000","16.873836000"
"6887","14:42:43.897949","100","272257","172.26.191.172","5000","16.817309000","48","1","48192","16.873877000"
"6888","14:42:43.897959","100","272305","172.26.191.172","5000","16.817319000","48","1","48192","16.873887000"
"6889","14:42:43.927898","52","1","100.64.0.5","48192","16.847258000","0","271297","5000","16.903826000"
"6890","14:42:43.927939","100","272353","172.26.191.172","5000","16.847299000","48","1","48192","16.903867000"
"6891","14:42:43.927947","100","272401","172.26.191.172","5000","16.847307000","48","1","48192","16.903875000"
"6892","14:42:43.927959","100","272449","172.26.191.172","5000","16.847319000","48","1","48192","16.903887000"
"6893","14:42:43.927961","100","272497","172.26.191.172","5000","16.847321000","48","1","48192","16.903889000"
"6894","14:42:43.927967","100","272545","172.26.191.172","5000","16.847327000","48","1","48192","16.903895000"
"6895","14:42:43.927968","100","272593","172.26.191.172","5000","16.847328000","48","1","48192","16.903896000"
"6896","14:42:43.927979","52","1","100.64.0.5","48192","16.847339000","0","271585","5000","16.903907000"
"6897","14:42:43.927991","100","272641","172.26.191.172","5000","16.847351000","48","1","48192","16.903919000"
"6898","14:42:43.927993","100","272689","172.26.191.172","5000","16.847353000","48","1","48192","16.903921000"
"6899","14:42:43.928000","100","272737","172.26.191.172","5000","16.847360000","48","1","48192","16.903928000"
"6900","14:42:43.928001","100","272785","172.26.191.172","5000","16.847361000","48","1","48192","16.903929000"
"6901","14:42:43.928007","100","272833","172.26.191.172","5000","16.847367000","48","1","48192","16.903935000"
"6902","14:42:43.928008","100","272881","172.26.191.172","5000","16.847368000","48","1","48192","16.903936000"
"6903","14:42:43.928014","52","1","100.64.0.5","48192","16.847374000","0","271681","5000","16.903942000"
"6904","14:42:43.928022","100","272929","172.26.191.172","5000","16.847382000","48","1","48192","16.903950000"
"6905","14:42:43.928023","100","272977","172.26.191.172","5000","16.847383000","48","1","48192","16.903951000"
"6906","14:42:43.957270","52","1","100.64.0.5","48192","16.876630000","0","271969","5000","16.933198000"
"6907","14:42:43.957310","100","273025","172.26.191.172","5000","16.876670000","48","1","48192","16.933238000"
"6908","14:42:43.957319","100","273073","172.26.191.172","5000","16.876679000","48","1","48192","16.933247000"
"6909","14:42:43.957330","100","273121","172.26.191.172","5000","16.876690000","48","1","48192","16.933258000"
"6910","14:42:43.957332","100","273169","172.26.191.172","5000","16.876692000","48","1","48192","16.933260000"
"6911","14:42:43.957338","100","273217","172.26.191.172","5000","16.876698000","48","1","48192","16.933266000"
"6912","14:42:43.957340","100","273265","172.26.191.172","5000","16.876700000","48","1","48192","16.933268000"
"6913","14:42:43.958631","52","1","100.64.0.5","48192","16.877991000","0","272257","5000","16.934559000"
"6914","14:42:43.958670","100","273313","172.26.191.172","5000","16.878030000","48","1","48192","16.934598000"
"6915","14:42:43.958679","100","273361","172.26.191.172","5000","16.878039000","48","1","48192","16.934607000"
"6916","14:42:43.958692","100","273409","172.26.191.172","5000","16.878052000","48","1","48192","16.934620000"
"6917","14:42:43.958693","100","273457","172.26.191.172","5000","16.878053000","48","1","48192","16.934621000"
"6918","14:42:43.958699","100","273505","172.26.191.172","5000","16.878059000","48","1","48192","16.934627000"
"6919","14:42:43.958701","100","273553","172.26.191.172","5000","16.878061000","48","1","48192","16.934629000"
"6920","14:42:43.988741","52","1","100.64.0.5","48192","16.908101000","0","272353","5000","16.964669000"
"6921","14:42:43.988780","100","273601","172.26.191.172","5000","16.908140000","48","1","48192","16.964708000"
"6922","14:42:43.988789","100","273649","172.26.191.172","5000","16.908149000","48","1","48192","16.964717000"
"6923","14:42:44.018274","52","1","100.64.0.5","48192","16.937634000","0","272641","5000","16.994202000"
"6924","14:42:44.018316","100","273697","172.26.191.172","5000","16.937676000","48","1","48192","16.994244000"
"6925","14:42:44.018324","100","273745","172.26.191.172","5000","16.937684000","48","1","48192","16.994252000"
"6926","14:42:44.018336","100","273793","172.26.191.172","5000","16.937696000","48","1","48192","16.994264000"
"6927","14:42:44.018337","100","273841","172.26.191.172","5000","16.937697000","48","1","48192","16.994265000"
"6928","14:42:44.018345","100","273889","172.26.191.172","5000","16.937705000","48","1","48192","16.994273000"
"6929","14:42:44.018347","100","273937","172.26.191.172","5000","16.937707000","48","1","48192","16.994275000"
"6930","14:42:44.019638","52","1","100.64.0.5","48192","16.938998000","0","272929","5000","16.995566000"
"6931","14:42:44.019677","100","273985","172.26.191.172","5000","16.939037000","48","1","48192","16.995605000"
"6932","14:42:44.019686","100","274033","172.26.191.172","5000","16.939046000","48","1","48192","16.995614000"
"6933","14:42:44.019699","100","274081","172.26.191.172","5000","16.939059000","48","1","48192","16.995627000"
"6934","14:42:44.019700","100","274129","172.26.191.172","5000","16.939060000","48","1","48192","16.995628000"
"6935","14:42:44.019706","100","274177","172.26.191.172","5000","16.939066000","48","1","48192","16.995634000"
"6936","14:42:44.019708","100","274225","172.26.191.172","5000","16.939068000","48","1","48192","16.995636000"
"6937","14:42:44.019720","52","1","100.64.0.5","48192","16.939080000","0","273025","5000","16.995648000"
"6938","14:42:44.019730","100","274273","172.26.191.172","5000","16.939090000","48","1","48192","16.995658000"
"6939","14:42:44.019731","100","274321","172.26.191.172","5000","16.939091000","48","1","48192","16.995659000"
"6940","14:42:44.049478","52","1","100.64.0.5","48192","16.968838000","0","273073","5000","17.025406000"
"6941","14:42:44.049515","100","274369","172.26.191.172","5000","16.968875000","48","1","48192","17.025443000"
"6942","14:42:44.049524","100","274417","172.26.191.172","5000","16.968884000","48","1","48192","17.025452000"
"6943","14:42:44.049539","52","1","100.64.0.5","48192","16.968899000","0","273409","5000","17.025467000"
"6944","14:42:44.049556","100","274465","172.26.191.172","5000","16.968916000","48","1","48192","17.025484000"
"6945","14:42:44.049557","100","274513","172.26.191.172","5000","16.968917000","48","1","48192","17.025485000"
"6946","14:42:44.049565","100","274561","172.26.191.172","5000","16.968925000","48","1","48192","17.025493000"
"6947","14:42:44.049566","100","274609","172.26.191.172","5000","16.968926000","48","1","48192","17.025494000"
"6948","14:42:44.049573","100","274657","172.26.191.172","5000","16.968933000","48","1","48192","17.025501000"
"6949","14:42:44.049574","100","274705","172.26.191.172","5000","16.968934000","48","1","48192","17.025502000"
"6950","14:42:44.049581","100","274753","172.26.191.172","5000","16.968941000","48","1","48192","17.025509000"
"6951","14:42:44.049582","100","274801","172.26.191.172","5000","16.968942000","48","1","48192","17.025510000"
"6952","14:42:44.049589","52","1","100.64.0.5","48192","16.968949000","0","273601","5000","17.025517000"
"6953","14:42:44.049598","100","274849","172.26.191.172","5000","16.968958000","48","1","48192","17.025526000"
"6954","14:42:44.049599","100","274897","172.26.191.172","5000","16.968959000","48","1","48192","17.025527000"
"6955","14:42:44.049605","100","274945","172.26.191.172","5000","16.968965000","48","1","48192","17.025533000"
"6956","14:42:44.049607","100","274993","172.26.191.172","5000","16.968967000","48","1","48192","17.025535000"
"6957","14:42:44.080173","52","1","100.64.0.5","48192","16.999533000","0","273697","5000","17.056101000"
"6958","14:42:44.080210","100","275041","172.26.191.172","5000","16.999570000","48","1","48192","17.056138000"
"6959","14:42:44.080219","100","275089","172.26.191.172","5000","16.999579000","48","1","48192","17.056147000"
"6960","14:42:44.109683","52","1","100.64.0.5","48192","17.029043000","0","273985","5000","17.085611000"
"6961","14:42:44.109723","100","275137","172.26.191.172","5000","17.029083000","48","1","48192","17.085651000"
"6962","14:42:44.109737","100","275185","172.26.191.172","5000","17.029097000","48","1","48192","17.085665000"
"6963","14:42:44.109749","100","275233","172.26.191.172","5000","17.029109000","48","1","48192","17.085677000"
"6964","14:42:44.109750","100","275281","172.26.191.172","5000","17.029110000","48","1","48192","17.085678000"
"6965","14:42:44.109756","100","275329","172.26.191.172","5000","17.029116000","48","1","48192","17.085684000"
"6966","14:42:44.109757","100","275377","172.26.191.172","5000","17.029117000","48","1","48192","17.085685000"
"6967","14:42:44.109769","52","1","100.64.0.5","48192","17.029129000","0","274273","5000","17.085697000"
"6968","14:42:44.109781","100","275425","172.26.191.172","5000","17.029141000","48","1","48192","17.085709000"
"6969","14:42:44.109783","100","275473","172.26.191.172","5000","17.029143000","48","1","48192","17.085711000"
"6970","14:42:44.109790","100","275521","172.26.191.172","5000","17.029150000","48","1","48192","17.085718000"
"6971","14:42:44.109792","100","275569","172.26.191.172","5000","17.029152000","48","1","48192","17.085720000"
"6972","14:42:44.109797","100","275617","172.26.191.172","5000","17.029157000","48","1","48192","17.085725000"
"6973","14:42:44.109798","100","275665","172.26.191.172","5000","17.029158000","48","1","48192","17.085726000"
"6974","14:42:44.109804","52","1","100.64.0.5","48192","17.029164000","0","274369","5000","17.085732000"
"6975","14:42:44.109814","100","275713","172.26.191.172","5000","17.029174000","48","1","48192","17.085742000"
"6976","14:42:44.109815","100","275761","172.26.191.172","5000","17.029175000","48","1","48192","17.085743000"
"6977","14:42:44.140210","52","1","100.64.0.5","48192","17.059570000","0","274657","5000","17.116138000"
"6978","14:42:44.140251","100","275809","172.26.191.172","5000","17.059611000","48","1","48192","17.116179000"
"6979","14:42:44.140260","100","275857","172.26.191.172","5000","17.059620000","48","1","48192","17.116188000"
"6980","14:42:44.140271","100","275905","172.26.191.172","5000","17.059631000","48","1","48192","17.116199000"
"6981","14:42:44.140272","100","275953","172.26.191.172","5000","17.059632000","48","1","48192","17.116200000"
"6982","14:42:44.140278","100","276001","172.26.191.172","5000","17.059638000","48","1","48192","17.116206000"
"6983","14:42:44.140280","100","276049","172.26.191.172","5000","17.059640000","48","1","48192","17.116208000"
"6984","14:42:44.140292","52","1","100.64.0.5","48192","17.059652000","0","274945","5000","17.116220000"
"6985","14:42:44.140305","100","276097","172.26.191.172","5000","17.059665000","48","1","48192","17.116233000"
"6986","14:42:44.140307","100","276145","172.26.191.172","5000","17.059667000","48","1","48192","17.116235000"
"6987","14:42:44.140314","100","276193","172.26.191.172","5000","17.059674000","48","1","48192","17.116242000"
"6988","14:42:44.140315","100","276241","172.26.191.172","5000","17.059675000","48","1","48192","17.116243000"
"6989","14:42:44.140322","100","276289","172.26.191.172","5000","17.059682000","48","1","48192","17.116250000"
"6990","14:42:44.140323","100","276337","172.26.191.172","5000","17.059683000","48","1","48192","17.116251000"
"6991","14:42:44.140358","52","1","100.64.0.5","48192","17.059718000","0","275041","5000","17.116286000"
"6992","14:42:44.140369","100","276385","172.26.191.172","5000","17.059729000","48","1","48192","17.116297000"
"6993","14:42:44.140370","100","276433","172.26.191.172","5000","17.059730000","48","1","48192","17.116298000"
"6994","14:42:44.171059","52","1","100.64.0.5","48192","17.090419000","0","275137","5000","17.146987000"
"6995","14:42:44.171102","100","276481","172.26.191.172","5000","17.090462000","48","1","48192","17.147030000"
"6996","14:42:44.171113","100","276529","172.26.191.172","5000","17.090473000","48","1","48192","17.147041000"
"6997","14:42:44.200898","52","1","100.64.0.5","48192","17.120258000","0","275425","5000","17.176826000"
"6998","14:42:44.200939","100","276577","172.26.191.172","5000","17.120299000","48","1","48192","17.176867000"
"6999","14:42:44.200947","100","276625","172.26.191.172","5000","17.120307000","48","1","48192","17.176875000"
"7000","14:42:44.200960","100","276673","172.26.191.172","5000","17.120320000","48","1","48192","17.176888000"
"7001","14:42:44.200961","100","276721","172.26.191.172","5000","17.120321000","48","1","48192","17.176889000"
"7002","14:42:44.200967","100","276769","172.26.191.172","5000","17.120327000","48","1","48192","17.176895000"
"7003","14:42:44.200969","100","276817","172.26.191.172","5000","17.120329000","48","1","48192","17.176897000"
"7004","14:42:44.200980","52","1","100.64.0.5","48192","17.120340000","0","275713","5000","17.176908000"
"7005","14:42:44.200993","100","276865","172.26.191.172","5000","17.120353000","48","1","48192","17.176921000"
"7006","14:42:44.200994","100","276913","172.26.191.172","5000","17.120354000","48","1","48192","17.176922000"
"7007","14:42:44.201001","100","276961","172.26.191.172","5000","17.120361000","48","1","48192","17.176929000"
"7008","14:42:44.201003","100","277009","172.26.191.172","5000","17.120363000","48","1","48192","17.176931000"
"7009","14:42:44.201008","100","277057","172.26.191.172","5000","17.120368000","48","1","48192","17.176936000"
"7010","14:42:44.201009","100","277105","172.26.191.172","5000","17.120369000","48","1","48192","17.176937000"
"7011","14:42:44.201016","52","1","100.64.0.5","48192","17.120376000","0","275809","5000","17.176944000"
"7012","14:42:44.201024","100","277153","172.26.191.172","5000","17.120384000","48","1","48192","17.176952000"
"7013","14:42:44.201025","100","277201","172.26.191.172","5000","17.120385000","48","1","48192","17.176953000"
"7014","14:42:44.231255","52","1","100.64.0.5","48192","17.150615000","0","276097","5000","17.207183000"
"7015","14:42:44.231296","100","277249","172.26.191.172","5000","17.150656000","48","1","48192","17.207224000"
"7016","14:42:44.231306","100","277297","172.26.191.172","5000","17.150666000","48","1","48192","17.207234000"
"7017","14:42:44.231316","100","277345","172.26.191.172","5000","17.150676000","48","1","48192","17.207244000"
"7018","14:42:44.231317","100","277393","172.26.191.172","5000","17.150677000","48","1","48192","17.207245000"
"7019","14:42:44.231324","100","277441","172.26.191.172","5000","17.150684000","48","1","48192","17.207252000"
"7020","14:42:44.231325","100","277489","172.26.191.172","5000","17.150685000","48","1","48192","17.207253000"
"7021","14:42:44.231333","100","277537","172.26.191.172","5000","17.150693000","48","1","48192","17.207261000"
"7022","14:42:44.231335","100","277585","172.26.191.172","5000","17.150695000","48","1","48192","17.207263000"
"7023","14:42:44.231346","52","1","100.64.0.5","48192","17.150706000","0","276385","5000","17.207274000"
"7024","14:42:44.231357","100","277633","172.26.191.172","5000","17.150717000","48","1","48192","17.207285000"
"7025","14:42:44.231359","100","277681","172.26.191.172","5000","17.150719000","48","1","48192","17.207287000"
"7026","14:42:44.231365","100","277729","172.26.191.172","5000","17.150725000","48","1","48192","17.207293000"
"7027","14:42:44.231366","100","277777","172.26.191.172","5000","17.150726000","48","1","48192","17.207294000"
"7028","14:42:44.231371","100","277825","172.26.191.172","5000","17.150731000","48","1","48192","17.207299000"
"7029","14:42:44.231372","100","277873","172.26.191.172","5000","17.150732000","48","1","48192","17.207300000"
"7030","14:42:44.231379","52","1","100.64.0.5","48192","17.150739000","0","276481","5000","17.207307000"
"7031","14:42:44.231387","100","277921","172.26.191.172","5000","17.150747000","48","1","48192","17.207315000"
"7032","14:42:44.231388","100","277969","172.26.191.172","5000","17.150748000","48","1","48192","17.207316000"
"7033","14:42:44.260770","52","1","100.64.0.5","48192","17.180130000","0","276577","5000","17.236698000"
"7034","14:42:44.260808","100","278017","172.26.191.172","5000","17.180168000","48","1","48192","17.236736000"
"7035","14:42:44.260817","100","278065","172.26.191.172","5000","17.180177000","48","1","48192","17.236745000"
"7036","14:42:44.291739","52","1","100.64.0.5","48192","17.211099000","0","276865","5000","17.267667000"
"7037","14:42:44.291778","100","278113","172.26.191.172","5000","17.211138000","48","1","48192","17.267706000"
"7038","14:42:44.291788","100","278161","172.26.191.172","5000","17.211148000","48","1","48192","17.267716000"
"7039","14:42:44.291799","100","278209","172.26.191.172","5000","17.211159000","48","1","48192","17.267727000"
"7040","14:42:44.291801","100","278257","172.26.191.172","5000","17.211161000","48","1","48192","17.267729000"
"7041","14:42:44.291807","100","278305","172.26.191.172","5000","17.211167000","48","1","48192","17.267735000"
"7042","14:42:44.291808","100","278353","172.26.191.172","5000","17.211168000","48","1","48192","17.267736000"
"7043","14:42:44.291820","52","1","100.64.0.5","48192","17.211180000","0","277153","5000","17.267748000"
"7044","14:42:44.291831","100","278401","172.26.191.172","5000","17.211191000","48","1","48192","17.267759000"
"7045","14:42:44.291833","100","278449","172.26.191.172","5000","17.211193000","48","1","48192","17.267761000"
"7046","14:42:44.291840","100","278497","172.26.191.172","5000","17.211200000","48","1","48192","17.267768000"
"7047","14:42:44.291841","100","278545","172.26.191.172","5000","17.211201000","48","1","48192","17.267769000"
"7048","14:42:44.291849","100","278593","172.26.191.172","5000","17.211209000","48","1","48192","17.267777000"
"7049","14:42:44.291850","100","278641","172.26.191.172","5000","17.211210000","48","1","48192","17.267778000"
"7050","14:42:44.291856","52","1","100.64.0.5","48192","17.211216000","0","277249","5000","17.267784000"
"7051","14:42:44.291866","100","278689","172.26.191.172","5000","17.211226000","48","1","48192","17.267794000"
"7052","14:42:44.291867","100","278737","172.26.191.172","5000","17.211227000","48","1","48192","17.267795000"
"7053","14:42:44.322481","52","1","100.64.0.5","48192","17.241841000","0","277537","5000","17.298409000"
"7054","14:42:44.322525","100","278785","172.26.191.172","5000","17.241885000","48","1","48192","17.298453000"
"7055","14:42:44.322535","100","278833","172.26.191.172","5000","17.241895000","48","1","48192","17.298463000"
"7056","14:42:44.322546","100","278881","172.26.191.172","5000","17.241906000","48","1","48192","17.298474000"
"7057","14:42:44.322548","100","278929","172.26.191.172","5000","17.241908000","48","1","48192","17.298476000"
"7058","14:42:44.322555","100","278977","172.26.191.172","5000","17.241915000","48","1","48192","17.298483000"
"7059","14:42:44.322557","100","279025","172.26.191.172","5000","17.241917000","48","1","48192","17.298485000"
"7060","14:42:44.322570","52","1","100.64.0.5","48192","17.241930000","0","277825","5000","17.298498000"
"7061","14:42:44.322585","100","279073","172.26.191.172","5000","17.241945000","48","1","48192","17.298513000"
"7062","14:42:44.322587","100","279121","172.26.191.172","5000","17.241947000","48","1","48192","17.298515000"
"7063","14:42:44.322594","100","279169","172.26.191.172","5000","17.241954000","48","1","48192","17.298522000"
"7064","14:42:44.322596","100","279217","172.26.191.172","5000","17.241956000","48","1","48192","17.298524000"
"7065","14:42:44.322602","100","279265","172.26.191.172","5000","17.241962000","48","1","48192","17.298530000"
"7066","14:42:44.322603","100","279313","172.26.191.172","5000","17.241963000","48","1","48192","17.298531000"
"7067","14:42:44.322610","52","1","100.64.0.5","48192","17.241970000","0","277921","5000","17.298538000"
"7068","14:42:44.322619","100","279361","172.26.191.172","5000","17.241979000","48","1","48192","17.298547000"
"7069","14:42:44.322621","100","279409","172.26.191.172","5000","17.241981000","48","1","48192","17.298549000"
"7070","14:42:44.352082","52","1","100.64.0.5","48192","17.271442000","0","278113","5000","17.328010000"
"7071","14:42:44.352123","100","279457","172.26.191.172","5000","17.271483000","48","1","48192","17.328051000"
"7072","14:42:44.352132","100","279505","172.26.191.172","5000","17.271492000","48","1","48192","17.328060000"
"7073","14:42:44.352143","100","279553","172.26.191.172","5000","17.271503000","48","1","48192","17.328071000"
"7074","14:42:44.352145","100","279601","172.26.191.172","5000","17.271505000","48","1","48192","17.328073000"
"7075","14:42:44.383001","52","1","100.64.0.5","48192","17.302361000","0","278401","5000","17.358929000"
"7076","14:42:44.383042","100","279649","172.26.191.172","5000","17.302402000","48","1","48192","17.358970000"
"7077","14:42:44.383051","100","279697","172.26.191.172","5000","17.302411000","48","1","48192","17.358979000"
"7078","14:42:44.383062","100","279745","172.26.191.172","5000","17.302422000","48","1","48192","17.358990000"
"7079","14:42:44.383063","100","279793","172.26.191.172","5000","17.302423000","48","1","48192","17.358991000"
"7080","14:42:44.383069","100","279841","172.26.191.172","5000","17.302429000","48","1","48192","17.358997000"
"7081","14:42:44.383071","100","279889","172.26.191.172","5000","17.302431000","48","1","48192","17.358999000"
"7082","14:42:44.383083","52","1","100.64.0.5","48192","17.302443000","0","278497","5000","17.359011000"
"7083","14:42:44.383093","100","279937","172.26.191.172","5000","17.302453000","48","1","48192","17.359021000"
"7084","14:42:44.383095","100","279985","172.26.191.172","5000","17.302455000","48","1","48192","17.359023000"
"7085","14:42:44.383102","52","1","100.64.0.5","48192","17.302462000","0","278785","5000","17.359030000"
"7086","14:42:44.383114","100","280033","172.26.191.172","5000","17.302474000","48","1","48192","17.359042000"
"7087","14:42:44.383115","100","280081","172.26.191.172","5000","17.302475000","48","1","48192","17.359043000"
"7088","14:42:44.383121","100","280129","172.26.191.172","5000","17.302481000","48","1","48192","17.359049000"
"7089","14:42:44.383123","100","280177","172.26.191.172","5000","17.302483000","48","1","48192","17.359051000"
"7090","14:42:44.383128","100","280225","172.26.191.172","5000","17.302488000","48","1","48192","17.359056000"
"7091","14:42:44.383129","100","280273","172.26.191.172","5000","17.302489000","48","1","48192","17.359057000"
"7092","14:42:44.412663","52","1","100.64.0.5","48192","17.332023000","0","279073","5000","17.388591000"
"7093","14:42:44.412704","100","280321","172.26.191.172","5000","17.332064000","48","1","48192","17.388632000"
"7094","14:42:44.412712","100","280369","172.26.191.172","5000","17.332072000","48","1","48192","17.388640000"
"7095","14:42:44.412723","100","280417","172.26.191.172","5000","17.332083000","48","1","48192","17.388651000"
"7096","14:42:44.412725","100","280465","172.26.191.172","5000","17.332085000","48","1","48192","17.388653000"
"7097","14:42:44.412731","100","280513","172.26.191.172","5000","17.332091000","48","1","48192","17.388659000"
"7098","14:42:44.412732","100","280561","172.26.191.172","5000","17.332092000","48","1","48192","17.388660000"
"7099","14:42:44.412744","52","1","100.64.0.5","48192","17.332104000","0","279361","5000","17.388672000"
"7100","14:42:44.412757","100","280609","172.26.191.172","5000","17.332117000","48","1","48192","17.388685000"
"7101","14:42:44.412759","100","280657","172.26.191.172","5000","17.332119000","48","1","48192","17.388687000"
"7102","14:42:44.412766","100","280705","172.26.191.172","5000","17.332126000","48","1","48192","17.388694000"
"7103","14:42:44.412767","100","280753","172.26.191.172","5000","17.332127000","48","1","48192","17.388695000"
"7104","14:42:44.412773","100","280801","172.26.191.172","5000","17.332133000","48","1","48192","17.388701000"
"7105","14:42:44.412774","100","280849","172.26.191.172","5000","17.332134000","48","1","48192","17.388702000"
"7106","14:42:44.412780","100","280897","172.26.191.172","5000","17.332140000","48","1","48192","17.388708000"
"7107","14:42:44.412781","100","280945","172.26.191.172","5000","17.332141000","48","1","48192","17.388709000"
"7108","14:42:44.412787","52","1","100.64.0.5","48192","17.332147000","0","279457","5000","17.388715000"
"7109","14:42:44.412796","100","280993","172.26.191.172","5000","17.332156000","48","1","48192","17.388724000"
"7110","14:42:44.412797","100","281041","172.26.191.172","5000","17.332157000","48","1","48192","17.388725000"
"7111","14:42:44.442859","52","1","100.64.0.5","48192","17.362219000","0","279649","5000","17.418787000"
"7112","14:42:44.442899","100","281089","172.26.191.172","5000","17.362259000","48","1","48192","17.418827000"
"7113","14:42:44.442908","100","281137","172.26.191.172","5000","17.362268000","48","1","48192","17.418836000"
"7114","14:42:44.442919","100","281185","172.26.191.172","5000","17.362279000","48","1","48192","17.418847000"
"7115","14:42:44.442921","100","281233","172.26.191.172","5000","17.362281000","48","1","48192","17.418849000"
"7116","14:42:44.473938","52","1","100.64.0.5","48192","17.393298000","0","279937","5000","17.449866000"
"7117","14:42:44.473979","100","281281","172.26.191.172","5000","17.393339000","48","1","48192","17.449907000"
"7118","14:42:44.473988","100","281329","172.26.191.172","5000","17.393348000","48","1","48192","17.449916000"
"7119","14:42:44.473999","100","281377","172.26.191.172","5000","17.393359000","48","1","48192","17.449927000"
"7120","14:42:44.474000","100","281425","172.26.191.172","5000","17.393360000","48","1","48192","17.449928000"
"7121","14:42:44.474008","100","281473","172.26.191.172","5000","17.393368000","48","1","48192","17.449936000"
"7122","14:42:44.474009","100","281521","172.26.191.172","5000","17.393369000","48","1","48192","17.449937000"
"7123","14:42:44.474021","52","1","100.64.0.5","48192","17.393381000","0","280225","5000","17.449949000"
"7124","14:42:44.474033","100","281569","172.26.191.172","5000","17.393393000","48","1","48192","17.449961000"
"7125","14:42:44.474034","100","281617","172.26.191.172","5000","17.393394000","48","1","48192","17.449962000"
"7126","14:42:44.474042","100","281665","172.26.191.172","5000","17.393402000","48","1","48192","17.449970000"
"7127","14:42:44.474043","100","281713","172.26.191.172","5000","17.393403000","48","1","48192","17.449971000"
"7128","14:42:44.474049","100","281761","172.26.191.172","5000","17.393409000","48","1","48192","17.449977000"
"7129","14:42:44.474051","100","281809","172.26.191.172","5000","17.393411000","48","1","48192","17.449979000"
"7130","14:42:44.474057","52","1","100.64.0.5","48192","17.393417000","0","280321","5000","17.449985000"
"7131","14:42:44.474065","100","281857","172.26.191.172","5000","17.393425000","48","1","48192","17.449993000"
"7132","14:42:44.474067","100","281905","172.26.191.172","5000","17.393427000","48","1","48192","17.449995000"
"7133","14:42:44.504547","52","1","100.64.0.5","48192","17.423907000","0","280609","5000","17.480475000"
"7134","14:42:44.504586","100","281953","172.26.191.172","5000","17.423946000","48","1","48192","17.480514000"
"7135","14:42:44.504595","100","282001","172.26.191.172","5000","17.423955000","48","1","48192","17.480523000"
"7136","14:42:44.504605","100","282049","172.26.191.172","5000","17.423965000","48","1","48192","17.480533000"
"7137","14:42:44.504607","100","282097","172.26.191.172","5000","17.423967000","48","1","48192","17.480535000"
"7138","14:42:44.504614","100","282145","172.26.191.172","5000","17.423974000","48","1","48192","17.480542000"
"7139","14:42:44.504615","100","282193","172.26.191.172","5000","17.423975000","48","1","48192","17.480543000"
"7140","14:42:44.504627","52","1","100.64.0.5","48192","17.423987000","0","280897","5000","17.480555000"
"7141","14:42:44.504639","100","282241","172.26.191.172","5000","17.423999000","48","1","48192","17.480567000"
"7142","14:42:44.504641","100","282289","172.26.191.172","5000","17.424001000","48","1","48192","17.480569000"
"7143","14:42:44.504648","100","282337","172.26.191.172","5000","17.424008000","48","1","48192","17.480576000"
"7144","14:42:44.504649","100","282385","172.26.191.172","5000","17.424009000","48","1","48192","17.480577000"
"7145","14:42:44.504654","100","282433","172.26.191.172","5000","17.424014000","48","1","48192","17.480582000"
"7146","14:42:44.504655","100","282481","172.26.191.172","5000","17.424015000","48","1","48192","17.480583000"
"7147","14:42:44.504662","52","1","100.64.0.5","48192","17.424022000","0","280993","5000","17.480590000"
"7148","14:42:44.504671","100","282529","172.26.191.172","5000","17.424031000","48","1","48192","17.480599000"
"7149","14:42:44.504672","100","282577","172.26.191.172","5000","17.424032000","48","1","48192","17.480600000"
"7150","14:42:44.534021","52","1","100.64.0.5","48192","17.453381000","0","281281","5000","17.509949000"
"7151","14:42:44.534061","100","282625","172.26.191.172","5000","17.453421000","48","1","48192","17.509989000"
"7152","14:42:44.534070","100","282673","172.26.191.172","5000","17.453430000","48","1","48192","17.509998000"
"7153","14:42:44.534081","100","282721","172.26.191.172","5000","17.453441000","48","1","48192","17.510009000"
"7154","14:42:44.534082","100","282769","172.26.191.172","5000","17.453442000","48","1","48192","17.510010000"
"7155","14:42:44.534089","100","282817","172.26.191.172","5000","17.453449000","48","1","48192","17.510017000"
"7156","14:42:44.534090","100","282865","172.26.191.172","5000","17.453450000","48","1","48192","17.510018000"
"7157","14:42:44.563932","52","1","100.64.0.5","48192","17.483292000","0","281569","5000","17.539860000"
"7158","14:42:44.563974","100","282913","172.26.191.172","5000","17.483334000","48","1","48192","17.539902000"
"7159","14:42:44.563986","100","282961","172.26.191.172","5000","17.483346000","48","1","48192","17.539914000"
"7160","14:42:44.563999","100","283009","172.26.191.172","5000","17.483359000","48","1","48192","17.539927000"
"7161","14:42:44.564001","100","283057","172.26.191.172","5000","17.483361000","48","1","48192","17.539929000"
"7162","14:42:44.564008","100","283105","172.26.191.172","5000","17.483368000","48","1","48192","17.539936000"
"7163","14:42:44.564010","100","283153","172.26.191.172","5000","17.483370000","48","1","48192","17.539938000"
"7164","14:42:44.564024","52","1","100.64.0.5","48192","17.483384000","0","281761","5000","17.539952000"
"7165","14:42:44.564036","100","283201","172.26.191.172","5000","17.483396000","48","1","48192","17.539964000"
"7166","14:42:44.564037","100","283249","172.26.191.172","5000","17.483397000","48","1","48192","17.539965000"
"7167","14:42:44.564047","100","283297","172.26.191.172","5000","17.483407000","48","1","48192","17.539975000"
"7168","14:42:44.564048","100","283345","172.26.191.172","5000","17.483408000","48","1","48192","17.539976000"
"7169","14:42:44.564056","52","1","100.64.0.5","48192","17.483416000","0","281953","5000","17.539984000"
"7170","14:42:44.564068","100","283393","172.26.191.172","5000","17.483428000","48","1","48192","17.539996000"
"7171","14:42:44.564070","100","283441","172.26.191.172","5000","17.483430000","48","1","48192","17.539998000"
"7172","14:42:44.564078","100","283489","172.26.191.172","5000","17.483438000","48","1","48192","17.540006000"
"7173","14:42:44.564079","100","283537","172.26.191.172","5000","17.483439000","48","1","48192","17.540007000"
"7174","14:42:44.594932","52","1","100.64.0.5","48192","17.514292000","0","282241","5000","17.570860000"
"7175","14:42:44.594975","100","283585","172.26.191.172","5000","17.514335000","48","1","48192","17.570903000"
"7176","14:42:44.594985","100","283633","172.26.191.172","5000","17.514345000","48","1","48192","17.570913000"
"7177","14:42:44.594997","100","283681","172.26.191.172","5000","17.514357000","48","1","48192","17.570925000"
"7178","14:42:44.594999","100","283729","172.26.191.172","5000","17.514359000","48","1","48192","17.570927000"
"7179","14:42:44.595006","100","283777","172.26.191.172","5000","17.514366000","48","1","48192","17.570934000"
"7180","14:42:44.595007","100","283825","172.26.191.172","5000","17.514367000","48","1","48192","17.570935000"
"7181","14:42:44.595020","52","1","100.64.0.5","48192","17.514380000","0","282529","5000","17.570948000"
"7182","14:42:44.595033","100","283873","172.26.191.172","5000","17.514393000","48","1","48192","17.570961000"
"7183","14:42:44.595035","100","283921","172.26.191.172","5000","17.514395000","48","1","48192","17.570963000"
"7184","14:42:44.595042","100","283969","172.26.191.172","5000","17.514402000","48","1","48192","17.570970000"
"7185","14:42:44.595043","100","284017","172.26.191.172","5000","17.514403000","48","1","48192","17.570971000"
"7186","14:42:44.595051","100","284065","172.26.191.172","5000","17.514411000","48","1","48192","17.570979000"
"7187","14:42:44.595052","100","284113","172.26.191.172","5000","17.514412000","48","1","48192","17.570980000"
"7188","14:42:44.595059","100","284161","172.26.191.172","5000","17.514419000","48","1","48192","17.570987000"
"7189","14:42:44.595060","100","284209","172.26.191.172","5000","17.514420000","48","1","48192","17.570988000"
"7190","14:42:44.595068","52","1","100.64.0.5","48192","17.514428000","0","282625","5000","17.570996000"
"7191","14:42:44.595077","100","284257","172.26.191.172","5000","17.514437000","48","1","48192","17.571005000"
"7192","14:42:44.595078","100","284305","172.26.191.172","5000","17.514438000","48","1","48192","17.571006000"
"7193","14:42:44.625502","52","1","100.64.0.5","48192","17.544862000","0","282913","5000","17.601430000"
"7194","14:42:44.625542","100","284353","172.26.191.172","5000","17.544902000","48","1","48192","17.601470000"
"7195","14:42:44.625551","100","284401","172.26.191.172","5000","17.544911000","48","1","48192","17.601479000"
"7196","14:42:44.625563","100","284449","172.26.191.172","5000","17.544923000","48","1","48192","17.601491000"
"7197","14:42:44.625564","100","284497","172.26.191.172","5000","17.544924000","48","1","48192","17.601492000"
"7198","14:42:44.625570","100","284545","172.26.191.172","5000","17.544930000","48","1","48192","17.601498000"
"7199","14:42:44.625572","100","284593","172.26.191.172","5000","17.544932000","48","1","48192","17.601500000"
"7200","14:42:44.655298","52","1","100.64.0.5","48192","17.574658000","0","283201","5000","17.631226000"
"7201","14:42:44.655337","100","284641","172.26.191.172","5000","17.574697000","48","1","48192","17.631265000"
"7202","14:42:44.655348","100","284689","172.26.191.172","5000","17.574708000","48","1","48192","17.631276000"
"7203","14:42:44.655359","100","284737","172.26.191.172","5000","17.574719000","48","1","48192","17.631287000"
"7204","14:42:44.655361","100","284785","172.26.191.172","5000","17.574721000","48","1","48192","17.631289000"
"7205","14:42:44.655367","100","284833","172.26.191.172","5000","17.574727000","48","1","48192","17.631295000"
"7206","14:42:44.655369","100","284881","172.26.191.172","5000","17.574729000","48","1","48192","17.631297000"
"7207","14:42:44.655381","52","1","100.64.0.5","48192","17.574741000","0","283489","5000","17.631309000"
"7208","14:42:44.655393","100","284929","172.26.191.172","5000","17.574753000","48","1","48192","17.631321000"
"7209","14:42:44.655395","100","284977","172.26.191.172","5000","17.574755000","48","1","48192","17.631323000"
"7210","14:42:44.655402","100","285025","172.26.191.172","5000","17.574762000","48","1","48192","17.631330000"
"7211","14:42:44.655404","100","285073","172.26.191.172","5000","17.574764000","48","1","48192","17.631332000"
"7212","14:42:44.655409","100","285121","172.26.191.172","5000","17.574769000","48","1","48192","17.631337000"
"7213","14:42:44.655410","100","285169","172.26.191.172","5000","17.574770000","48","1","48192","17.631338000"
"7214","14:42:44.655417","52","1","100.64.0.5","48192","17.574777000","0","283585","5000","17.631345000"
"7215","14:42:44.655426","100","285217","172.26.191.172","5000","17.574786000","48","1","48192","17.631354000"
"7216","14:42:44.655428","100","285265","172.26.191.172","5000","17.574788000","48","1","48192","17.631356000"
"7217","14:42:44.686359","52","1","100.64.0.5","48192","17.605719000","0","283873","5000","17.662287000"
"7218","14:42:44.686398","100","285313","172.26.191.172","5000","17.605758000","48","1","48192","17.662326000"
"7219","14:42:44.686408","100","285361","172.26.191.172","5000","17.605768000","48","1","48192","17.662336000"
"7220","14:42:44.686419","100","285409","172.26.191.172","5000","17.605779000","48","1","48192","17.662347000"
"7221","14:42:44.686421","100","285457","172.26.191.172","5000","17.605781000","48","1","48192","17.662349000"
"7222","14:42:44.686428","100","285505","172.26.191.172","5000","17.605788000","48","1","48192","17.662356000"
"7223","14:42:44.686429","100","285553","172.26.191.172","5000","17.605789000","48","1","48192","17.662357000"
"7224","14:42:44.686441","52","1","100.64.0.5","48192","17.605801000","0","283921","5000","17.662369000"
"7225","14:42:44.686450","52","1","100.64.0.5","48192","17.605810000","0","284257","5000","17.662378000"
"7226","14:42:44.686461","100","285601","172.26.191.172","5000","17.605821000","48","1","48192","17.662389000"
"7227","14:42:44.686463","100","285649","172.26.191.172","5000","17.605823000","48","1","48192","17.662391000"
"7228","14:42:44.686471","100","285697","172.26.191.172","5000","17.605831000","48","1","48192","17.662399000"
"7229","14:42:44.686472","100","285745","172.26.191.172","5000","17.605832000","48","1","48192","17.662400000"
"7230","14:42:44.686478","100","285793","172.26.191.172","5000","17.605838000","48","1","48192","17.662406000"
"7231","14:42:44.686479","100","285841","172.26.191.172","5000","17.605839000","48","1","48192","17.662407000"
"7232","14:42:44.686485","100","285889","172.26.191.172","5000","17.605845000","48","1","48192","17.662413000"
"7233","14:42:44.686486","100","285937","172.26.191.172","5000","17.605846000","48","1","48192","17.662414000"
"7234","14:42:44.716448","52","1","100.64.0.5","48192","17.635808000","0","284545","5000","17.692376000"
"7235","14:42:44.716532","100","285985","172.26.191.172","5000","17.635892000","48","1","48192","17.692460000"
"7236","14:42:44.716547","100","286033","172.26.191.172","5000","17.635907000","48","1","48192","17.692475000"
"7237","14:42:44.716569","100","286081","172.26.191.172","5000","17.635929000","48","1","48192","17.692497000"
"7238","14:42:44.716571","100","286129","172.26.191.172","5000","17.635931000","48","1","48192","17.692499000"
"7239","14:42:44.716582","100","286177","172.26.191.172","5000","17.635942000","48","1","48192","17.692510000"
"7240","14:42:44.716584","100","286225","172.26.191.172","5000","17.635944000","48","1","48192","17.692512000"
"7241","14:42:44.716609","52","1","100.64.0.5","48192","17.635969000","0","284641","5000","17.692537000"
"7242","14:42:44.716628","100","286273","172.26.191.172","5000","17.635988000","48","1","48192","17.692556000"
"7243","14:42:44.716630","100","286321","172.26.191.172","5000","17.635990000","48","1","48192","17.692558000"
"7244","14:42:44.746216","52","1","100.64.0.5","48192","17.665576000","0","284929","5000","17.722144000"
"7245","14:42:44.746256","100","286369","172.26.191.172","5000","17.665616000","48","1","48192","17.722184000"
"7246","14:42:44.746267","100","286417","172.26.191.172","5000","17.665627000","48","1","48192","17.722195000"
"7247","14:42:44.746278","100","286465","172.26.191.172","5000","17.665638000","48","1","48192","17.722206000"
"7248","14:42:44.746280","100","286513","172.26.191.172","5000","17.665640000","48","1","48192","17.722208000"
"7249","14:42:44.746286","100","286561","172.26.191.172","5000","17.665646000","48","1","48192","17.722214000"
"7250","14:42:44.746287","100","286609","172.26.191.172","5000","17.665647000","48","1","48192","17.722215000"
"7251","14:42:44.746299","52","1","100.64.0.5","48192","17.665659000","0","285217","5000","17.722227000"
"7252","14:42:44.746311","100","286657","172.26.191.172","5000","17.665671000","48","1","48192","17.722239000"
"7253","14:42:44.746313","100","286705","172.26.191.172","5000","17.665673000","48","1","48192","17.722241000"
"7254","14:42:44.746320","100","286753","172.26.191.172","5000","17.665680000","48","1","48192","17.722248000"
"7255","14:42:44.746322","100","286801","172.26.191.172","5000","17.665682000","48","1","48192","17.722250000"
"7256","14:42:44.746328","100","286849","172.26.191.172","5000","17.665688000","48","1","48192","17.722256000"
"7257","14:42:44.746329","100","286897","172.26.191.172","5000","17.665689000","48","1","48192","17.722257000"
"7258","14:42:44.746336","52","1","100.64.0.5","48192","17.665696000","0","285313","5000","17.722264000"
"7259","14:42:44.746347","100","286945","172.26.191.172","5000","17.665707000","48","1","48192","17.722275000"
"7260","14:42:44.746348","100","286993","172.26.191.172","5000","17.665708000","48","1","48192","17.722276000"
"7261","14:42:44.777223","52","1","100.64.0.5","48192","17.696583000","0","285601","5000","17.753151000"
"7262","14:42:44.777263","100","287041","172.26.191.172","5000","17.696623000","48","1","48192","17.753191000"
"7263","14:42:44.777273","100","287089","172.26.191.172","5000","17.696633000","48","1","48192","17.753201000"
"7264","14:42:44.777284","100","287137","172.26.191.172","5000","17.696644000","48","1","48192","17.753212000"
"7265","14:42:44.777285","100","287185","172.26.191.172","5000","17.696645000","48","1","48192","17.753213000"
"7266","14:42:44.777291","100","287233","172.26.191.172","5000","17.696651000","48","1","48192","17.753219000"
"7267","14:42:44.777292","100","287281","172.26.191.172","5000","17.696652000","48","1","48192","17.753220000"
"7268","14:42:44.777304","52","1","100.64.0.5","48192","17.696664000","0","285697","5000","17.753232000"
"7269","14:42:44.777313","100","287329","172.26.191.172","5000","17.696673000","48","1","48192","17.753241000"
"7270","14:42:44.777314","100","287377","172.26.191.172","5000","17.696674000","48","1","48192","17.753242000"
"7271","14:42:44.777322","52","1","100.64.0.5","48192","17.696682000","0","285985","5000","17.753250000"
"7272","14:42:44.777333","100","287425","172.26.191.172","5000","17.696693000","48","1","48192","17.753261000"
"7273","14:42:44.777334","100","287473","172.26.191.172","5000","17.696694000","48","1","48192","17.753262000"
"7274","14:42:44.777341","100","287521","172.26.191.172","5000","17.696701000","48","1","48192","17.753269000"
"7275","14:42:44.777342","100","287569","172.26.191.172","5000","17.696702000","48","1","48192","17.753270000"
"7276","14:42:44.777349","100","287617","172.26.191.172","5000","17.696709000","48","1","48192","17.753277000"
"7277","14:42:44.777350","100","287665","172.26.191.172","5000","17.696710000","48","1","48192","17.753278000"
"7278","14:42:44.807090","52","1","100.64.0.5","48192","17.726450000","0","286273","5000","17.783018000"
"7279","14:42:44.807131","100","287713","172.26.191.172","5000","17.726491000","48","1","48192","17.783059000"
"7280","14:42:44.807139","100","287761","172.26.191.172","5000","17.726499000","48","1","48192","17.783067000"
"7281","14:42:44.807151","100","287809","172.26.191.172","5000","17.726511000","48","1","48192","17.783079000"
"7282","14:42:44.807152","100","287857","172.26.191.172","5000","17.726512000","48","1","48192","17.783080000"
"7283","14:42:44.807159","100","287905","172.26.191.172","5000","17.726519000","48","1","48192","17.783087000"
"7284","14:42:44.807160","100","287953","172.26.191.172","5000","17.726520000","48","1","48192","17.783088000"
"7285","14:42:44.807167","100","288001","172.26.191.172","5000","17.726527000","48","1","48192","17.783095000"
"7286","14:42:44.807169","100","288049","172.26.191.172","5000","17.726529000","48","1","48192","17.783097000"
"7287","14:42:44.807181","52","1","100.64.0.5","48192","17.726541000","0","286369","5000","17.783109000"
"7288","14:42:44.807190","100","288097","172.26.191.172","5000","17.726550000","48","1","48192","17.783118000"
"7289","14:42:44.807191","100","288145","172.26.191.172","5000","17.726551000","48","1","48192","17.783119000"
"7290","14:42:44.836721","52","1","100.64.0.5","48192","17.756081000","0","286657","5000","17.812649000"
"7291","14:42:44.836761","100","288193","172.26.191.172","5000","17.756121000","48","1","48192","17.812689000"
"7292","14:42:44.836770","100","288241","172.26.191.172","5000","17.756130000","48","1","48192","17.812698000"
"7293","14:42:44.836781","100","288289","172.26.191.172","5000","17.756141000","48","1","48192","17.812709000"
"7294","14:42:44.836783","100","288337","172.26.191.172","5000","17.756143000","48","1","48192","17.812711000"
"7295","14:42:44.836789","100","288385","172.26.191.172","5000","17.756149000","48","1","48192","17.812717000"
"7296","14:42:44.836790","100","288433","172.26.191.172","5000","17.756150000","48","1","48192","17.812718000"
"7297","14:42:44.836802","52","1","100.64.0.5","48192","17.756162000","0","286945","5000","17.812730000"
"7298","14:42:44.836813","100","288481","172.26.191.172","5000","17.756173000","48","1","48192","17.812741000"
"7299","14:42:44.836814","100","288529","172.26.191.172","5000","17.756174000","48","1","48192","17.812742000"
"7300","14:42:44.836821","100","288577","172.26.191.172","5000","17.756181000","48","1","48192","17.812749000"
"7301","14:42:44.836823","100","288625","172.26.191.172","5000","17.756183000","48","1","48192","17.812751000"
"7302","14:42:44.836830","100","288673","172.26.191.172","5000","17.756190000","48","1","48192","17.812758000"
"7303","14:42:44.836831","100","288721","172.26.191.172","5000","17.756191000","48","1","48192","17.812759000"
"7304","14:42:44.836837","52","1","100.64.0.5","48192","17.756197000","0","287041","5000","17.812765000"
"7305","14:42:44.836847","100","288769","172.26.191.172","5000","17.756207000","48","1","48192","17.812775000"
"7306","14:42:44.836848","100","288817","172.26.191.172","5000","17.756208000","48","1","48192","17.812776000"
"7307","14:42:44.868470","52","1","100.64.0.5","48192","17.787830000","0","287329","5000","17.844398000"
"7308","14:42:44.868510","100","288865","172.26.191.172","5000","17.787870000","48","1","48192","17.844438000"
"7309","14:42:44.868519","100","288913","172.26.191.172","5000","17.787879000","48","1","48192","17.844447000"
"7310","14:42:44.868529","100","288961","172.26.191.172","5000","17.787889000","48","1","48192","17.844457000"
"7311","14:42:44.868531","100","289009","172.26.191.172","5000","17.787891000","48","1","48192","17.844459000"
"7312","14:42:44.868537","100","289057","172.26.191.172","5000","17.787897000","48","1","48192","17.844465000"
"7313","14:42:44.868538","100","289105","172.26.191.172","5000","17.787898000","48","1","48192","17.844466000"
"7314","14:42:44.868550","52","1","100.64.0.5","48192","17.787910000","0","287617","5000","17.844478000"
"7315","14:42:44.868561","100","289153","172.26.191.172","5000","17.787921000","48","1","48192","17.844489000"
"7316","14:42:44.868563","100","289201","172.26.191.172","5000","17.787923000","48","1","48192","17.844491000"
"7317","14:42:44.868570","100","289249","172.26.191.172","5000","17.787930000","48","1","48192","17.844498000"
"7318","14:42:44.868571","100","289297","172.26.191.172","5000","17.787931000","48","1","48192","17.844499000"
"7319","14:42:44.868578","100","289345","172.26.191.172","5000","17.787938000","48","1","48192","17.844506000"
"7320","14:42:44.868579","100","289393","172.26.191.172","5000","17.787939000","48","1","48192","17.844507000"
"7321","14:42:44.868586","52","1","100.64.0.5","48192","17.787946000","0","287713","5000","17.844514000"
"7322","14:42:44.868594","100","289441","172.26.191.172","5000","17.787954000","48","1","48192","17.844522000"
"7323","14:42:44.868595","100","289489","172.26.191.172","5000","17.787955000","48","1","48192","17.844523000"
"7324","14:42:44.898388","52","1","100.64.0.5","48192","17.817748000","0","288001","5000","17.874316000"
"7325","14:42:44.898428","100","289537","172.26.191.172","5000","17.817788000","48","1","48192","17.874356000"
"7326","14:42:44.898437","100","289585","172.26.191.172","5000","17.817797000","48","1","48192","17.874365000"
"7327","14:42:44.898448","100","289633","172.26.191.172","5000","17.817808000","48","1","48192","17.874376000"
"7328","14:42:44.898449","100","289681","172.26.191.172","5000","17.817809000","48","1","48192","17.874377000"
"7329","14:42:44.898455","100","289729","172.26.191.172","5000","17.817815000","48","1","48192","17.874383000"
"7330","14:42:44.898457","100","289777","172.26.191.172","5000","17.817817000","48","1","48192","17.874385000"
"7331","14:42:44.898468","52","1","100.64.0.5","48192","17.817828000","0","288193","5000","17.874396000"
"7332","14:42:44.898479","100","289825","172.26.191.172","5000","17.817839000","48","1","48192","17.874407000"
"7333","14:42:44.898480","100","289873","172.26.191.172","5000","17.817840000","48","1","48192","17.874408000"
"7334","14:42:44.898487","100","289921","172.26.191.172","5000","17.817847000","48","1","48192","17.874415000"
"7335","14:42:44.898488","100","289969","172.26.191.172","5000","17.817848000","48","1","48192","17.874416000"
"7336","14:42:44.928072","52","1","100.64.0.5","48192","17.847432000","0","288481","5000","17.904000000"
"7337","14:42:44.928112","100","290017","172.26.191.172","5000","17.847472000","48","1","48192","17.904040000"
"7338","14:42:44.928121","100","290065","172.26.191.172","5000","17.847481000","48","1","48192","17.904049000"
"7339","14:42:44.928132","100","290113","172.26.191.172","5000","17.847492000","48","1","48192","17.904060000"
"7340","14:42:44.928134","100","290161","172.26.191.172","5000","17.847494000","48","1","48192","17.904062000"
"7341","14:42:44.928140","100","290209","172.26.191.172","5000","17.847500000","48","1","48192","17.904068000"
"7342","14:42:44.928141","100","290257","172.26.191.172","5000","17.847501000","48","1","48192","17.904069000"
"7343","14:42:44.928153","52","1","100.64.0.5","48192","17.847513000","0","288769","5000","17.904081000"
"7344","14:42:44.928165","100","290305","172.26.191.172","5000","17.847525000","48","1","48192","17.904093000"
"7345","14:42:44.928167","100","290353","172.26.191.172","5000","17.847527000","48","1","48192","17.904095000"
"7346","14:42:44.928173","100","290401","172.26.191.172","5000","17.847533000","48","1","48192","17.904101000"
"7347","14:42:44.928175","100","290449","172.26.191.172","5000","17.847535000","48","1","48192","17.904103000"
"7348","14:42:44.928182","100","290497","172.26.191.172","5000","17.847542000","48","1","48192","17.904110000"
"7349","14:42:44.928183","100","290545","172.26.191.172","5000","17.847543000","48","1","48192","17.904111000"
"7350","14:42:44.928189","52","1","100.64.0.5","48192","17.847549000","0","288865","5000","17.904117000"
"7351","14:42:44.928197","100","290593","172.26.191.172","5000","17.847557000","48","1","48192","17.904125000"
"7352","14:42:44.928198","100","290641","172.26.191.172","5000","17.847558000","48","1","48192","17.904126000"
"7353","14:42:44.957880","52","1","100.64.0.5","48192","17.877240000","0","289153","5000","17.933808000"
"7354","14:42:44.957921","100","290689","172.26.191.172","5000","17.877281000","48","1","48192","17.933849000"
"7355","14:42:44.957930","100","290737","172.26.191.172","5000","17.877290000","48","1","48192","17.933858000"
"7356","14:42:44.957941","100","290785","172.26.191.172","5000","17.877301000","48","1","48192","17.933869000"
"7357","14:42:44.957942","100","290833","172.26.191.172","5000","17.877302000","48","1","48192","17.933870000"
"7358","14:42:44.957948","100","290881","172.26.191.172","5000","17.877308000","48","1","48192","17.933876000"
"7359","14:42:44.957950","100","290929","172.26.191.172","5000","17.877310000","48","1","48192","17.933878000"
"7360","14:42:44.957962","52","1","100.64.0.5","48192","17.877322000","0","289441","5000","17.933890000"
"7361","14:42:44.957973","100","290977","172.26.191.172","5000","17.877333000","48","1","48192","17.933901000"
"7362","14:42:44.957974","100","291025","172.26.191.172","5000","17.877334000","48","1","48192","17.933902000"
"7363","14:42:44.957981","100","291073","172.26.191.172","5000","17.877341000","48","1","48192","17.933909000"
"7364","14:42:44.957982","100","291121","172.26.191.172","5000","17.877342000","48","1","48192","17.933910000"
"7365","14:42:44.957989","100","291169","172.26.191.172","5000","17.877349000","48","1","48192","17.933917000"
"7366","14:42:44.957990","100","291217","172.26.191.172","5000","17.877350000","48","1","48192","17.933918000"
"7367","14:42:44.957997","52","1","100.64.0.5","48192","17.877357000","0","289537","5000","17.933925000"
"7368","14:42:44.958005","100","291265","172.26.191.172","5000","17.877365000","48","1","48192","17.933933000"
"7369","14:42:44.958006","100","291313","172.26.191.172","5000","17.877366000","48","1","48192","17.933934000"
"7370","14:42:44.989221","52","1","100.64.0.5","48192","17.908581000","0","289825","5000","17.965149000"
"7371","14:42:44.989261","100","291361","172.26.191.172","5000","17.908621000","48","1","48192","17.965189000"
"7372","14:42:44.989270","100","291409","172.26.191.172","5000","17.908630000","48","1","48192","17.965198000"
"7373","14:42:44.989281","100","291457","172.26.191.172","5000","17.908641000","48","1","48192","17.965209000"
"7374","14:42:44.989283","100","291505","172.26.191.172","5000","17.908643000","48","1","48192","17.965211000"
"7375","14:42:44.989289","100","291553","172.26.191.172","5000","17.908649000","48","1","48192","17.965217000"
"7376","14:42:44.989291","100","291601","172.26.191.172","5000","17.908651000","48","1","48192","17.965219000"
"7377","14:42:44.989296","100","291649","172.26.191.172","5000","17.908656000","48","1","48192","17.965224000"
"7378","14:42:44.989298","100","291697","172.26.191.172","5000","17.908658000","48","1","48192","17.965226000"
"7379","14:42:44.989310","52","1","100.64.0.5","48192","17.908670000","0","290017","5000","17.965238000"
"7380","14:42:44.989321","100","291745","172.26.191.172","5000","17.908681000","48","1","48192","17.965249000"
"7381","14:42:44.989323","100","291793","172.26.191.172","5000","17.908683000","48","1","48192","17.965251000"
"7382","14:42:44.989329","100","291841","172.26.191.172","5000","17.908689000","48","1","48192","17.965257000"
"7383","14:42:44.989331","100","291889","172.26.191.172","5000","17.908691000","48","1","48192","17.965259000"
"7384","14:42:45.019521","52","1","100.64.0.5","48192","17.938881000","0","290305","5000","17.995449000"
"7385","14:42:45.019561","100","291937","172.26.191.172","5000","17.938921000","48","1","48192","17.995489000"
"7386","14:42:45.019571","100","291985","172.26.191.172","5000","17.938931000","48","1","48192","17.995499000"
"7387","14:42:45.019583","100","292033","172.26.191.172","5000","17.938943000","48","1","48192","17.995511000"
"7388","14:42:45.019584","100","292081","172.26.191.172","5000","17.938944000","48","1","48192","17.995512000"
"7389","14:42:45.019592","100","292129","172.26.191.172","5000","17.938952000","48","1","48192","17.995520000"
"7390","14:42:45.019593","100","292177","172.26.191.172","5000","17.938953000","48","1","48192","17.995521000"
"7391","14:42:45.019605","52","1","100.64.0.5","48192","17.938965000","0","290593","5000","17.995533000"
"7392","14:42:45.019616","100","292225","172.26.191.172","5000","17.938976000","48","1","48192","17.995544000"
"7393","14:42:45.019617","100","292273","172.26.191.172","5000","17.938977000","48","1","48192","17.995545000"
"7394","14:42:45.019626","100","292321","172.26.191.172","5000","17.938986000","48","1","48192","17.995554000"
"7395","14:42:45.019627","100","292369","172.26.191.172","5000","17.938987000","48","1","48192","17.995555000"
"7396","14:42:45.019633","100","292417","172.26.191.172","5000","17.938993000","48","1","48192","17.995561000"
"7397","14:42:45.019634","100","292465","172.26.191.172","5000","17.938994000","48","1","48192","17.995562000"
"7398","14:42:45.019640","52","1","100.64.0.5","48192","17.939000000","0","290689","5000","17.995568000"
"7399","14:42:45.019648","100","292513","172.26.191.172","5000","17.939008000","48","1","48192","17.995576000"
"7400","14:42:45.019650","100","292561","172.26.191.172","5000","17.939010000","48","1","48192","17.995578000"
"7401","14:42:45.049111","52","1","100.64.0.5","48192","17.968471000","0","290977","5000","18.025039000"
"7402","14:42:45.049150","100","292609","172.26.191.172","5000","17.968510000","48","1","48192","18.025078000"
"7403","14:42:45.049160","100","292657","172.26.191.172","5000","17.968520000","48","1","48192","18.025088000"
"7404","14:42:45.049170","100","292705","172.26.191.172","5000","17.968530000","48","1","48192","18.025098000"
"7405","14:42:45.049172","100","292753","172.26.191.172","5000","17.968532000","48","1","48192","18.025100000"
"7406","14:42:45.049178","100","292801","172.26.191.172","5000","17.968538000","48","1","48192","18.025106000"
"7407","14:42:45.049180","100","292849","172.26.191.172","5000","17.968540000","48","1","48192","18.025108000"
"7408","14:42:45.049192","52","1","100.64.0.5","48192","17.968552000","0","291265","5000","18.025120000"
"7409","14:42:45.049203","100","292897","172.26.191.172","5000","17.968563000","48","1","48192","18.025131000"
"7410","14:42:45.049205","100","292945","172.26.191.172","5000","17.968565000","48","1","48192","18.025133000"
"7411","14:42:45.049211","100","292993","172.26.191.172","5000","17.968571000","48","1","48192","18.025139000"
"7412","14:42:45.049213","100","293041","172.26.191.172","5000","17.968573000","48","1","48192","18.025141000"
"7413","14:42:45.049218","100","293089","172.26.191.172","5000","17.968578000","48","1","48192","18.025146000"
"7414","14:42:45.049219","100","293137","172.26.191.172","5000","17.968579000","48","1","48192","18.025147000"
"7415","14:42:45.049225","52","1","100.64.0.5","48192","17.968585000","0","291361","5000","18.025153000"
"7416","14:42:45.049234","100","293185","172.26.191.172","5000","17.968594000","48","1","48192","18.025162000"
"7417","14:42:45.049235","100","293233","172.26.191.172","5000","17.968595000","48","1","48192","18.025163000"
"7418","14:42:45.080055","52","1","100.64.0.5","48192","17.999415000","0","291649","5000","18.055983000"
"7419","14:42:45.080096","100","293281","172.26.191.172","5000","17.999456000","48","1","48192","18.056024000"
"7420","14:42:45.080105","100","293329","172.26.191.172","5000","17.999465000","48","1","48192","18.056033000"
"7421","14:42:45.080116","100","293377","172.26.191.172","5000","17.999476000","48","1","48192","18.056044000"
"7422","14:42:45.080117","100","293425","172.26.191.172","5000","17.999477000","48","1","48192","18.056045000"
"7423","14:42:45.080123","100","293473","172.26.191.172","5000","17.999483000","48","1","48192","18.056051000"
"7424","14:42:45.080125","100","293521","172.26.191.172","5000","17.999485000","48","1","48192","18.056053000"
"7425","14:42:45.080136","52","1","100.64.0.5","48192","17.999496000","0","291937","5000","18.056064000"
"7426","14:42:45.080147","100","293569","172.26.191.172","5000","17.999507000","48","1","48192","18.056075000"
"7427","14:42:45.080148","100","293617","172.26.191.172","5000","17.999508000","48","1","48192","18.056076000"
"7428","14:42:45.080155","100","293665","172.26.191.172","5000","17.999515000","48","1","48192","18.056083000"
"7429","14:42:45.080157","100","293713","172.26.191.172","5000","17.999517000","48","1","48192","18.056085000"
"7430","14:42:45.080164","100","293761","172.26.191.172","5000","17.999524000","48","1","48192","18.056092000"
"7431","14:42:45.080165","100","293809","172.26.191.172","5000","17.999525000","48","1","48192","18.056093000"
"7432","14:42:45.109916","52","1","100.64.0.5","48192","18.029276000","0","292225","5000","18.085844000"
"7433","14:42:45.109956","100","293857","172.26.191.172","5000","18.029316000","48","1","48192","18.085884000"
"7434","14:42:45.109965","100","293905","172.26.191.172","5000","18.029325000","48","1","48192","18.085893000"
"7435","14:42:45.109976","100","293953","172.26.191.172","5000","18.029336000","48","1","48192","18.085904000"
"7436","14:42:45.109977","100","294001","172.26.191.172","5000","18.029337000","48","1","48192","18.085905000"
"7437","14:42:45.109984","100","294049","172.26.191.172","5000","18.029344000","48","1","48192","18.085912000"
"7438","14:42:45.109985","100","294097","172.26.191.172","5000","18.029345000","48","1","48192","18.085913000"
"7439","14:42:45.109997","52","1","100.64.0.5","48192","18.029357000","0","292513","5000","18.085925000"
"7440","14:42:45.110008","100","294145","172.26.191.172","5000","18.029368000","48","1","48192","18.085936000"
"7441","14:42:45.110009","100","294193","172.26.191.172","5000","18.029369000","48","1","48192","18.085937000"
"7442","14:42:45.110018","100","294241","172.26.191.172","5000","18.029378000","48","1","48192","18.085946000"
"7443","14:42:45.110020","100","294289","172.26.191.172","5000","18.029380000","48","1","48192","18.085948000"
"7444","14:42:45.110026","100","294337","172.26.191.172","5000","18.029386000","48","1","48192","18.085954000"
"7445","14:42:45.110027","100","294385","172.26.191.172","5000","18.029387000","48","1","48192","18.085955000"
"7446","14:42:45.110033","52","1","100.64.0.5","48192","18.029393000","0","292609","5000","18.085961000"
"7447","14:42:45.110041","100","294433","172.26.191.172","5000","18.029401000","48","1","48192","18.085969000"
"7448","14:42:45.110042","100","294481","172.26.191.172","5000","18.029402000","48","1","48192","18.085970000"
"7449","14:42:45.140096","52","1","100.64.0.5","48192","18.059456000","0","292897","5000","18.116024000"
"7450","14:42:45.140135","100","294529","172.26.191.172","5000","18.059495000","48","1","48192","18.116063000"
"7451","14:42:45.140144","100","294577","172.26.191.172","5000","18.059504000","48","1","48192","18.116072000"
"7452","14:42:45.140155","100","294625","172.26.191.172","5000","18.059515000","48","1","48192","18.116083000"
"7453","14:42:45.140157","100","294673","172.26.191.172","5000","18.059517000","48","1","48192","18.116085000"
"7454","14:42:45.140163","100","294721","172.26.191.172","5000","18.059523000","48","1","48192","18.116091000"
"7455","14:42:45.140164","100","294769","172.26.191.172","5000","18.059524000","48","1","48192","18.116092000"
"7456","14:42:45.140168","100","294817","172.26.191.172","5000","18.059528000","48","1","48192","18.116096000"
"7457","14:42:45.140180","52","1","100.64.0.5","48192","18.059540000","0","293185","5000","18.116108000"
"7458","14:42:45.140192","100","294865","172.26.191.172","5000","18.059552000","48","1","48192","18.116120000"
"7459","14:42:45.140194","100","294913","172.26.191.172","5000","18.059554000","48","1","48192","18.116122000"
"7460","14:42:45.140201","100","294961","172.26.191.172","5000","18.059561000","48","1","48192","18.116129000"
"7461","14:42:45.140202","100","295009","172.26.191.172","5000","18.059562000","48","1","48192","18.116130000"
"7462","14:42:45.140208","100","295057","172.26.191.172","5000","18.059568000","48","1","48192","18.116136000"
"7463","14:42:45.140209","100","295105","172.26.191.172","5000","18.059569000","48","1","48192","18.116137000"
"7464","14:42:45.140215","52","1","100.64.0.5","48192","18.059575000","0","293281","5000","18.116143000"
"7465","14:42:45.140226","100","295153","172.26.191.172","5000","18.059586000","48","1","48192","18.116154000"
"7466","14:42:45.140227","100","295201","172.26.191.172","5000","18.059587000","48","1","48192","18.116155000"
"7467","14:42:45.171334","52","1","100.64.0.5","48192","18.090694000","0","293521","5000","18.147262000"
"7468","14:42:45.171378","100","295249","172.26.191.172","5000","18.090738000","48","1","48192","18.147306000"
"7469","14:42:45.171388","100","295297","172.26.191.172","5000","18.090748000","48","1","48192","18.147316000"
"7470","14:42:45.171403","100","295345","172.26.191.172","5000","18.090763000","48","1","48192","18.147331000"
"7471","14:42:45.171404","100","295393","172.26.191.172","5000","18.090764000","48","1","48192","18.147332000"
"7472","14:42:45.171417","52","1","100.64.0.5","48192","18.090777000","0","293857","5000","18.147345000"
"7473","14:42:45.171431","100","295441","172.26.191.172","5000","18.090791000","48","1","48192","18.147359000"
"7474","14:42:45.171433","100","295489","172.26.191.172","5000","18.090793000","48","1","48192","18.147361000"
"7475","14:42:45.171441","100","295537","172.26.191.172","5000","18.090801000","48","1","48192","18.147369000"
"7476","14:42:45.171442","100","295585","172.26.191.172","5000","18.090802000","48","1","48192","18.147370000"
"7477","14:42:45.171449","100","295633","172.26.191.172","5000","18.090809000","48","1","48192","18.147377000"
"7478","14:42:45.171450","100","295681","172.26.191.172","5000","18.090810000","48","1","48192","18.147378000"
"7479","14:42:45.171456","100","295729","172.26.191.172","5000","18.090816000","48","1","48192","18.147384000"
"7480","14:42:45.171457","100","295777","172.26.191.172","5000","18.090817000","48","1","48192","18.147385000"
"7481","14:42:45.200510","52","1","100.64.0.5","48192","18.119870000","0","294145","5000","18.176438000"
"7482","14:42:45.200562","100","295825","172.26.191.172","5000","18.119922000","48","1","48192","18.176490000"
"7483","14:42:45.200575","100","295873","172.26.191.172","5000","18.119935000","48","1","48192","18.176503000"
"7484","14:42:45.200592","100","295921","172.26.191.172","5000","18.119952000","48","1","48192","18.176520000"
"7485","14:42:45.200594","100","295969","172.26.191.172","5000","18.119954000","48","1","48192","18.176522000"
"7486","14:42:45.200603","100","296017","172.26.191.172","5000","18.119963000","48","1","48192","18.176531000"
"7487","14:42:45.200606","100","296065","172.26.191.172","5000","18.119966000","48","1","48192","18.176534000"
"7488","14:42:45.200623","52","1","100.64.0.5","48192","18.119983000","0","294337","5000","18.176551000"
"7489","14:42:45.200639","100","296113","172.26.191.172","5000","18.119999000","48","1","48192","18.176567000"
"7490","14:42:45.200641","100","296161","172.26.191.172","5000","18.120001000","48","1","48192","18.176569000"
"7491","14:42:45.200653","100","296209","172.26.191.172","5000","18.120013000","48","1","48192","18.176581000"
"7492","14:42:45.200656","100","296257","172.26.191.172","5000","18.120016000","48","1","48192","18.176584000"
"7493","14:42:45.200668","52","1","100.64.0.5","48192","18.120028000","0","294529","5000","18.176596000"
"7494","14:42:45.200684","100","296305","172.26.191.172","5000","18.120044000","48","1","48192","18.176612000"
"7495","14:42:45.200686","100","296353","172.26.191.172","5000","18.120046000","48","1","48192","18.176614000"
"7496","14:42:45.200697","100","296401","172.26.191.172","5000","18.120057000","48","1","48192","18.176625000"
"7497","14:42:45.200698","100","296449","172.26.191.172","5000","18.120058000","48","1","48192","18.176626000"
"7498","14:42:45.231298","52","1","100.64.0.5","48192","18.150658000","0","294817","5000","18.207226000"
"7499","14:42:45.231339","100","296497","172.26.191.172","5000","18.150699000","48","1","48192","18.207267000"
"7500","14:42:45.231348","100","296545","172.26.191.172","5000","18.150708000","48","1","48192","18.207276000"
"7501","14:42:45.231360","100","296593","172.26.191.172","5000","18.150720000","48","1","48192","18.207288000"
"7502","14:42:45.231362","100","296641","172.26.191.172","5000","18.150722000","48","1","48192","18.207290000"
"7503","14:42:45.231368","100","296689","172.26.191.172","5000","18.150728000","48","1","48192","18.207296000"
"7504","14:42:45.231370","100","296737","172.26.191.172","5000","18.150730000","48","1","48192","18.207298000"
"7505","14:42:45.231382","52","1","100.64.0.5","48192","18.150742000","0","294961","5000","18.207310000"
"7506","14:42:45.231396","100","296785","172.26.191.172","5000","18.150756000","48","1","48192","18.207324000"
"7507","14:42:45.231397","100","296833","172.26.191.172","5000","18.150757000","48","1","48192","18.207325000"
"7508","14:42:45.231404","100","296881","172.26.191.172","5000","18.150764000","48","1","48192","18.207332000"
"7509","14:42:45.231405","100","296929","172.26.191.172","5000","18.150765000","48","1","48192","18.207333000"
"7510","14:42:45.231412","52","1","100.64.0.5","48192","18.150772000","0","295201","5000","18.207340000"
"7511","14:42:45.231423","100","296977","172.26.191.172","5000","18.150783000","48","1","48192","18.207351000"
"7512","14:42:45.231424","100","297025","172.26.191.172","5000","18.150784000","48","1","48192","18.207352000"
"7513","14:42:45.231431","100","297073","172.26.191.172","5000","18.150791000","48","1","48192","18.207359000"
"7514","14:42:45.231433","100","297121","172.26.191.172","5000","18.150793000","48","1","48192","18.207361000"
"7515","14:42:45.260917","52","1","100.64.0.5","48192","18.180277000","0","295537","5000","18.236845000"
"7516","14:42:45.260957","100","297169","172.26.191.172","5000","18.180317000","48","1","48192","18.236885000"
"7517","14:42:45.260967","100","297217","172.26.191.172","5000","18.180327000","48","1","48192","18.236895000"
"7518","14:42:45.260979","100","297265","172.26.191.172","5000","18.180339000","48","1","48192","18.236907000"
"7519","14:42:45.260981","100","297313","172.26.191.172","5000","18.180341000","48","1","48192","18.236909000"
"7520","14:42:45.260988","100","297361","172.26.191.172","5000","18.180348000","48","1","48192","18.236916000"
"7521","14:42:45.260990","100","297409","172.26.191.172","5000","18.180350000","48","1","48192","18.236918000"
"7522","14:42:45.260997","100","297457","172.26.191.172","5000","18.180357000","48","1","48192","18.236925000"
"7523","14:42:45.260998","100","297505","172.26.191.172","5000","18.180358000","48","1","48192","18.236926000"
"7524","14:42:45.261010","52","1","100.64.0.5","48192","18.180370000","0","295825","5000","18.236938000"
"7525","14:42:45.261021","100","297553","172.26.191.172","5000","18.180381000","48","1","48192","18.236949000"
"7526","14:42:45.261023","100","297601","172.26.191.172","5000","18.180383000","48","1","48192","18.236951000"
"7527","14:42:45.261030","100","297649","172.26.191.172","5000","18.180390000","48","1","48192","18.236958000"
"7528","14:42:45.261031","100","297697","172.26.191.172","5000","18.180391000","48","1","48192","18.236959000"
"7529","14:42:45.261037","100","297745","172.26.191.172","5000","18.180397000","48","1","48192","18.236965000"
"7530","14:42:45.261038","100","297793","172.26.191.172","5000","18.180398000","48","1","48192","18.236966000"
"7531","14:42:45.292407","52","1","100.64.0.5","48192","18.211767000","0","296113","5000","18.268335000"
"7532","14:42:45.292447","100","297841","172.26.191.172","5000","18.211807000","48","1","48192","18.268375000"
"7533","14:42:45.292456","100","297889","172.26.191.172","5000","18.211816000","48","1","48192","18.268384000"
"7534","14:42:45.292467","100","297937","172.26.191.172","5000","18.211827000","48","1","48192","18.268395000"
"7535","14:42:45.292469","100","297985","172.26.191.172","5000","18.211829000","48","1","48192","18.268397000"
"7536","14:42:45.292475","100","298033","172.26.191.172","5000","18.211835000","48","1","48192","18.268403000"
"7537","14:42:45.292476","100","298081","172.26.191.172","5000","18.211836000","48","1","48192","18.268404000"
"7538","14:42:45.292488","52","1","100.64.0.5","48192","18.211848000","0","296401","5000","18.268416000"
"7539","14:42:45.292500","100","298129","172.26.191.172","5000","18.211860000","48","1","48192","18.268428000"
"7540","14:42:45.292501","100","298177","172.26.191.172","5000","18.211861000","48","1","48192","18.268429000"
"7541","14:42:45.292510","100","298225","172.26.191.172","5000","18.211870000","48","1","48192","18.268438000"
"7542","14:42:45.292511","100","298273","172.26.191.172","5000","18.211871000","48","1","48192","18.268439000"
"7543","14:42:45.292517","100","298321","172.26.191.172","5000","18.211877000","48","1","48192","18.268445000"
"7544","14:42:45.292518","100","298369","172.26.191.172","5000","18.211878000","48","1","48192","18.268446000"
"7545","14:42:45.292525","52","1","100.64.0.5","48192","18.211885000","0","296497","5000","18.268453000"
"7546","14:42:45.292535","100","298417","172.26.191.172","5000","18.211895000","48","1","48192","18.268463000"
"7547","14:42:45.292536","100","298465","172.26.191.172","5000","18.211896000","48","1","48192","18.268464000"
"7548","14:42:45.322465","52","1","100.64.0.5","48192","18.241825000","0","296785","5000","18.298393000"
"7549","14:42:45.322509","100","298513","172.26.191.172","5000","18.241869000","48","1","48192","18.298437000"
"7550","14:42:45.322519","100","298561","172.26.191.172","5000","18.241879000","48","1","48192","18.298447000"
"7551","14:42:45.322532","100","298609","172.26.191.172","5000","18.241892000","48","1","48192","18.298460000"
"7552","14:42:45.322533","100","298657","172.26.191.172","5000","18.241893000","48","1","48192","18.298461000"
"7553","14:42:45.322540","100","298705","172.26.191.172","5000","18.241900000","48","1","48192","18.298468000"
"7554","14:42:45.322542","100","298753","172.26.191.172","5000","18.241902000","48","1","48192","18.298470000"
"7555","14:42:45.322554","52","1","100.64.0.5","48192","18.241914000","0","297073","5000","18.298482000"
"7556","14:42:45.322566","100","298801","172.26.191.172","5000","18.241926000","48","1","48192","18.298494000"
"7557","14:42:45.322568","100","298849","172.26.191.172","5000","18.241928000","48","1","48192","18.298496000"
"7558","14:42:45.322576","100","298897","172.26.191.172","5000","18.241936000","48","1","48192","18.298504000"
"7559","14:42:45.322577","100","298945","172.26.191.172","5000","18.241937000","48","1","48192","18.298505000"
"7560","14:42:45.322586","100","298993","172.26.191.172","5000","18.241946000","48","1","48192","18.298514000"
"7561","14:42:45.322587","100","299041","172.26.191.172","5000","18.241947000","48","1","48192","18.298515000"
"7562","14:42:45.322594","52","1","100.64.0.5","48192","18.241954000","0","297169","5000","18.298522000"
"7563","14:42:45.322604","100","299089","172.26.191.172","5000","18.241964000","48","1","48192","18.298532000"
"7564","14:42:45.322607","100","299137","172.26.191.172","5000","18.241967000","48","1","48192","18.298535000"
"7565","14:42:45.352125","52","1","100.64.0.5","48192","18.271485000","0","297457","5000","18.328053000"
"7566","14:42:45.352165","100","299185","172.26.191.172","5000","18.271525000","48","1","48192","18.328093000"
"7567","14:42:45.352176","100","299233","172.26.191.172","5000","18.271536000","48","1","48192","18.328104000"
"7568","14:42:45.352189","100","299281","172.26.191.172","5000","18.271549000","48","1","48192","18.328117000"
"7569","14:42:45.352190","100","299329","172.26.191.172","5000","18.271550000","48","1","48192","18.328118000"
"7570","14:42:45.352197","100","299377","172.26.191.172","5000","18.271557000","48","1","48192","18.328125000"
"7571","14:42:45.352198","100","299425","172.26.191.172","5000","18.271558000","48","1","48192","18.328126000"
"7572","14:42:45.352210","52","1","100.64.0.5","48192","18.271570000","0","297745","5000","18.328138000"
"7573","14:42:45.352222","100","299473","172.26.191.172","5000","18.271582000","48","1","48192","18.328150000"
"7574","14:42:45.352224","100","299521","172.26.191.172","5000","18.271584000","48","1","48192","18.328152000"
"7575","14:42:45.352231","100","299569","172.26.191.172","5000","18.271591000","48","1","48192","18.328159000"
"7576","14:42:45.352232","100","299617","172.26.191.172","5000","18.271592000","48","1","48192","18.328160000"
"7577","14:42:45.352238","100","299665","172.26.191.172","5000","18.271598000","48","1","48192","18.328166000"
"7578","14:42:45.352239","100","299713","172.26.191.172","5000","18.271599000","48","1","48192","18.328167000"
"7579","14:42:45.352245","100","299761","172.26.191.172","5000","18.271605000","48","1","48192","18.328173000"
"7580","14:42:45.352246","100","299809","172.26.191.172","5000","18.271606000","48","1","48192","18.328174000"
"7581","14:42:45.352253","52","1","100.64.0.5","48192","18.271613000","0","297841","5000","18.328181000"
"7582","14:42:45.352263","100","299857","172.26.191.172","5000","18.271623000","48","1","48192","18.328191000"
"7583","14:42:45.352264","100","299905","172.26.191.172","5000","18.271624000","48","1","48192","18.328192000"
"7584","14:42:45.383482","52","1","100.64.0.5","48192","18.302842000","0","298129","5000","18.359410000"
"7585","14:42:45.383523","100","299953","172.26.191.172","5000","18.302883000","48","1","48192","18.359451000"
"7586","14:42:45.383531","100","300001","172.26.191.172","5000","18.302891000","48","1","48192","18.359459000"
"7587","14:42:45.383542","100","300049","172.26.191.172","5000","18.302902000","48","1","48192","18.359470000"
"7588","14:42:45.383544","100","300097","172.26.191.172","5000","18.302904000","48","1","48192","18.359472000"
"7589","14:42:45.383550","100","300145","172.26.191.172","5000","18.302910000","48","1","48192","18.359478000"
"7590","14:42:45.383551","100","300193","172.26.191.172","5000","18.302911000","48","1","48192","18.359479000"
"7591","14:42:45.383563","52","1","100.64.0.5","48192","18.302923000","0","298417","5000","18.359491000"
"7592","14:42:45.383574","100","300241","172.26.191.172","5000","18.302934000","48","1","48192","18.359502000"
"7593","14:42:45.383575","100","300289","172.26.191.172","5000","18.302935000","48","1","48192","18.359503000"
"7594","14:42:45.383584","100","300337","172.26.191.172","5000","18.302944000","48","1","48192","18.359512000"
"7595","14:42:45.383585","100","300385","172.26.191.172","5000","18.302945000","48","1","48192","18.359513000"
"7596","14:42:45.383590","100","300433","172.26.191.172","5000","18.302950000","48","1","48192","18.359518000"
"7597","14:42:45.383592","100","300481","172.26.191.172","5000","18.302952000","48","1","48192","18.359520000"
"7598","14:42:45.383598","52","1","100.64.0.5","48192","18.302958000","0","298513","5000","18.359526000"
"7599","14:42:45.383607","100","300529","172.26.191.172","5000","18.302967000","48","1","48192","18.359535000"
"7600","14:42:45.383609","100","300577","172.26.191.172","5000","18.302969000","48","1","48192","18.359537000"
"7601","14:42:45.412642","52","1","100.64.0.5","48192","18.332002000","0","298801","5000","18.388570000"
"7602","14:42:45.412682","100","300625","172.26.191.172","5000","18.332042000","48","1","48192","18.388610000"
"7603","14:42:45.412690","100","300673","172.26.191.172","5000","18.332050000","48","1","48192","18.388618000"
"7604","14:42:45.412701","100","300721","172.26.191.172","5000","18.332061000","48","1","48192","18.388629000"
"7605","14:42:45.412702","100","300769","172.26.191.172","5000","18.332062000","48","1","48192","18.388630000"
"7606","14:42:45.412709","100","300817","172.26.191.172","5000","18.332069000","48","1","48192","18.388637000"
"7607","14:42:45.412710","100","300865","172.26.191.172","5000","18.332070000","48","1","48192","18.388638000"
"7608","14:42:45.412722","52","1","100.64.0.5","48192","18.332082000","0","299089","5000","18.388650000"
"7609","14:42:45.412732","100","300913","172.26.191.172","5000","18.332092000","48","1","48192","18.388660000"
"7610","14:42:45.412734","100","300961","172.26.191.172","5000","18.332094000","48","1","48192","18.388662000"
"7611","14:42:45.412742","100","301009","172.26.191.172","5000","18.332102000","48","1","48192","18.388670000"
"7612","14:42:45.412744","100","301057","172.26.191.172","5000","18.332104000","48","1","48192","18.388672000"
"7613","14:42:45.412749","100","301105","172.26.191.172","5000","18.332109000","48","1","48192","18.388677000"
"7614","14:42:45.412750","100","301153","172.26.191.172","5000","18.332110000","48","1","48192","18.388678000"
"7615","14:42:45.412756","52","1","100.64.0.5","48192","18.332116000","0","299185","5000","18.388684000"
"7616","14:42:45.412765","100","301201","172.26.191.172","5000","18.332125000","48","1","48192","18.388693000"
"7617","14:42:45.412767","100","301249","172.26.191.172","5000","18.332127000","48","1","48192","18.388695000"
"7618","14:42:45.443041","52","1","100.64.0.5","48192","18.362401000","0","299473","5000","18.418969000"
"7619","14:42:45.443081","100","301297","172.26.191.172","5000","18.362441000","48","1","48192","18.419009000"
"7620","14:42:45.443090","100","301345","172.26.191.172","5000","18.362450000","48","1","48192","18.419018000"
"7621","14:42:45.443101","100","301393","172.26.191.172","5000","18.362461000","48","1","48192","18.419029000"
"7622","14:42:45.443103","100","301441","172.26.191.172","5000","18.362463000","48","1","48192","18.419031000"
"7623","14:42:45.443109","100","301489","172.26.191.172","5000","18.362469000","48","1","48192","18.419037000"
"7624","14:42:45.443110","100","301537","172.26.191.172","5000","18.362470000","48","1","48192","18.419038000"
"7625","14:42:45.443122","52","1","100.64.0.5","48192","18.362482000","0","299761","5000","18.419050000"
"7626","14:42:45.443132","100","301585","172.26.191.172","5000","18.362492000","48","1","48192","18.419060000"
"7627","14:42:45.443134","100","301633","172.26.191.172","5000","18.362494000","48","1","48192","18.419062000"
"7628","14:42:45.443140","100","301681","172.26.191.172","5000","18.362500000","48","1","48192","18.419068000"
"7629","14:42:45.443142","100","301729","172.26.191.172","5000","18.362502000","48","1","48192","18.419070000"
"7630","14:42:45.443148","100","301777","172.26.191.172","5000","18.362508000","48","1","48192","18.419076000"
"7631","14:42:45.443149","100","301825","172.26.191.172","5000","18.362509000","48","1","48192","18.419077000"
"7632","14:42:45.443156","52","1","100.64.0.5","48192","18.362516000","0","299857","5000","18.419084000"
"7633","14:42:45.443165","100","301873","172.26.191.172","5000","18.362525000","48","1","48192","18.419093000"
"7634","14:42:45.443166","100","301921","172.26.191.172","5000","18.362526000","48","1","48192","18.419094000"
"7635","14:42:45.474648","52","1","100.64.0.5","48192","18.394008000","0","300145","5000","18.450576000"
"7636","14:42:45.474689","100","301969","172.26.191.172","5000","18.394049000","48","1","48192","18.450617000"
"7637","14:42:45.474698","100","302017","172.26.191.172","5000","18.394058000","48","1","48192","18.450626000"
"7638","14:42:45.474709","100","302065","172.26.191.172","5000","18.394069000","48","1","48192","18.450637000"
"7639","14:42:45.474711","100","302113","172.26.191.172","5000","18.394071000","48","1","48192","18.450639000"
"7640","14:42:45.474717","100","302161","172.26.191.172","5000","18.394077000","48","1","48192","18.450645000"
"7641","14:42:45.474718","100","302209","172.26.191.172","5000","18.394078000","48","1","48192","18.450646000"
"7642","14:42:45.474730","52","1","100.64.0.5","48192","18.394090000","0","300433","5000","18.450658000"
"7643","14:42:45.474741","100","302257","172.26.191.172","5000","18.394101000","48","1","48192","18.450669000"
"7644","14:42:45.474742","100","302305","172.26.191.172","5000","18.394102000","48","1","48192","18.450670000"
"7645","14:42:45.474751","100","302353","172.26.191.172","5000","18.394111000","48","1","48192","18.450679000"
"7646","14:42:45.474752","100","302401","172.26.191.172","5000","18.394112000","48","1","48192","18.450680000"
"7647","14:42:45.474758","100","302449","172.26.191.172","5000","18.394118000","48","1","48192","18.450686000"
"7648","14:42:45.474759","100","302497","172.26.191.172","5000","18.394119000","48","1","48192","18.450687000"
"7649","14:42:45.474766","52","1","100.64.0.5","48192","18.394126000","0","300529","5000","18.450694000"
"7650","14:42:45.474774","100","302545","172.26.191.172","5000","18.394134000","48","1","48192","18.450702000"
"7651","14:42:45.474775","100","302593","172.26.191.172","5000","18.394135000","48","1","48192","18.450703000"
"7652","14:42:45.503707","52","1","100.64.0.5","48192","18.423067000","0","300817","5000","18.479635000"
"7653","14:42:45.503749","100","302641","172.26.191.172","5000","18.423109000","48","1","48192","18.479677000"
"7654","14:42:45.503758","100","302689","172.26.191.172","5000","18.423118000","48","1","48192","18.479686000"
"7655","14:42:45.503769","100","302737","172.26.191.172","5000","18.423129000","48","1","48192","18.479697000"
"7656","14:42:45.503771","100","302785","172.26.191.172","5000","18.423131000","48","1","48192","18.479699000"
"7657","14:42:45.503777","100","302833","172.26.191.172","5000","18.423137000","48","1","48192","18.479705000"
"7658","14:42:45.503778","100","302881","172.26.191.172","5000","18.423138000","48","1","48192","18.479706000"
"7659","14:42:45.503790","52","1","100.64.0.5","48192","18.423150000","0","301105","5000","18.479718000"
"7660","14:42:45.503802","100","302929","172.26.191.172","5000","18.423162000","48","1","48192","18.479730000"
"7661","14:42:45.503803","100","302977","172.26.191.172","5000","18.423163000","48","1","48192","18.479731000"
"7662","14:42:45.503810","100","303025","172.26.191.172","5000","18.423170000","48","1","48192","18.479738000"
"7663","14:42:45.503812","100","303073","172.26.191.172","5000","18.423172000","48","1","48192","18.479740000"
"7664","14:42:45.503817","100","303121","172.26.191.172","5000","18.423177000","48","1","48192","18.479745000"
"7665","14:42:45.503818","100","303169","172.26.191.172","5000","18.423178000","48","1","48192","18.479746000"
"7666","14:42:45.503825","52","1","100.64.0.5","48192","18.423185000","0","301249","5000","18.479753000"
"7667","14:42:45.503836","100","303217","172.26.191.172","5000","18.423196000","48","1","48192","18.479764000"
"7668","14:42:45.503837","100","303265","172.26.191.172","5000","18.423197000","48","1","48192","18.479765000"
"7669","14:42:45.503843","100","303313","172.26.191.172","5000","18.423203000","48","1","48192","18.479771000"
"7670","14:42:45.503844","100","303361","172.26.191.172","5000","18.423204000","48","1","48192","18.479772000"
"7671","14:42:45.534211","52","1","100.64.0.5","48192","18.453571000","0","301585","5000","18.510139000"
"7672","14:42:45.534253","100","303409","172.26.191.172","5000","18.453613000","48","1","48192","18.510181000"
"7673","14:42:45.534262","100","303457","172.26.191.172","5000","18.453622000","48","1","48192","18.510190000"
"7674","14:42:45.534272","100","303505","172.26.191.172","5000","18.453632000","48","1","48192","18.510200000"
"7675","14:42:45.534274","100","303553","172.26.191.172","5000","18.453634000","48","1","48192","18.510202000"
"7676","14:42:45.534280","100","303601","172.26.191.172","5000","18.453640000","48","1","48192","18.510208000"
"7677","14:42:45.534281","100","303649","172.26.191.172","5000","18.453641000","48","1","48192","18.510209000"
"7678","14:42:45.534293","52","1","100.64.0.5","48192","18.453653000","0","301873","5000","18.510221000"
"7679","14:42:45.534304","100","303697","172.26.191.172","5000","18.453664000","48","1","48192","18.510232000"
"7680","14:42:45.534306","100","303745","172.26.191.172","5000","18.453666000","48","1","48192","18.510234000"
"7681","14:42:45.534313","100","303793","172.26.191.172","5000","18.453673000","48","1","48192","18.510241000"
"7682","14:42:45.534314","100","303841","172.26.191.172","5000","18.453674000","48","1","48192","18.510242000"
"7683","14:42:45.534319","100","303889","172.26.191.172","5000","18.453679000","48","1","48192","18.510247000"
"7684","14:42:45.534320","100","303937","172.26.191.172","5000","18.453680000","48","1","48192","18.510248000"
"7685","14:42:45.534327","52","1","100.64.0.5","48192","18.453687000","0","301921","5000","18.510255000"
"7686","14:42:45.534337","100","303985","172.26.191.172","5000","18.453697000","48","1","48192","18.510265000"
"7687","14:42:45.534338","100","304033","172.26.191.172","5000","18.453698000","48","1","48192","18.510266000"
"7688","14:42:45.563867","52","1","100.64.0.5","48192","18.483227000","0","302257","5000","18.539795000"
"7689","14:42:45.563908","100","304081","172.26.191.172","5000","18.483268000","48","1","48192","18.539836000"
"7690","14:42:45.563920","100","304129","172.26.191.172","5000","18.483280000","48","1","48192","18.539848000"
"7691","14:42:45.563932","100","304177","172.26.191.172","5000","18.483292000","48","1","48192","18.539860000"
"7692","14:42:45.563934","100","304225","172.26.191.172","5000","18.483294000","48","1","48192","18.539862000"
"7693","14:42:45.563940","100","304273","172.26.191.172","5000","18.483300000","48","1","48192","18.539868000"
"7694","14:42:45.563941","100","304321","172.26.191.172","5000","18.483301000","48","1","48192","18.539869000"
"7695","14:42:45.563947","100","304369","172.26.191.172","5000","18.483307000","48","1","48192","18.539875000"
"7696","14:42:45.563949","100","304417","172.26.191.172","5000","18.483309000","48","1","48192","18.539877000"
"7697","14:42:45.563960","52","1","100.64.0.5","48192","18.483320000","0","302353","5000","18.539888000"
"7698","14:42:45.563971","100","304465","172.26.191.172","5000","18.483331000","48","1","48192","18.539899000"
"7699","14:42:45.563973","100","304513","172.26.191.172","5000","18.483333000","48","1","48192","18.539901000"
"7700","14:42:45.563980","52","1","100.64.0.5","48192","18.483340000","0","302593","5000","18.539908000"
"7701","14:42:45.563992","100","304561","172.26.191.172","5000","18.483352000","48","1","48192","18.539920000"
"7702","14:42:45.563993","100","304609","172.26.191.172","5000","18.483353000","48","1","48192","18.539921000"
"7703","14:42:45.564001","100","304657","172.26.191.172","5000","18.483361000","48","1","48192","18.539929000"
"7704","14:42:45.564002","100","304705","172.26.191.172","5000","18.483362000","48","1","48192","18.539930000"
"7705","14:42:45.564009","52","1","100.64.0.5","48192","18.483369000","0","302641","5000","18.539937000"
"7706","14:42:45.564017","100","304753","172.26.191.172","5000","18.483377000","48","1","48192","18.539945000"
"7707","14:42:45.564019","100","304801","172.26.191.172","5000","18.483379000","48","1","48192","18.539947000"
"7708","14:42:45.595499","52","1","100.64.0.5","48192","18.514859000","0","302929","5000","18.571427000"
"7709","14:42:45.595540","100","304849","172.26.191.172","5000","18.514900000","48","1","48192","18.571468000"
"7710","14:42:45.595549","100","304897","172.26.191.172","5000","18.514909000","48","1","48192","18.571477000"
"7711","14:42:45.595560","100","304945","172.26.191.172","5000","18.514920000","48","1","48192","18.571488000"
"7712","14:42:45.595562","100","304993","172.26.191.172","5000","18.514922000","48","1","48192","18.571490000"
"7713","14:42:45.595569","100","305041","172.26.191.172","5000","18.514929000","48","1","48192","18.571497000"
"7714","14:42:45.595570","100","305089","172.26.191.172","5000","18.514930000","48","1","48192","18.571498000"
"7715","14:42:45.595582","52","1","100.64.0.5","48192","18.514942000","0","303217","5000","18.571510000"
"7716","14:42:45.595593","100","305137","172.26.191.172","5000","18.514953000","48","1","48192","18.571521000"
"7717","14:42:45.595595","100","305185","172.26.191.172","5000","18.514955000","48","1","48192","18.571523000"
"7718","14:42:45.595601","100","305233","172.26.191.172","5000","18.514961000","48","1","48192","18.571529000"
"7719","14:42:45.595603","100","305281","172.26.191.172","5000","18.514963000","48","1","48192","18.571531000"
"7720","14:42:45.595608","100","305329","172.26.191.172","5000","18.514968000","48","1","48192","18.571536000"
"7721","14:42:45.595609","100","305377","172.26.191.172","5000","18.514969000","48","1","48192","18.571537000"
"7722","14:42:45.595616","52","1","100.64.0.5","48192","18.514976000","0","303313","5000","18.571544000"
"7723","14:42:45.595624","100","305425","172.26.191.172","5000","18.514984000","48","1","48192","18.571552000"
"7724","14:42:45.595625","100","305473","172.26.191.172","5000","18.514985000","48","1","48192","18.571553000"
"7725","14:42:45.624519","52","1","100.64.0.5","48192","18.543879000","0","303601","5000","18.600447000"
"7726","14:42:45.624556","100","305521","172.26.191.172","5000","18.543916000","48","1","48192","18.600484000"
"7727","14:42:45.624564","100","305569","172.26.191.172","5000","18.543924000","48","1","48192","18.600492000"
"7728","14:42:45.624575","100","305617","172.26.191.172","5000","18.543935000","48","1","48192","18.600503000"
"7729","14:42:45.624576","100","305665","172.26.191.172","5000","18.543936000","48","1","48192","18.600504000"
"7730","14:42:45.624583","100","305713","172.26.191.172","5000","18.543943000","48","1","48192","18.600511000"
"7731","14:42:45.624584","100","305761","172.26.191.172","5000","18.543944000","48","1","48192","18.600512000"
"7732","14:42:45.624595","52","1","100.64.0.5","48192","18.543955000","0","303745","5000","18.600523000"
"7733","14:42:45.624605","100","305809","172.26.191.172","5000","18.543965000","48","1","48192","18.600533000"
"7734","14:42:45.624607","100","305857","172.26.191.172","5000","18.543967000","48","1","48192","18.600535000"
"7735","14:42:45.624614","52","1","100.64.0.5","48192","18.543974000","0","303985","5000","18.600542000"
"7736","14:42:45.624623","100","305905","172.26.191.172","5000","18.543983000","48","1","48192","18.600551000"
"7737","14:42:45.624624","100","305953","172.26.191.172","5000","18.543984000","48","1","48192","18.600552000"
"7738","14:42:45.624631","100","306001","172.26.191.172","5000","18.543991000","48","1","48192","18.600559000"
"7739","14:42:45.624632","100","306049","172.26.191.172","5000","18.543992000","48","1","48192","18.600560000"
"7740","14:42:45.624638","100","306097","172.26.191.172","5000","18.543998000","48","1","48192","18.600566000"
"7741","14:42:45.624639","100","306145","172.26.191.172","5000","18.543999000","48","1","48192","18.600567000"
"7742","14:42:45.654886","52","1","100.64.0.5","48192","18.574246000","0","304273","5000","18.630814000"
"7743","14:42:45.654910","100","306193","172.26.191.172","5000","18.574270000","48","1","48192","18.630838000"
"7744","14:42:45.654915","100","306241","172.26.191.172","5000","18.574275000","48","1","48192","18.630843000"
"7745","14:42:45.654922","100","306289","172.26.191.172","5000","18.574282000","48","1","48192","18.630850000"
"7746","14:42:45.654923","100","306337","172.26.191.172","5000","18.574283000","48","1","48192","18.630851000"
"7747","14:42:45.654927","100","306385","172.26.191.172","5000","18.574287000","48","1","48192","18.630855000"
"7748","14:42:45.654928","100","306433","172.26.191.172","5000","18.574288000","48","1","48192","18.630856000"
"7749","14:42:45.654936","52","1","100.64.0.5","48192","18.574296000","0","304561","5000","18.630864000"
"7750","14:42:45.654944","100","306481","172.26.191.172","5000","18.574304000","48","1","48192","18.630872000"
"7751","14:42:45.654945","100","306529","172.26.191.172","5000","18.574305000","48","1","48192","18.630873000"
"7752","14:42:45.654949","100","306577","172.26.191.172","5000","18.574309000","48","1","48192","18.630877000"
"7753","14:42:45.654950","100","306625","172.26.191.172","5000","18.574310000","48","1","48192","18.630878000"
"7754","14:42:45.654954","100","306673","172.26.191.172","5000","18.574314000","48","1","48192","18.630882000"
"7755","14:42:45.654955","100","306721","172.26.191.172","5000","18.574315000","48","1","48192","18.630883000"
"7756","14:42:45.654960","52","1","100.64.0.5","48192","18.574320000","0","304705","5000","18.630888000"
"7757","14:42:45.654967","100","306769","172.26.191.172","5000","18.574327000","48","1","48192","18.630895000"
"7758","14:42:45.654968","100","306817","172.26.191.172","5000","18.574328000","48","1","48192","18.630896000"
"7759","14:42:45.654972","100","306865","172.26.191.172","5000","18.574332000","48","1","48192","18.630900000"
"7760","14:42:45.654973","100","306913","172.26.191.172","5000","18.574333000","48","1","48192","18.630901000"
"7761","14:42:45.685632","52","1","100.64.0.5","48192","18.604992000","0","304993","5000","18.661560000"
"7762","14:42:45.685647","100","306961","172.26.191.172","5000","18.605007000","48","1","48192","18.661575000"
"7763","14:42:45.685650","100","307009","172.26.191.172","5000","18.605010000","48","1","48192","18.661578000"
"7764","14:42:45.685653","100","307057","172.26.191.172","5000","18.605013000","48","1","48192","18.661581000"
"7765","14:42:45.685653","100","307105","172.26.191.172","5000","18.605013000","48","1","48192","18.661581000"
"7766","14:42:45.685655","100","307153","172.26.191.172","5000","18.605015000","48","1","48192","18.661583000"
"7767","14:42:45.685655","100","307201","172.26.191.172","5000","18.605015000","48","1","48192","18.661583000"
"7768","14:42:45.685658","52","1","100.64.0.5","48192","18.605018000","0","305137","5000","18.661586000"
"7769","14:42:45.685661","100","307249","172.26.191.172","5000","18.605021000","48","1","48192","18.661589000"
"7770","14:42:45.685662","100","307297","172.26.191.172","5000","18.605022000","48","1","48192","18.661590000"
"7771","14:42:45.685664","52","1","100.64.0.5","48192","18.605024000","0","305377","5000","18.661592000"
"7772","14:42:45.685666","100","307345","172.26.191.172","5000","18.605026000","48","1","48192","18.661594000"
"7773","14:42:45.685667","100","307393","172.26.191.172","5000","18.605027000","48","1","48192","18.661595000"
"7774","14:42:45.685669","100","307441","172.26.191.172","5000","18.605029000","48","1","48192","18.661597000"
"7775","14:42:45.685669","100","307489","172.26.191.172","5000","18.605029000","48","1","48192","18.661597000"
"7776","14:42:45.685671","100","307537","172.26.191.172","5000","18.605031000","48","1","48192","18.661599000"
"7777","14:42:45.685671","100","307585","172.26.191.172","5000","18.605031000","48","1","48192","18.661599000"
"7778","14:42:45.715597","52","1","100.64.0.5","48192","18.634957000","0","305713","5000","18.691525000"
"7779","14:42:45.715615","100","307633","172.26.191.172","5000","18.634975000","48","1","48192","18.691543000"
"7780","14:42:45.715620","100","307681","172.26.191.172","5000","18.634980000","48","1","48192","18.691548000"
"7781","14:42:45.715623","100","307729","172.26.191.172","5000","18.634983000","48","1","48192","18.691551000"
"7782","14:42:45.715624","100","307777","172.26.191.172","5000","18.634984000","48","1","48192","18.691552000"
"7783","14:42:45.715626","100","307825","172.26.191.172","5000","18.634986000","48","1","48192","18.691554000"
"7784","14:42:45.715626","100","307873","172.26.191.172","5000","18.634986000","48","1","48192","18.691554000"
"7785","14:42:45.715630","52","1","100.64.0.5","48192","18.634990000","0","306001","5000","18.691558000"
"7786","14:42:45.715634","100","307921","172.26.191.172","5000","18.634994000","48","1","48192","18.691562000"
"7787","14:42:45.715634","100","307969","172.26.191.172","5000","18.634994000","48","1","48192","18.691562000"
"7788","14:42:45.715637","100","308017","172.26.191.172","5000","18.634997000","48","1","48192","18.691565000"
"7789","14:42:45.715637","100","308065","172.26.191.172","5000","18.634997000","48","1","48192","18.691565000"
"7790","14:42:45.715639","100","308113","172.26.191.172","5000","18.634999000","48","1","48192","18.691567000"
"7791","14:42:45.715640","100","308161","172.26.191.172","5000","18.635000000","48","1","48192","18.691568000"
"7792","14:42:45.715642","52","1","100.64.0.5","48192","18.635002000","0","306097","5000","18.691570000"
"7793","14:42:45.715666","100","308209","172.26.191.172","5000","18.635026000","48","1","48192","18.691594000"
"7794","14:42:45.715667","100","308257","172.26.191.172","5000","18.635027000","48","1","48192","18.691595000"
"7795","14:42:45.746369","64","1","100.64.0.5","48192","18.665729000","0","306337","5000","18.722297000"
"7796","14:42:45.746397","100","308305","172.26.191.172","5000","18.665757000","48","1","48192","18.722325000"
"7797","14:42:45.746402","100","308353","172.26.191.172","5000","18.665762000","48","1","48192","18.722330000"
"7798","14:42:45.746408","100","308401","172.26.191.172","5000","18.665768000","48","1","48192","18.722336000"
"7799","14:42:45.746409","100","308449","172.26.191.172","5000","18.665769000","48","1","48192","18.722337000"
"7800","14:42:45.746412","100","308497","172.26.191.172","5000","18.665772000","48","1","48192","18.722340000"
"7801","14:42:45.746413","100","308545","172.26.191.172","5000","18.665773000","48","1","48192","18.722341000"
"7802","14:42:45.746419","64","1","100.64.0.5","48192","18.665779000","0","306337","5000","18.722347000"
"7803","14:42:45.746426","100","306337","172.26.191.172","5000","18.665786000","48","1","48192","18.722354000"
"7804","14:42:45.746430","64","1","100.64.0.5","48192","18.665790000","0","306337","5000","18.722358000"
"7805","14:42:45.746436","100","306385","172.26.191.172","5000","18.665796000","48","1","48192","18.722364000"
"7806","14:42:45.746440","100","308593","172.26.191.172","5000","18.665800000","48","1","48192","18.722368000"
"7807","14:42:45.746441","100","308641","172.26.191.172","5000","18.665801000","48","1","48192","18.722369000"
"7808","14:42:45.777322","64","1","100.64.0.5","48192","18.696682000","0","306337","5000","18.753250000"
"7809","14:42:45.777361","100","308689","172.26.191.172","5000","18.696721000","48","1","48192","18.753289000"
"7810","14:42:45.777382","64","1","100.64.0.5","48192","18.696742000","0","306337","5000","18.753310000"
"7811","14:42:45.777403","100","308737","172.26.191.172","5000","18.696763000","48","1","48192","18.753331000"
"7812","14:42:45.777405","100","308785","172.26.191.172","5000","18.696765000","48","1","48192","18.753333000"
"7813","14:42:45.777411","100","308833","172.26.191.172","5000","18.696771000","48","1","48192","18.753339000"
"7814","14:42:45.777413","100","308881","172.26.191.172","5000","18.696773000","48","1","48192","18.753341000"
"7815","14:42:45.777419","100","308929","172.26.191.172","5000","18.696779000","48","1","48192","18.753347000"
"7816","14:42:45.777420","100","308977","172.26.191.172","5000","18.696780000","48","1","48192","18.753348000"
"7817","14:42:45.777424","100","309025","172.26.191.172","5000","18.696784000","48","1","48192","18.753352000"
"7818","14:42:45.806978","64","1","100.64.0.5","48192","18.726338000","0","306337","5000","18.782906000"
"7819","14:42:45.807029","100","309073","172.26.191.172","5000","18.726389000","48","1","48192","18.782957000"
"7820","14:42:45.807038","100","309121","172.26.191.172","5000","18.726398000","48","1","48192","18.782966000"
"7821","14:42:45.807048","100","309169","172.26.191.172","5000","18.726408000","48","1","48192","18.782976000"
"7822","14:42:45.807049","100","309217","172.26.191.172","5000","18.726409000","48","1","48192","18.782977000"
"7823","14:42:45.837332","52","1","100.64.0.5","48192","18.756692000","0","308593","5000","18.813260000"
"7824","14:42:45.837378","100","309265","172.26.191.172","5000","18.756738000","48","1","48192","18.813306000"
"7825","14:42:45.837387","100","309313","172.26.191.172","5000","18.756747000","48","1","48192","18.813315000"
"7826","14:42:45.837397","100","309361","172.26.191.172","5000","18.756757000","48","1","48192","18.813325000"
"7827","14:42:45.837399","100","309409","172.26.191.172","5000","18.756759000","48","1","48192","18.813327000"
"7828","14:42:45.837405","100","309457","172.26.191.172","5000","18.756765000","48","1","48192","18.813333000"
"7829","14:42:45.837406","100","309505","172.26.191.172","5000","18.756766000","48","1","48192","18.813334000"
"7830","14:42:45.837412","100","309553","172.26.191.172","5000","18.756772000","48","1","48192","18.813340000"
"7831","14:42:45.837413","100","309601","172.26.191.172","5000","18.756773000","48","1","48192","18.813341000"
"7832","14:42:45.837425","52","1","100.64.0.5","48192","18.756785000","0","308689","5000","18.813353000"
"7833","14:42:45.837436","100","309649","172.26.191.172","5000","18.756796000","48","1","48192","18.813364000"
"7834","14:42:45.837437","100","309697","172.26.191.172","5000","18.756797000","48","1","48192","18.813365000"
"7835","14:42:45.868146","52","1","100.64.0.5","48192","18.787506000","0","309025","5000","18.844074000"
"7836","14:42:45.868187","100","309745","172.26.191.172","5000","18.787547000","48","1","48192","18.844115000"
"7837","14:42:45.868196","100","309793","172.26.191.172","5000","18.787556000","48","1","48192","18.844124000"
"7838","14:42:45.868207","100","309841","172.26.191.172","5000","18.787567000","48","1","48192","18.844135000"
"7839","14:42:45.868209","100","309889","172.26.191.172","5000","18.787569000","48","1","48192","18.844137000"
"7840","14:42:45.868215","100","309937","172.26.191.172","5000","18.787575000","48","1","48192","18.844143000"
"7841","14:42:45.868216","100","309985","172.26.191.172","5000","18.787576000","48","1","48192","18.844144000"
"7842","14:42:45.868221","100","310033","172.26.191.172","5000","18.787581000","48","1","48192","18.844149000"
"7843","14:42:45.868223","100","310081","172.26.191.172","5000","18.787583000","48","1","48192","18.844151000"
"7844","14:42:45.868235","52","1","100.64.0.5","48192","18.787595000","0","309073","5000","18.844163000"
"7845","14:42:45.898602","52","1","100.64.0.5","48192","18.817962000","0","309265","5000","18.874530000"
"7846","14:42:45.898641","100","310129","172.26.191.172","5000","18.818001000","48","1","48192","18.874569000"
"7847","14:42:45.898650","100","310177","172.26.191.172","5000","18.818010000","48","1","48192","18.874578000"
"7848","14:42:45.898661","100","310225","172.26.191.172","5000","18.818021000","48","1","48192","18.874589000"
"7849","14:42:45.898662","100","310273","172.26.191.172","5000","18.818022000","48","1","48192","18.874590000"
"7850","14:42:45.898668","100","310321","172.26.191.172","5000","18.818028000","48","1","48192","18.874596000"
"7851","14:42:45.898670","100","310369","172.26.191.172","5000","18.818030000","48","1","48192","18.874598000"
"7852","14:42:45.928093","52","1","100.64.0.5","48192","18.847453000","0","309553","5000","18.904021000"
"7853","14:42:45.928133","100","310417","172.26.191.172","5000","18.847493000","48","1","48192","18.904061000"
"7854","14:42:45.928141","100","310465","172.26.191.172","5000","18.847501000","48","1","48192","18.904069000"
"7855","14:42:45.928152","100","310513","172.26.191.172","5000","18.847512000","48","1","48192","18.904080000"
"7856","14:42:45.928154","100","310561","172.26.191.172","5000","18.847514000","48","1","48192","18.904082000"
"7857","14:42:45.928160","100","310609","172.26.191.172","5000","18.847520000","48","1","48192","18.904088000"
"7858","14:42:45.928161","100","310657","172.26.191.172","5000","18.847521000","48","1","48192","18.904089000"
"7859","14:42:45.928173","52","1","100.64.0.5","48192","18.847533000","0","309745","5000","18.904101000"
"7860","14:42:45.928184","100","310705","172.26.191.172","5000","18.847544000","48","1","48192","18.904112000"
"7861","14:42:45.928185","100","310753","172.26.191.172","5000","18.847545000","48","1","48192","18.904113000"
"7862","14:42:45.928192","100","310801","172.26.191.172","5000","18.847552000","48","1","48192","18.904120000"
"7863","14:42:45.928193","100","310849","172.26.191.172","5000","18.847553000","48","1","48192","18.904121000"
"7864","14:42:45.957806","52","1","100.64.0.5","48192","18.877166000","0","310033","5000","18.933734000"
"7865","14:42:45.957844","100","310897","172.26.191.172","5000","18.877204000","48","1","48192","18.933772000"
"7866","14:42:45.957853","100","310945","172.26.191.172","5000","18.877213000","48","1","48192","18.933781000"
"7867","14:42:45.957864","100","310993","172.26.191.172","5000","18.877224000","48","1","48192","18.933792000"
"7868","14:42:45.957866","100","311041","172.26.191.172","5000","18.877226000","48","1","48192","18.933794000"
"7869","14:42:45.957872","100","311089","172.26.191.172","5000","18.877232000","48","1","48192","18.933800000"
"7870","14:42:45.957873","100","311137","172.26.191.172","5000","18.877233000","48","1","48192","18.933801000"
"7871","14:42:45.957885","52","1","100.64.0.5","48192","18.877245000","0","310129","5000","18.933813000"
"7872","14:42:45.957895","100","311185","172.26.191.172","5000","18.877255000","48","1","48192","18.933823000"
"7873","14:42:45.957896","100","311233","172.26.191.172","5000","18.877256000","48","1","48192","18.933824000"
"7874","14:42:45.989396","52","1","100.64.0.5","48192","18.908756000","0","310417","5000","18.965324000"
"7875","14:42:45.989436","100","311281","172.26.191.172","5000","18.908796000","48","1","48192","18.965364000"
"7876","14:42:45.989445","100","311329","172.26.191.172","5000","18.908805000","48","1","48192","18.965373000"
"7877","14:42:45.989455","100","311377","172.26.191.172","5000","18.908815000","48","1","48192","18.965383000"
"7878","14:42:45.989457","100","311425","172.26.191.172","5000","18.908817000","48","1","48192","18.965385000"
"7879","14:42:45.989463","100","311473","172.26.191.172","5000","18.908823000","48","1","48192","18.965391000"
"7880","14:42:45.989465","100","311521","172.26.191.172","5000","18.908825000","48","1","48192","18.965393000"
"7881","14:42:46.019350","52","1","100.64.0.5","48192","18.938710000","0","310705","5000","18.995278000"
"7882","14:42:46.019391","100","311569","172.26.191.172","5000","18.938751000","48","1","48192","18.995319000"
"7883","14:42:46.019400","100","311617","172.26.191.172","5000","18.938760000","48","1","48192","18.995328000"
"7884","14:42:46.019410","100","311665","172.26.191.172","5000","18.938770000","48","1","48192","18.995338000"
"7885","14:42:46.019412","100","311713","172.26.191.172","5000","18.938772000","48","1","48192","18.995340000"
"7886","14:42:46.019418","100","311761","172.26.191.172","5000","18.938778000","48","1","48192","18.995346000"
"7887","14:42:46.019420","100","311809","172.26.191.172","5000","18.938780000","48","1","48192","18.995348000"
"7888","14:42:46.019432","52","1","100.64.0.5","48192","18.938792000","0","310897","5000","18.995360000"
"7889","14:42:46.019443","100","311857","172.26.191.172","5000","18.938803000","48","1","48192","18.995371000"
"7890","14:42:46.019444","100","311905","172.26.191.172","5000","18.938804000","48","1","48192","18.995372000"
"7891","14:42:46.019451","100","311953","172.26.191.172","5000","18.938811000","48","1","48192","18.995379000"
"7892","14:42:46.019452","100","312001","172.26.191.172","5000","18.938812000","48","1","48192","18.995380000"
"7893","14:42:46.048491","52","1","100.64.0.5","48192","18.967851000","0","311185","5000","19.024419000"
"7894","14:42:46.048529","100","312049","172.26.191.172","5000","18.967889000","48","1","48192","19.024457000"
"7895","14:42:46.048538","100","312097","172.26.191.172","5000","18.967898000","48","1","48192","19.024466000"
"7896","14:42:46.048550","100","312145","172.26.191.172","5000","18.967910000","48","1","48192","19.024478000"
"7897","14:42:46.048551","100","312193","172.26.191.172","5000","18.967911000","48","1","48192","19.024479000"
"7898","14:42:46.048557","100","312241","172.26.191.172","5000","18.967917000","48","1","48192","19.024485000"
"7899","14:42:46.048558","100","312289","172.26.191.172","5000","18.967918000","48","1","48192","19.024486000"
"7900","14:42:46.048572","52","1","100.64.0.5","48192","18.967932000","0","311281","5000","19.024500000"
"7901","14:42:46.048582","100","312337","172.26.191.172","5000","18.967942000","48","1","48192","19.024510000"
"7902","14:42:46.048584","100","312385","172.26.191.172","5000","18.967944000","48","1","48192","19.024512000"
"7903","14:42:46.079706","52","1","100.64.0.5","48192","18.999066000","0","311569","5000","19.055634000"
"7904","14:42:46.079745","100","312433","172.26.191.172","5000","18.999105000","48","1","48192","19.055673000"
"7905","14:42:46.079754","100","312481","172.26.191.172","5000","18.999114000","48","1","48192","19.055682000"
"7906","14:42:46.079765","100","312529","172.26.191.172","5000","18.999125000","48","1","48192","19.055693000"
"7907","14:42:46.079766","100","312577","172.26.191.172","5000","18.999126000","48","1","48192","19.055694000"
"7908","14:42:46.079772","100","312625","172.26.191.172","5000","18.999132000","48","1","48192","19.055700000"
"7909","14:42:46.079774","100","312673","172.26.191.172","5000","18.999134000","48","1","48192","19.055702000"
"7910","14:42:46.110100","52","1","100.64.0.5","48192","19.029460000","0","311857","5000","19.086028000"
"7911","14:42:46.110139","100","312721","172.26.191.172","5000","19.029499000","48","1","48192","19.086067000"
"7912","14:42:46.110148","100","312769","172.26.191.172","5000","19.029508000","48","1","48192","19.086076000"
"7913","14:42:46.110159","100","312817","172.26.191.172","5000","19.029519000","48","1","48192","19.086087000"
"7914","14:42:46.110160","100","312865","172.26.191.172","5000","19.029520000","48","1","48192","19.086088000"
"7915","14:42:46.110166","100","312913","172.26.191.172","5000","19.029526000","48","1","48192","19.086094000"
"7916","14:42:46.110168","100","312961","172.26.191.172","5000","19.029528000","48","1","48192","19.086096000"
"7917","14:42:46.110175","100","313009","172.26.191.172","5000","19.029535000","48","1","48192","19.086103000"
"7918","14:42:46.110176","100","313057","172.26.191.172","5000","19.029536000","48","1","48192","19.086104000"
"7919","14:42:46.110188","52","1","100.64.0.5","48192","19.029548000","0","312049","5000","19.086116000"
"7920","14:42:46.110200","100","313105","172.26.191.172","5000","19.029560000","48","1","48192","19.086128000"
"7921","14:42:46.110201","100","313153","172.26.191.172","5000","19.029561000","48","1","48192","19.086129000"
"7922","14:42:46.110208","100","313201","172.26.191.172","5000","19.029568000","48","1","48192","19.086136000"
"7923","14:42:46.110209","100","313249","172.26.191.172","5000","19.029569000","48","1","48192","19.086137000"
"7924","14:42:46.139342","52","1","100.64.0.5","48192","19.058702000","0","312337","5000","19.115270000"
"7925","14:42:46.139382","100","313297","172.26.191.172","5000","19.058742000","48","1","48192","19.115310000"
"7926","14:42:46.139391","100","313345","172.26.191.172","5000","19.058751000","48","1","48192","19.115319000"
"7927","14:42:46.139401","100","313393","172.26.191.172","5000","19.058761000","48","1","48192","19.115329000"
"7928","14:42:46.139403","100","313441","172.26.191.172","5000","19.058763000","48","1","48192","19.115331000"
"7929","14:42:46.139409","100","313489","172.26.191.172","5000","19.058769000","48","1","48192","19.115337000"
"7930","14:42:46.139411","100","313537","172.26.191.172","5000","19.058771000","48","1","48192","19.115339000"
"7931","14:42:46.140518","52","1","100.64.0.5","48192","19.059878000","0","312433","5000","19.116446000"
"7932","14:42:46.140544","100","313585","172.26.191.172","5000","19.059904000","48","1","48192","19.116472000"
"7933","14:42:46.140550","100","313633","172.26.191.172","5000","19.059910000","48","1","48192","19.116478000"
"7934","14:42:46.171594","52","1","100.64.0.5","48192","19.090954000","0","312721","5000","19.147522000"
"7935","14:42:46.171633","100","313681","172.26.191.172","5000","19.090993000","48","1","48192","19.147561000"
"7936","14:42:46.171642","100","313729","172.26.191.172","5000","19.091002000","48","1","48192","19.147570000"
"7937","14:42:46.171654","100","313777","172.26.191.172","5000","19.091014000","48","1","48192","19.147582000"
"7938","14:42:46.171655","100","313825","172.26.191.172","5000","19.091015000","48","1","48192","19.147583000"
"7939","14:42:46.171661","100","313873","172.26.191.172","5000","19.091021000","48","1","48192","19.147589000"
"7940","14:42:46.171663","100","313921","172.26.191.172","5000","19.091023000","48","1","48192","19.147591000"
"7941","14:42:46.201041","52","1","100.64.0.5","48192","19.120401000","0","313009","5000","19.176969000"
"7942","14:42:46.201080","100","313969","172.26.191.172","5000","19.120440000","48","1","48192","19.177008000"
"7943","14:42:46.201090","100","314017","172.26.191.172","5000","19.120450000","48","1","48192","19.177018000"
"7944","14:42:46.201101","100","314065","172.26.191.172","5000","19.120461000","48","1","48192","19.177029000"
"7945","14:42:46.201102","100","314113","172.26.191.172","5000","19.120462000","48","1","48192","19.177030000"
"7946","14:42:46.201108","100","314161","172.26.191.172","5000","19.120468000","48","1","48192","19.177036000"
"7947","14:42:46.201110","100","314209","172.26.191.172","5000","19.120470000","48","1","48192","19.177038000"
"7948","14:42:46.201121","52","1","100.64.0.5","48192","19.120481000","0","313297","5000","19.177049000"
"7949","14:42:46.201133","100","314257","172.26.191.172","5000","19.120493000","48","1","48192","19.177061000"
"7950","14:42:46.201135","100","314305","172.26.191.172","5000","19.120495000","48","1","48192","19.177063000"
"7951","14:42:46.201142","100","314353","172.26.191.172","5000","19.120502000","48","1","48192","19.177070000"
"7952","14:42:46.201144","100","314401","172.26.191.172","5000","19.120504000","48","1","48192","19.177072000"
"7953","14:42:46.201151","100","314449","172.26.191.172","5000","19.120511000","48","1","48192","19.177079000"
"7954","14:42:46.201152","100","314497","172.26.191.172","5000","19.120512000","48","1","48192","19.177080000"
"7955","14:42:46.230803","52","1","100.64.0.5","48192","19.150163000","0","313585","5000","19.206731000"
"7956","14:42:46.230843","100","314545","172.26.191.172","5000","19.150203000","48","1","48192","19.206771000"
"7957","14:42:46.230852","100","314593","172.26.191.172","5000","19.150212000","48","1","48192","19.206780000"
"7958","14:42:46.230863","100","314641","172.26.191.172","5000","19.150223000","48","1","48192","19.206791000"
"7959","14:42:46.230865","100","314689","172.26.191.172","5000","19.150225000","48","1","48192","19.206793000"
"7960","14:42:46.230871","100","314737","172.26.191.172","5000","19.150231000","48","1","48192","19.206799000"
"7961","14:42:46.230872","100","314785","172.26.191.172","5000","19.150232000","48","1","48192","19.206800000"
"7962","14:42:46.230884","52","1","100.64.0.5","48192","19.150244000","0","313681","5000","19.206812000"
"7963","14:42:46.230893","100","314833","172.26.191.172","5000","19.150253000","48","1","48192","19.206821000"
"7964","14:42:46.230895","100","314881","172.26.191.172","5000","19.150255000","48","1","48192","19.206823000"
"7965","14:42:46.261263","52","1","100.64.0.5","48192","19.180623000","0","313969","5000","19.237191000"
"7966","14:42:46.261302","100","314929","172.26.191.172","5000","19.180662000","48","1","48192","19.237230000"
"7967","14:42:46.261311","100","314977","172.26.191.172","5000","19.180671000","48","1","48192","19.237239000"
"7968","14:42:46.261322","100","315025","172.26.191.172","5000","19.180682000","48","1","48192","19.237250000"
"7969","14:42:46.261323","100","315073","172.26.191.172","5000","19.180683000","48","1","48192","19.237251000"
"7970","14:42:46.261331","100","315121","172.26.191.172","5000","19.180691000","48","1","48192","19.237259000"
"7971","14:42:46.261332","100","315169","172.26.191.172","5000","19.180692000","48","1","48192","19.237260000"
"7972","14:42:46.292178","52","1","100.64.0.5","48192","19.211538000","0","314257","5000","19.268106000"
"7973","14:42:46.292218","100","315217","172.26.191.172","5000","19.211578000","48","1","48192","19.268146000"
"7974","14:42:46.292227","100","315265","172.26.191.172","5000","19.211587000","48","1","48192","19.268155000"
"7975","14:42:46.292238","100","315313","172.26.191.172","5000","19.211598000","48","1","48192","19.268166000"
"7976","14:42:46.292240","100","315361","172.26.191.172","5000","19.211600000","48","1","48192","19.268168000"
"7977","14:42:46.292245","100","315409","172.26.191.172","5000","19.211605000","48","1","48192","19.268173000"
"7978","14:42:46.292247","100","315457","172.26.191.172","5000","19.211607000","48","1","48192","19.268175000"
"7979","14:42:46.292253","100","315505","172.26.191.172","5000","19.211613000","48","1","48192","19.268181000"
"7980","14:42:46.292254","100","315553","172.26.191.172","5000","19.211614000","48","1","48192","19.268182000"
"7981","14:42:46.292266","52","1","100.64.0.5","48192","19.211626000","0","314353","5000","19.268194000"
"7982","14:42:46.292275","100","315601","172.26.191.172","5000","19.211635000","48","1","48192","19.268203000"
"7983","14:42:46.292277","100","315649","172.26.191.172","5000","19.211637000","48","1","48192","19.268205000"
"7984","14:42:46.292284","52","1","100.64.0.5","48192","19.211644000","0","314545","5000","19.268212000"
"7985","14:42:46.292294","100","315697","172.26.191.172","5000","19.211654000","48","1","48192","19.268222000"
"7986","14:42:46.292295","100","315745","172.26.191.172","5000","19.211655000","48","1","48192","19.268223000"
"7987","14:42:46.292303","100","315793","172.26.191.172","5000","19.211663000","48","1","48192","19.268231000"
"7988","14:42:46.292304","100","315841","172.26.191.172","5000","19.211664000","48","1","48192","19.268232000"
"7989","14:42:46.321862","52","1","100.64.0.5","48192","19.241222000","0","314833","5000","19.297790000"
"7990","14:42:46.321907","100","315889","172.26.191.172","5000","19.241267000","48","1","48192","19.297835000"
"7991","14:42:46.321918","100","315937","172.26.191.172","5000","19.241278000","48","1","48192","19.297846000"
"7992","14:42:46.321930","100","315985","172.26.191.172","5000","19.241290000","48","1","48192","19.297858000"
"7993","14:42:46.321932","100","316033","172.26.191.172","5000","19.241292000","48","1","48192","19.297860000"
"7994","14:42:46.321939","100","316081","172.26.191.172","5000","19.241299000","48","1","48192","19.297867000"
"7995","14:42:46.321940","100","316129","172.26.191.172","5000","19.241300000","48","1","48192","19.297868000"
"7996","14:42:46.321954","52","1","100.64.0.5","48192","19.241314000","0","314929","5000","19.297882000"
"7997","14:42:46.321964","100","316177","172.26.191.172","5000","19.241324000","48","1","48192","19.297892000"
"7998","14:42:46.321967","100","316225","172.26.191.172","5000","19.241327000","48","1","48192","19.297895000"
"7999","14:42:46.351967","52","1","100.64.0.5","48192","19.271327000","0","315217","5000","19.327895000"
"8000","14:42:46.352011","100","316273","172.26.191.172","5000","19.271371000","48","1","48192","19.327939000"
"8001","14:42:46.352021","100","316321","172.26.191.172","5000","19.271381000","48","1","48192","19.327949000"
"8002","14:42:46.352032","100","316369","172.26.191.172","5000","19.271392000","48","1","48192","19.327960000"
"8003","14:42:46.352034","100","316417","172.26.191.172","5000","19.271394000","48","1","48192","19.327962000"
"8004","14:42:46.352040","100","316465","172.26.191.172","5000","19.271400000","48","1","48192","19.327968000"
"8005","14:42:46.352041","100","316513","172.26.191.172","5000","19.271401000","48","1","48192","19.327969000"
"8006","14:42:46.382894","52","1","100.64.0.5","48192","19.302254000","0","315505","5000","19.358822000"
"8007","14:42:46.382935","100","316561","172.26.191.172","5000","19.302295000","48","1","48192","19.358863000"
"8008","14:42:46.382944","100","316609","172.26.191.172","5000","19.302304000","48","1","48192","19.358872000"
"8009","14:42:46.382955","100","316657","172.26.191.172","5000","19.302315000","48","1","48192","19.358883000"
"8010","14:42:46.382957","100","316705","172.26.191.172","5000","19.302317000","48","1","48192","19.358885000"
"8011","14:42:46.382963","100","316753","172.26.191.172","5000","19.302323000","48","1","48192","19.358891000"
"8012","14:42:46.382964","100","316801","172.26.191.172","5000","19.302324000","48","1","48192","19.358892000"
"8013","14:42:46.382976","52","1","100.64.0.5","48192","19.302336000","0","315793","5000","19.358904000"
"8014","14:42:46.382986","100","316849","172.26.191.172","5000","19.302346000","48","1","48192","19.358914000"
"8015","14:42:46.382988","100","316897","172.26.191.172","5000","19.302348000","48","1","48192","19.358916000"
"8016","14:42:46.382994","100","316945","172.26.191.172","5000","19.302354000","48","1","48192","19.358922000"
"8017","14:42:46.382996","100","316993","172.26.191.172","5000","19.302356000","48","1","48192","19.358924000"
"8018","14:42:46.383003","100","317041","172.26.191.172","5000","19.302363000","48","1","48192","19.358931000"
"8019","14:42:46.383004","100","317089","172.26.191.172","5000","19.302364000","48","1","48192","19.358932000"
"8020","14:42:46.383010","52","1","100.64.0.5","48192","19.302370000","0","315889","5000","19.358938000"
"8021","14:42:46.383018","100","317137","172.26.191.172","5000","19.302378000","48","1","48192","19.358946000"
"8022","14:42:46.383020","100","317185","172.26.191.172","5000","19.302380000","48","1","48192","19.358948000"
"8023","14:42:46.413383","52","1","100.64.0.5","48192","19.332743000","0","316177","5000","19.389311000"
"8024","14:42:46.413423","100","317233","172.26.191.172","5000","19.332783000","48","1","48192","19.389351000"
"8025","14:42:46.413432","100","317281","172.26.191.172","5000","19.332792000","48","1","48192","19.389360000"
"8026","14:42:46.413443","100","317329","172.26.191.172","5000","19.332803000","48","1","48192","19.389371000"
"8027","14:42:46.413444","100","317377","172.26.191.172","5000","19.332804000","48","1","48192","19.389372000"
"8028","14:42:46.413450","100","317425","172.26.191.172","5000","19.332810000","48","1","48192","19.389378000"
"8029","14:42:46.413452","100","317473","172.26.191.172","5000","19.332812000","48","1","48192","19.389380000"
"8030","14:42:46.413463","52","1","100.64.0.5","48192","19.332823000","0","316273","5000","19.389391000"
"8031","14:42:46.413472","100","317521","172.26.191.172","5000","19.332832000","48","1","48192","19.389400000"
"8032","14:42:46.413474","100","317569","172.26.191.172","5000","19.332834000","48","1","48192","19.389402000"
"8033","14:42:46.442998","52","1","100.64.0.5","48192","19.362358000","0","316561","5000","19.418926000"
"8034","14:42:46.443043","100","317617","172.26.191.172","5000","19.362403000","48","1","48192","19.418971000"
"8035","14:42:46.443053","100","317665","172.26.191.172","5000","19.362413000","48","1","48192","19.418981000"
"8036","14:42:46.443064","100","317713","172.26.191.172","5000","19.362424000","48","1","48192","19.418992000"
"8037","14:42:46.443066","100","317761","172.26.191.172","5000","19.362426000","48","1","48192","19.418994000"
"8038","14:42:46.443073","100","317809","172.26.191.172","5000","19.362433000","48","1","48192","19.419001000"
"8039","14:42:46.443074","100","317857","172.26.191.172","5000","19.362434000","48","1","48192","19.419002000"
"8040","14:42:46.473935","52","1","100.64.0.5","48192","19.393295000","0","316849","5000","19.449863000"
"8041","14:42:46.473974","100","317905","172.26.191.172","5000","19.393334000","48","1","48192","19.449902000"
"8042","14:42:46.473983","100","317953","172.26.191.172","5000","19.393343000","48","1","48192","19.449911000"
"8043","14:42:46.473994","100","318001","172.26.191.172","5000","19.393354000","48","1","48192","19.449922000"
"8044","14:42:46.473996","100","318049","172.26.191.172","5000","19.393356000","48","1","48192","19.449924000"
"8045","14:42:46.474001","100","318097","172.26.191.172","5000","19.393361000","48","1","48192","19.449929000"
"8046","14:42:46.474003","100","318145","172.26.191.172","5000","19.393363000","48","1","48192","19.449931000"
"8047","14:42:46.474014","52","1","100.64.0.5","48192","19.393374000","0","317041","5000","19.449942000"
"8048","14:42:46.474027","100","318193","172.26.191.172","5000","19.393387000","48","1","48192","19.449955000"
"8049","14:42:46.474028","100","318241","172.26.191.172","5000","19.393388000","48","1","48192","19.449956000"
"8050","14:42:46.474035","100","318289","172.26.191.172","5000","19.393395000","48","1","48192","19.449963000"
"8051","14:42:46.474036","100","318337","172.26.191.172","5000","19.393396000","48","1","48192","19.449964000"
"8052","14:42:46.474042","100","318385","172.26.191.172","5000","19.393402000","48","1","48192","19.449970000"
"8053","14:42:46.474043","100","318433","172.26.191.172","5000","19.393403000","48","1","48192","19.449971000"
"8054","14:42:46.474051","52","1","100.64.0.5","48192","19.393411000","0","317233","5000","19.449979000"
"8055","14:42:46.474060","100","318481","172.26.191.172","5000","19.393420000","48","1","48192","19.449988000"
"8056","14:42:46.474061","100","318529","172.26.191.172","5000","19.393421000","48","1","48192","19.449989000"
"8057","14:42:46.474068","100","318577","172.26.191.172","5000","19.393428000","48","1","48192","19.449996000"
"8058","14:42:46.474069","100","318625","172.26.191.172","5000","19.393429000","48","1","48192","19.449997000"
"8059","14:42:46.504285","52","1","100.64.0.5","48192","19.423645000","0","317521","5000","19.480213000"
"8060","14:42:46.504331","100","318673","172.26.191.172","5000","19.423691000","48","1","48192","19.480259000"
"8061","14:42:46.504357","100","318721","172.26.191.172","5000","19.423717000","48","1","48192","19.480285000"
"8062","14:42:46.504375","100","318769","172.26.191.172","5000","19.423735000","48","1","48192","19.480303000"
"8063","14:42:46.504376","100","318817","172.26.191.172","5000","19.423736000","48","1","48192","19.480304000"
"8064","14:42:46.504382","100","318865","172.26.191.172","5000","19.423742000","48","1","48192","19.480310000"
"8065","14:42:46.504384","100","318913","172.26.191.172","5000","19.423744000","48","1","48192","19.480312000"
"8066","14:42:46.504405","52","1","100.64.0.5","48192","19.423765000","0","317617","5000","19.480333000"
"8067","14:42:46.504418","100","318961","172.26.191.172","5000","19.423778000","48","1","48192","19.480346000"
"8068","14:42:46.504420","100","319009","172.26.191.172","5000","19.423780000","48","1","48192","19.480348000"
"8069","14:42:46.533986","52","1","100.64.0.5","48192","19.453346000","0","317905","5000","19.509914000"
"8070","14:42:46.534031","100","319057","172.26.191.172","5000","19.453391000","48","1","48192","19.509959000"
"8071","14:42:46.534041","100","319105","172.26.191.172","5000","19.453401000","48","1","48192","19.509969000"
"8072","14:42:46.534053","100","319153","172.26.191.172","5000","19.453413000","48","1","48192","19.509981000"
"8073","14:42:46.534055","100","319201","172.26.191.172","5000","19.453415000","48","1","48192","19.509983000"
"8074","14:42:46.534062","100","319249","172.26.191.172","5000","19.453422000","48","1","48192","19.509990000"
"8075","14:42:46.534063","100","319297","172.26.191.172","5000","19.453423000","48","1","48192","19.509991000"
"8076","14:42:46.563917","52","1","100.64.0.5","48192","19.483277000","0","318193","5000","19.539845000"
"8077","14:42:46.563962","100","319345","172.26.191.172","5000","19.483322000","48","1","48192","19.539890000"
"8078","14:42:46.563974","100","319393","172.26.191.172","5000","19.483334000","48","1","48192","19.539902000"
"8079","14:42:46.563987","100","319441","172.26.191.172","5000","19.483347000","48","1","48192","19.539915000"
"8080","14:42:46.563988","100","319489","172.26.191.172","5000","19.483348000","48","1","48192","19.539916000"
"8081","14:42:46.563997","100","319537","172.26.191.172","5000","19.483357000","48","1","48192","19.539925000"
"8082","14:42:46.563998","100","319585","172.26.191.172","5000","19.483358000","48","1","48192","19.539926000"
"8083","14:42:46.564012","52","1","100.64.0.5","48192","19.483372000","0","318481","5000","19.539940000"
"8084","14:42:46.564024","100","319633","172.26.191.172","5000","19.483384000","48","1","48192","19.539952000"
"8085","14:42:46.564026","100","319681","172.26.191.172","5000","19.483386000","48","1","48192","19.539954000"
"8086","14:42:46.564035","100","319729","172.26.191.172","5000","19.483395000","48","1","48192","19.539963000"
"8087","14:42:46.564036","100","319777","172.26.191.172","5000","19.483396000","48","1","48192","19.539964000"
"8088","14:42:46.564043","100","319825","172.26.191.172","5000","19.483403000","48","1","48192","19.539971000"
"8089","14:42:46.564045","100","319873","172.26.191.172","5000","19.483405000","48","1","48192","19.539973000"
"8090","14:42:46.564052","52","1","100.64.0.5","48192","19.483412000","0","318577","5000","19.539980000"
"8091","14:42:46.564063","100","319921","172.26.191.172","5000","19.483423000","48","1","48192","19.539991000"
"8092","14:42:46.564064","100","319969","172.26.191.172","5000","19.483424000","48","1","48192","19.539992000"
"8093","14:42:46.594955","52","1","100.64.0.5","48192","19.514315000","0","318865","5000","19.570883000"
"8094","14:42:46.594996","100","320017","172.26.191.172","5000","19.514356000","48","1","48192","19.570924000"
"8095","14:42:46.595004","100","320065","172.26.191.172","5000","19.514364000","48","1","48192","19.570932000"
"8096","14:42:46.595015","100","320113","172.26.191.172","5000","19.514375000","48","1","48192","19.570943000"
"8097","14:42:46.595017","100","320161","172.26.191.172","5000","19.514377000","48","1","48192","19.570945000"
"8098","14:42:46.595023","100","320209","172.26.191.172","5000","19.514383000","48","1","48192","19.570951000"
"8099","14:42:46.595024","100","320257","172.26.191.172","5000","19.514384000","48","1","48192","19.570952000"
"8100","14:42:46.595036","52","1","100.64.0.5","48192","19.514396000","0","319057","5000","19.570964000"
"8101","14:42:46.595045","100","320305","172.26.191.172","5000","19.514405000","48","1","48192","19.570973000"
"8102","14:42:46.595047","100","320353","172.26.191.172","5000","19.514407000","48","1","48192","19.570975000"
"8103","14:42:46.595056","100","320401","172.26.191.172","5000","19.514416000","48","1","48192","19.570984000"
"8104","14:42:46.595057","100","320449","172.26.191.172","5000","19.514417000","48","1","48192","19.570985000"
"8105","14:42:46.625471","52","1","100.64.0.5","48192","19.544831000","0","319345","5000","19.601399000"
"8106","14:42:46.625512","100","320497","172.26.191.172","5000","19.544872000","48","1","48192","19.601440000"
"8107","14:42:46.625523","100","320545","172.26.191.172","5000","19.544883000","48","1","48192","19.601451000"
"8108","14:42:46.625535","100","320593","172.26.191.172","5000","19.544895000","48","1","48192","19.601463000"
"8109","14:42:46.625536","100","320641","172.26.191.172","5000","19.544896000","48","1","48192","19.601464000"
"8110","14:42:46.625544","100","320689","172.26.191.172","5000","19.544904000","48","1","48192","19.601472000"
"8111","14:42:46.625545","100","320737","172.26.191.172","5000","19.544905000","48","1","48192","19.601473000"
"8112","14:42:46.655056","52","1","100.64.0.5","48192","19.574416000","0","319633","5000","19.630984000"
"8113","14:42:46.655095","100","320785","172.26.191.172","5000","19.574455000","48","1","48192","19.631023000"
"8114","14:42:46.655104","100","320833","172.26.191.172","5000","19.574464000","48","1","48192","19.631032000"
"8115","14:42:46.655116","100","320881","172.26.191.172","5000","19.574476000","48","1","48192","19.631044000"
"8116","14:42:46.655117","100","320929","172.26.191.172","5000","19.574477000","48","1","48192","19.631045000"
"8117","14:42:46.655125","100","320977","172.26.191.172","5000","19.574485000","48","1","48192","19.631053000"
"8118","14:42:46.655126","100","321025","172.26.191.172","5000","19.574486000","48","1","48192","19.631054000"
"8119","14:42:46.655140","52","1","100.64.0.5","48192","19.574500000","0","319729","5000","19.631068000"
"8120","14:42:46.655150","100","321073","172.26.191.172","5000","19.574510000","48","1","48192","19.631078000"
"8121","14:42:46.655152","100","321121","172.26.191.172","5000","19.574512000","48","1","48192","19.631080000"
"8122","14:42:46.655160","52","1","100.64.0.5","48192","19.574520000","0","320017","5000","19.631088000"
"8123","14:42:46.655173","100","321169","172.26.191.172","5000","19.574533000","48","1","48192","19.631101000"
"8124","14:42:46.655175","100","321217","172.26.191.172","5000","19.574535000","48","1","48192","19.631103000"
"8125","14:42:46.655182","100","321265","172.26.191.172","5000","19.574542000","48","1","48192","19.631110000"
"8126","14:42:46.655183","100","321313","172.26.191.172","5000","19.574543000","48","1","48192","19.631111000"
"8127","14:42:46.655190","100","321361","172.26.191.172","5000","19.574550000","48","1","48192","19.631118000"
"8128","14:42:46.655191","100","321409","172.26.191.172","5000","19.574551000","48","1","48192","19.631119000"
"8129","14:42:46.655197","100","321457","172.26.191.172","5000","19.574557000","48","1","48192","19.631125000"
"8130","14:42:46.655199","100","321505","172.26.191.172","5000","19.574559000","48","1","48192","19.631127000"
"8131","14:42:46.685794","52","1","100.64.0.5","48192","19.605154000","0","320305","5000","19.661722000"
"8132","14:42:46.685834","100","321553","172.26.191.172","5000","19.605194000","48","1","48192","19.661762000"
"8133","14:42:46.685843","100","321601","172.26.191.172","5000","19.605203000","48","1","48192","19.661771000"
"8134","14:42:46.685853","100","321649","172.26.191.172","5000","19.605213000","48","1","48192","19.661781000"
"8135","14:42:46.685855","100","321697","172.26.191.172","5000","19.605215000","48","1","48192","19.661783000"
"8136","14:42:46.685861","100","321745","172.26.191.172","5000","19.605221000","48","1","48192","19.661789000"
"8137","14:42:46.685862","100","321793","172.26.191.172","5000","19.605222000","48","1","48192","19.661790000"
"8138","14:42:46.685873","52","1","100.64.0.5","48192","19.605233000","0","320497","5000","19.661801000"
"8139","14:42:46.685884","100","321841","172.26.191.172","5000","19.605244000","48","1","48192","19.661812000"
"8140","14:42:46.685885","100","321889","172.26.191.172","5000","19.605245000","48","1","48192","19.661813000"
"8141","14:42:46.685893","100","321937","172.26.191.172","5000","19.605253000","48","1","48192","19.661821000"
"8142","14:42:46.685895","100","321985","172.26.191.172","5000","19.605255000","48","1","48192","19.661823000"
"8143","14:42:46.716426","52","1","100.64.0.5","48192","19.635786000","0","320785","5000","19.692354000"
"8144","14:42:46.716466","100","322033","172.26.191.172","5000","19.635826000","48","1","48192","19.692394000"
"8145","14:42:46.716477","100","322081","172.26.191.172","5000","19.635837000","48","1","48192","19.692405000"
"8146","14:42:46.716488","100","322129","172.26.191.172","5000","19.635848000","48","1","48192","19.692416000"
"8147","14:42:46.716490","100","322177","172.26.191.172","5000","19.635850000","48","1","48192","19.692418000"
"8148","14:42:46.716496","100","322225","172.26.191.172","5000","19.635856000","48","1","48192","19.692424000"
"8149","14:42:46.716497","100","322273","172.26.191.172","5000","19.635857000","48","1","48192","19.692425000"
"8150","14:42:46.746656","52","1","100.64.0.5","48192","19.666016000","0","321073","5000","19.722584000"
"8151","14:42:46.746696","100","322321","172.26.191.172","5000","19.666056000","48","1","48192","19.722624000"
"8152","14:42:46.746704","100","322369","172.26.191.172","5000","19.666064000","48","1","48192","19.722632000"
"8153","14:42:46.746715","100","322417","172.26.191.172","5000","19.666075000","48","1","48192","19.722643000"
"8154","14:42:46.746717","100","322465","172.26.191.172","5000","19.666077000","48","1","48192","19.722645000"
"8155","14:42:46.746723","100","322513","172.26.191.172","5000","19.666083000","48","1","48192","19.722651000"
"8156","14:42:46.746724","100","322561","172.26.191.172","5000","19.666084000","48","1","48192","19.722652000"
"8157","14:42:46.746736","52","1","100.64.0.5","48192","19.666096000","0","321361","5000","19.722664000"
"8158","14:42:46.746748","100","322609","172.26.191.172","5000","19.666108000","48","1","48192","19.722676000"
"8159","14:42:46.746750","100","322657","172.26.191.172","5000","19.666110000","48","1","48192","19.722678000"
"8160","14:42:46.746756","100","322705","172.26.191.172","5000","19.666116000","48","1","48192","19.722684000"
"8161","14:42:46.746758","100","322753","172.26.191.172","5000","19.666118000","48","1","48192","19.722686000"
"8162","14:42:46.746764","100","322801","172.26.191.172","5000","19.666124000","48","1","48192","19.722692000"
"8163","14:42:46.746765","100","322849","172.26.191.172","5000","19.666125000","48","1","48192","19.722693000"
"8164","14:42:46.746772","52","1","100.64.0.5","48192","19.666132000","0","321457","5000","19.722700000"
"8165","14:42:46.746782","100","322897","172.26.191.172","5000","19.666142000","48","1","48192","19.722710000"
"8166","14:42:46.746783","100","322945","172.26.191.172","5000","19.666143000","48","1","48192","19.722711000"
"8167","14:42:46.777074","52","1","100.64.0.5","48192","19.696434000","0","321745","5000","19.753002000"
"8168","14:42:46.777115","100","322993","172.26.191.172","5000","19.696475000","48","1","48192","19.753043000"
"8169","14:42:46.777125","100","323041","172.26.191.172","5000","19.696485000","48","1","48192","19.753053000"
"8170","14:42:46.777137","100","323089","172.26.191.172","5000","19.696497000","48","1","48192","19.753065000"
"8171","14:42:46.777138","100","323137","172.26.191.172","5000","19.696498000","48","1","48192","19.753066000"
"8172","14:42:46.777145","100","323185","172.26.191.172","5000","19.696505000","48","1","48192","19.753073000"
"8173","14:42:46.777146","100","323233","172.26.191.172","5000","19.696506000","48","1","48192","19.753074000"
"8174","14:42:46.777160","52","1","100.64.0.5","48192","19.696520000","0","322033","5000","19.753088000"
"8175","14:42:46.777175","100","323281","172.26.191.172","5000","19.696535000","48","1","48192","19.753103000"
"8176","14:42:46.777177","100","323329","172.26.191.172","5000","19.696537000","48","1","48192","19.753105000"
"8177","14:42:46.777184","100","323377","172.26.191.172","5000","19.696544000","48","1","48192","19.753112000"
"8178","14:42:46.777185","100","323425","172.26.191.172","5000","19.696545000","48","1","48192","19.753113000"
"8179","14:42:46.777192","100","323473","172.26.191.172","5000","19.696552000","48","1","48192","19.753120000"
"8180","14:42:46.777193","100","323521","172.26.191.172","5000","19.696553000","48","1","48192","19.753121000"
"8181","14:42:46.807195","52","1","100.64.0.5","48192","19.726555000","0","322321","5000","19.783123000"
"8182","14:42:46.807239","100","323569","172.26.191.172","5000","19.726599000","48","1","48192","19.783167000"
"8183","14:42:46.807249","100","323617","172.26.191.172","5000","19.726609000","48","1","48192","19.783177000"
"8184","14:42:46.807261","100","323665","172.26.191.172","5000","19.726621000","48","1","48192","19.783189000"
"8185","14:42:46.807262","100","323713","172.26.191.172","5000","19.726622000","48","1","48192","19.783190000"
"8186","14:42:46.807271","100","323761","172.26.191.172","5000","19.726631000","48","1","48192","19.783199000"
"8187","14:42:46.807273","100","323809","172.26.191.172","5000","19.726633000","48","1","48192","19.783201000"
"8188","14:42:46.837025","52","1","100.64.0.5","48192","19.756385000","0","322609","5000","19.812953000"
"8189","14:42:46.837064","100","323857","172.26.191.172","5000","19.756424000","48","1","48192","19.812992000"
"8190","14:42:46.837072","100","323905","172.26.191.172","5000","19.756432000","48","1","48192","19.813000000"
"8191","14:42:46.837084","100","323953","172.26.191.172","5000","19.756444000","48","1","48192","19.813012000"
"8192","14:42:46.837085","100","324001","172.26.191.172","5000","19.756445000","48","1","48192","19.813013000"
"8193","14:42:46.837093","100","324049","172.26.191.172","5000","19.756453000","48","1","48192","19.813021000"
"8194","14:42:46.837094","100","324097","172.26.191.172","5000","19.756454000","48","1","48192","19.813022000"
"8195","14:42:46.837106","52","1","100.64.0.5","48192","19.756466000","0","322849","5000","19.813034000"
"8196","14:42:46.837117","100","324145","172.26.191.172","5000","19.756477000","48","1","48192","19.813045000"
"8197","14:42:46.837119","100","324193","172.26.191.172","5000","19.756479000","48","1","48192","19.813047000"
"8198","14:42:46.837125","100","324241","172.26.191.172","5000","19.756485000","48","1","48192","19.813053000"
"8199","14:42:46.837126","100","324289","172.26.191.172","5000","19.756486000","48","1","48192","19.813054000"
"8200","14:42:46.837132","100","324337","172.26.191.172","5000","19.756492000","48","1","48192","19.813060000"
"8201","14:42:46.837133","100","324385","172.26.191.172","5000","19.756493000","48","1","48192","19.813061000"
"8202","14:42:46.837139","52","1","100.64.0.5","48192","19.756499000","0","322993","5000","19.813067000"
"8203","14:42:46.837150","100","324433","172.26.191.172","5000","19.756510000","48","1","48192","19.813078000"
"8204","14:42:46.837151","100","324481","172.26.191.172","5000","19.756511000","48","1","48192","19.813079000"
"8205","14:42:46.837157","100","324529","172.26.191.172","5000","19.756517000","48","1","48192","19.813085000"
"8206","14:42:46.837158","100","324577","172.26.191.172","5000","19.756518000","48","1","48192","19.813086000"
"8207","14:42:46.868371","52","1","100.64.0.5","48192","19.787731000","0","323233","5000","19.844299000"
"8208","14:42:46.868412","100","324625","172.26.191.172","5000","19.787772000","48","1","48192","19.844340000"
"8209","14:42:46.868421","100","324673","172.26.191.172","5000","19.787781000","48","1","48192","19.844349000"
"8210","14:42:46.868433","100","324721","172.26.191.172","5000","19.787793000","48","1","48192","19.844361000"
"8211","14:42:46.868434","100","324769","172.26.191.172","5000","19.787794000","48","1","48192","19.844362000"
"8212","14:42:46.868449","52","1","100.64.0.5","48192","19.787809000","0","323521","5000","19.844377000"
"8213","14:42:46.868462","100","324817","172.26.191.172","5000","19.787822000","48","1","48192","19.844390000"
"8214","14:42:46.868464","100","324865","172.26.191.172","5000","19.787824000","48","1","48192","19.844392000"
"8215","14:42:46.868470","100","324913","172.26.191.172","5000","19.787830000","48","1","48192","19.844398000"
"8216","14:42:46.868472","100","324961","172.26.191.172","5000","19.787832000","48","1","48192","19.844400000"
"8217","14:42:46.868479","100","325009","172.26.191.172","5000","19.787839000","48","1","48192","19.844407000"
"8218","14:42:46.868480","100","325057","172.26.191.172","5000","19.787840000","48","1","48192","19.844408000"
"8219","14:42:46.868486","52","1","100.64.0.5","48192","19.787846000","0","323569","5000","19.844414000"
"8220","14:42:46.868496","100","325105","172.26.191.172","5000","19.787856000","48","1","48192","19.844424000"
"8221","14:42:46.868497","100","325153","172.26.191.172","5000","19.787857000","48","1","48192","19.844425000"
"8222","14:42:46.898664","52","1","100.64.0.5","48192","19.818024000","0","323857","5000","19.874592000"
"8223","14:42:46.898703","100","325201","172.26.191.172","5000","19.818063000","48","1","48192","19.874631000"
"8224","14:42:46.898712","100","325249","172.26.191.172","5000","19.818072000","48","1","48192","19.874640000"
"8225","14:42:46.898723","100","325297","172.26.191.172","5000","19.818083000","48","1","48192","19.874651000"
"8226","14:42:46.898725","100","325345","172.26.191.172","5000","19.818085000","48","1","48192","19.874653000"
"8227","14:42:46.898731","100","325393","172.26.191.172","5000","19.818091000","48","1","48192","19.874659000"
"8228","14:42:46.898732","100","325441","172.26.191.172","5000","19.818092000","48","1","48192","19.874660000"
"8229","14:42:46.928224","52","1","100.64.0.5","48192","19.847584000","0","324145","5000","19.904152000"
"8230","14:42:46.928264","100","325489","172.26.191.172","5000","19.847624000","48","1","48192","19.904192000"
"8231","14:42:46.928273","100","325537","172.26.191.172","5000","19.847633000","48","1","48192","19.904201000"
"8232","14:42:46.928284","100","325585","172.26.191.172","5000","19.847644000","48","1","48192","19.904212000"
"8233","14:42:46.928286","100","325633","172.26.191.172","5000","19.847646000","48","1","48192","19.904214000"
"8234","14:42:46.928292","100","325681","172.26.191.172","5000","19.847652000","48","1","48192","19.904220000"
"8235","14:42:46.928293","100","325729","172.26.191.172","5000","19.847653000","48","1","48192","19.904221000"
"8236","14:42:46.928304","52","1","100.64.0.5","48192","19.847664000","0","324241","5000","19.904232000"
"8237","14:42:46.928315","100","325777","172.26.191.172","5000","19.847675000","48","1","48192","19.904243000"
"8238","14:42:46.928317","100","325825","172.26.191.172","5000","19.847677000","48","1","48192","19.904245000"
"8239","14:42:46.928324","52","1","100.64.0.5","48192","19.847684000","0","324433","5000","19.904252000"
"8240","14:42:46.928346","100","325873","172.26.191.172","5000","19.847706000","48","1","48192","19.904274000"
"8241","14:42:46.928347","100","325921","172.26.191.172","5000","19.847707000","48","1","48192","19.904275000"
"8242","14:42:46.928354","100","325969","172.26.191.172","5000","19.847714000","48","1","48192","19.904282000"
"8243","14:42:46.928355","100","326017","172.26.191.172","5000","19.847715000","48","1","48192","19.904283000"
"8244","14:42:46.928370","52","1","100.64.0.5","48192","19.847730000","0","324529","5000","19.904298000"
"8245","14:42:46.928380","100","326065","172.26.191.172","5000","19.847740000","48","1","48192","19.904308000"
"8246","14:42:46.928381","100","326113","172.26.191.172","5000","19.847741000","48","1","48192","19.904309000"
"8247","14:42:46.958429","52","1","100.64.0.5","48192","19.877789000","0","324817","5000","19.934357000"
"8248","14:42:46.958469","100","326161","172.26.191.172","5000","19.877829000","48","1","48192","19.934397000"
"8249","14:42:46.958478","100","326209","172.26.191.172","5000","19.877838000","48","1","48192","19.934406000"
"8250","14:42:46.958489","100","326257","172.26.191.172","5000","19.877849000","48","1","48192","19.934417000"
"8251","14:42:46.958490","100","326305","172.26.191.172","5000","19.877850000","48","1","48192","19.934418000"
"8252","14:42:46.958497","100","326353","172.26.191.172","5000","19.877857000","48","1","48192","19.934425000"
"8253","14:42:46.958498","100","326401","172.26.191.172","5000","19.877858000","48","1","48192","19.934426000"
"8254","14:42:46.958509","52","1","100.64.0.5","48192","19.877869000","0","325009","5000","19.934437000"
"8255","14:42:46.958521","100","326449","172.26.191.172","5000","19.877881000","48","1","48192","19.934449000"
"8256","14:42:46.958523","100","326497","172.26.191.172","5000","19.877883000","48","1","48192","19.934451000"
"8257","14:42:46.958529","100","326545","172.26.191.172","5000","19.877889000","48","1","48192","19.934457000"
"8258","14:42:46.958531","100","326593","172.26.191.172","5000","19.877891000","48","1","48192","19.934459000"
"8259","14:42:46.958539","52","1","100.64.0.5","48192","19.877899000","0","325201","5000","19.934467000"
"8260","14:42:46.958549","100","326641","172.26.191.172","5000","19.877909000","48","1","48192","19.934477000"
"8261","14:42:46.958550","100","326689","172.26.191.172","5000","19.877910000","48","1","48192","19.934478000"
"8262","14:42:46.958558","100","326737","172.26.191.172","5000","19.877918000","48","1","48192","19.934486000"
"8263","14:42:46.958560","100","326785","172.26.191.172","5000","19.877920000","48","1","48192","19.934488000"
"8264","14:42:46.989404","52","1","100.64.0.5","48192","19.908764000","0","325489","5000","19.965332000"
"8265","14:42:46.989443","100","326833","172.26.191.172","5000","19.908803000","48","1","48192","19.965371000"
"8266","14:42:46.989452","100","326881","172.26.191.172","5000","19.908812000","48","1","48192","19.965380000"
"8267","14:42:46.989463","100","326929","172.26.191.172","5000","19.908823000","48","1","48192","19.965391000"
"8268","14:42:46.989464","100","326977","172.26.191.172","5000","19.908824000","48","1","48192","19.965392000"
"8269","14:42:46.989471","100","327025","172.26.191.172","5000","19.908831000","48","1","48192","19.965399000"
"8270","14:42:46.989472","100","327073","172.26.191.172","5000","19.908832000","48","1","48192","19.965400000"
"8271","14:42:47.019149","52","1","100.64.0.5","48192","19.938509000","0","325777","5000","19.995077000"
"8272","14:42:47.019188","100","327121","172.26.191.172","5000","19.938548000","48","1","48192","19.995116000"
"8273","14:42:47.019198","100","327169","172.26.191.172","5000","19.938558000","48","1","48192","19.995126000"
"8274","14:42:47.019208","100","327217","172.26.191.172","5000","19.938568000","48","1","48192","19.995136000"
"8275","14:42:47.019210","100","327265","172.26.191.172","5000","19.938570000","48","1","48192","19.995138000"
"8276","14:42:47.019216","100","327313","172.26.191.172","5000","19.938576000","48","1","48192","19.995144000"
"8277","14:42:47.019218","100","327361","172.26.191.172","5000","19.938578000","48","1","48192","19.995146000"
"8278","14:42:47.019229","52","1","100.64.0.5","48192","19.938589000","0","326065","5000","19.995157000"
"8279","14:42:47.019240","100","327409","172.26.191.172","5000","19.938600000","48","1","48192","19.995168000"
"8280","14:42:47.019242","100","327457","172.26.191.172","5000","19.938602000","48","1","48192","19.995170000"
"8281","14:42:47.019250","100","327505","172.26.191.172","5000","19.938610000","48","1","48192","19.995178000"
"8282","14:42:47.019251","100","327553","172.26.191.172","5000","19.938611000","48","1","48192","19.995179000"
"8283","14:42:47.019259","100","327601","172.26.191.172","5000","19.938619000","48","1","48192","19.995187000"
"8284","14:42:47.019260","100","327649","172.26.191.172","5000","19.938620000","48","1","48192","19.995188000"
"8285","14:42:47.019267","52","1","100.64.0.5","48192","19.938627000","0","326161","5000","19.995195000"
"8286","14:42:47.019275","100","327697","172.26.191.172","5000","19.938635000","48","1","48192","19.995203000"
"8287","14:42:47.019276","100","327745","172.26.191.172","5000","19.938636000","48","1","48192","19.995204000"
"8288","14:42:47.048630","52","1","100.64.0.5","48192","19.967990000","0","326449","5000","20.024558000"
"8289","14:42:47.048655","100","327793","172.26.191.172","5000","19.968015000","48","1","48192","20.024583000"
"8290","14:42:47.048661","100","327841","172.26.191.172","5000","19.968021000","48","1","48192","20.024589000"
"8291","14:42:47.048667","100","327889","172.26.191.172","5000","19.968027000","48","1","48192","20.024595000"
"8292","14:42:47.048668","100","327937","172.26.191.172","5000","19.968028000","48","1","48192","20.024596000"
"8293","14:42:47.048671","100","327985","172.26.191.172","5000","19.968031000","48","1","48192","20.024599000"
"8294","14:42:47.048671","100","328033","172.26.191.172","5000","19.968031000","48","1","48192","20.024599000"
"8295","14:42:47.048674","100","328081","172.26.191.172","5000","19.968034000","48","1","48192","20.024602000"
"8296","14:42:47.048675","100","328129","172.26.191.172","5000","19.968035000","48","1","48192","20.024603000"
"8297","14:42:47.048682","52","1","100.64.0.5","48192","19.968042000","0","326737","5000","20.024610000"
"8298","14:42:47.048688","100","328177","172.26.191.172","5000","19.968048000","48","1","48192","20.024616000"
"8299","14:42:47.048689","100","328225","172.26.191.172","5000","19.968049000","48","1","48192","20.024617000"
"8300","14:42:47.048694","100","328273","172.26.191.172","5000","19.968054000","48","1","48192","20.024622000"
"8301","14:42:47.048694","100","328321","172.26.191.172","5000","19.968054000","48","1","48192","20.024622000"
"8302","14:42:47.048698","100","328369","172.26.191.172","5000","19.968058000","48","1","48192","20.024626000"
"8303","14:42:47.048698","100","328417","172.26.191.172","5000","19.968058000","48","1","48192","20.024626000"
"8304","14:42:47.048702","52","1","100.64.0.5","48192","19.968062000","0","326833","5000","20.024630000"
"8305","14:42:47.048707","100","328465","172.26.191.172","5000","19.968067000","48","1","48192","20.024635000"
"8306","14:42:47.048707","100","328513","172.26.191.172","5000","19.968067000","48","1","48192","20.024635000"
"8307","14:42:47.080407","52","1","100.64.0.5","48192","19.999767000","0","327121","5000","20.056335000"
"8308","14:42:47.080446","100","328561","172.26.191.172","5000","19.999806000","48","1","48192","20.056374000"
"8309","14:42:47.080456","100","328609","172.26.191.172","5000","19.999816000","48","1","48192","20.056384000"
"8310","14:42:47.080467","100","328657","172.26.191.172","5000","19.999827000","48","1","48192","20.056395000"
"8311","14:42:47.080468","100","328705","172.26.191.172","5000","19.999828000","48","1","48192","20.056396000"
"8312","14:42:47.080474","100","328753","172.26.191.172","5000","19.999834000","48","1","48192","20.056402000"
"8313","14:42:47.080475","100","328801","172.26.191.172","5000","19.999835000","48","1","48192","20.056403000"
"8314","14:42:47.110250","52","1","100.64.0.5","48192","20.029610000","0","327409","5000","20.086178000"
"8315","14:42:47.110283","100","328849","172.26.191.172","5000","20.029643000","48","1","48192","20.086211000"
"8316","14:42:47.110305","100","328897","172.26.191.172","5000","20.029665000","48","1","48192","20.086233000"
"8317","14:42:47.110307","100","328945","172.26.191.172","5000","20.029667000","48","1","48192","20.086235000"
"8318","14:42:47.110314","100","328993","172.26.191.172","5000","20.029674000","48","1","48192","20.086242000"
"8319","14:42:47.110315","100","329041","172.26.191.172","5000","20.029675000","48","1","48192","20.086243000"
"8320","14:42:47.110327","52","1","100.64.0.5","48192","20.029687000","0","327505","5000","20.086255000"
"8321","14:42:47.110336","100","329089","172.26.191.172","5000","20.029696000","48","1","48192","20.086264000"
"8322","14:42:47.110337","100","329137","172.26.191.172","5000","20.029697000","48","1","48192","20.086265000"
"8323","14:42:47.110345","52","1","100.64.0.5","48192","20.029705000","0","327697","5000","20.086273000"
"8324","14:42:47.110358","100","329185","172.26.191.172","5000","20.029718000","48","1","48192","20.086286000"
"8325","14:42:47.110359","100","329233","172.26.191.172","5000","20.029719000","48","1","48192","20.086287000"
"8326","14:42:47.110365","100","329281","172.26.191.172","5000","20.029725000","48","1","48192","20.086293000"
"8327","14:42:47.110367","100","329329","172.26.191.172","5000","20.029727000","48","1","48192","20.086295000"
"8328","14:42:47.110373","52","1","100.64.0.5","48192","20.029733000","0","327793","5000","20.086301000"
"8329","14:42:47.110383","100","329377","172.26.191.172","5000","20.029743000","48","1","48192","20.086311000"
"8330","14:42:47.110384","100","329425","172.26.191.172","5000","20.029744000","48","1","48192","20.086312000"
"8331","14:42:47.139835","52","1","100.64.0.5","48192","20.059195000","0","328081","5000","20.115763000"
"8332","14:42:47.139875","100","329473","172.26.191.172","5000","20.059235000","48","1","48192","20.115803000"
"8333","14:42:47.139893","100","329521","172.26.191.172","5000","20.059253000","48","1","48192","20.115821000"
"8334","14:42:47.139905","100","329569","172.26.191.172","5000","20.059265000","48","1","48192","20.115833000"
"8335","14:42:47.139906","100","329617","172.26.191.172","5000","20.059266000","48","1","48192","20.115834000"
"8336","14:42:47.139913","100","329665","172.26.191.172","5000","20.059273000","48","1","48192","20.115841000"
"8337","14:42:47.139915","100","329713","172.26.191.172","5000","20.059275000","48","1","48192","20.115843000"
"8338","14:42:47.139922","100","329761","172.26.191.172","5000","20.059282000","48","1","48192","20.115850000"
"8339","14:42:47.139923","100","329809","172.26.191.172","5000","20.059283000","48","1","48192","20.115851000"
"8340","14:42:47.139935","52","1","100.64.0.5","48192","20.059295000","0","328225","5000","20.115863000"
"8341","14:42:47.139945","100","329857","172.26.191.172","5000","20.059305000","48","1","48192","20.115873000"
"8342","14:42:47.139946","100","329905","172.26.191.172","5000","20.059306000","48","1","48192","20.115874000"
"8343","14:42:47.139954","52","1","100.64.0.5","48192","20.059314000","0","328465","5000","20.115882000"
"8344","14:42:47.139963","100","329953","172.26.191.172","5000","20.059323000","48","1","48192","20.115891000"
"8345","14:42:47.139965","100","330001","172.26.191.172","5000","20.059325000","48","1","48192","20.115893000"
"8346","14:42:47.139971","100","330049","172.26.191.172","5000","20.059331000","48","1","48192","20.115899000"
"8347","14:42:47.139972","100","330097","172.26.191.172","5000","20.059332000","48","1","48192","20.115900000"
"8348","14:42:47.139977","100","330145","172.26.191.172","5000","20.059337000","48","1","48192","20.115905000"
"8349","14:42:47.139979","100","330193","172.26.191.172","5000","20.059339000","48","1","48192","20.115907000"
"8350","14:42:47.171253","52","1","100.64.0.5","48192","20.090613000","0","328753","5000","20.147181000"
"8351","14:42:47.171293","100","330241","172.26.191.172","5000","20.090653000","48","1","48192","20.147221000"
"8352","14:42:47.171302","100","330289","172.26.191.172","5000","20.090662000","48","1","48192","20.147230000"
"8353","14:42:47.171312","100","330337","172.26.191.172","5000","20.090672000","48","1","48192","20.147240000"
"8354","14:42:47.171314","100","330385","172.26.191.172","5000","20.090674000","48","1","48192","20.147242000"
"8355","14:42:47.171321","100","330433","172.26.191.172","5000","20.090681000","48","1","48192","20.147249000"
"8356","14:42:47.171323","100","330481","172.26.191.172","5000","20.090683000","48","1","48192","20.147251000"
"8357","14:42:47.171334","52","1","100.64.0.5","48192","20.090694000","0","328849","5000","20.147262000"
"8358","14:42:47.171344","100","330529","172.26.191.172","5000","20.090704000","48","1","48192","20.147272000"
"8359","14:42:47.171345","100","330577","172.26.191.172","5000","20.090705000","48","1","48192","20.147273000"
"8360","14:42:47.201380","52","1","100.64.0.5","48192","20.120740000","0","329185","5000","20.177308000"
"8361","14:42:47.201423","100","330625","172.26.191.172","5000","20.120783000","48","1","48192","20.177351000"
"8362","14:42:47.201437","100","330673","172.26.191.172","5000","20.120797000","48","1","48192","20.177365000"
"8363","14:42:47.201454","100","330721","172.26.191.172","5000","20.120814000","48","1","48192","20.177382000"
"8364","14:42:47.201457","100","330769","172.26.191.172","5000","20.120817000","48","1","48192","20.177385000"
"8365","14:42:47.201465","100","330817","172.26.191.172","5000","20.120825000","48","1","48192","20.177393000"
"8366","14:42:47.201467","100","330865","172.26.191.172","5000","20.120827000","48","1","48192","20.177395000"
"8367","14:42:47.201484","52","1","100.64.0.5","48192","20.120844000","0","329377","5000","20.177412000"
"8368","14:42:47.201503","100","330913","172.26.191.172","5000","20.120863000","48","1","48192","20.177431000"
"8369","14:42:47.201505","100","330961","172.26.191.172","5000","20.120865000","48","1","48192","20.177433000"
"8370","14:42:47.201516","100","331009","172.26.191.172","5000","20.120876000","48","1","48192","20.177444000"
"8371","14:42:47.201518","100","331057","172.26.191.172","5000","20.120878000","48","1","48192","20.177446000"
"8372","14:42:47.201529","52","1","100.64.0.5","48192","20.120889000","0","329521","5000","20.177457000"
"8373","14:42:47.201543","100","331105","172.26.191.172","5000","20.120903000","48","1","48192","20.177471000"
"8374","14:42:47.201545","100","331153","172.26.191.172","5000","20.120905000","48","1","48192","20.177473000"
"8375","14:42:47.201555","100","331201","172.26.191.172","5000","20.120915000","48","1","48192","20.177483000"
"8376","14:42:47.201557","100","331249","172.26.191.172","5000","20.120917000","48","1","48192","20.177485000"
"8377","14:42:47.231624","52","1","100.64.0.5","48192","20.150984000","0","329809","5000","20.207552000"
"8378","14:42:47.231664","100","331297","172.26.191.172","5000","20.151024000","48","1","48192","20.207592000"
"8379","14:42:47.231673","100","331345","172.26.191.172","5000","20.151033000","48","1","48192","20.207601000"
"8380","14:42:47.231684","100","331393","172.26.191.172","5000","20.151044000","48","1","48192","20.207612000"
"8381","14:42:47.231685","100","331441","172.26.191.172","5000","20.151045000","48","1","48192","20.207613000"
"8382","14:42:47.231692","100","331489","172.26.191.172","5000","20.151052000","48","1","48192","20.207620000"
"8383","14:42:47.231693","100","331537","172.26.191.172","5000","20.151053000","48","1","48192","20.207621000"
"8384","14:42:47.231704","52","1","100.64.0.5","48192","20.151064000","0","329857","5000","20.207632000"
"8385","14:42:47.231715","100","331585","172.26.191.172","5000","20.151075000","48","1","48192","20.207643000"
"8386","14:42:47.231717","100","331633","172.26.191.172","5000","20.151077000","48","1","48192","20.207645000"
"8387","14:42:47.231724","52","1","100.64.0.5","48192","20.151084000","0","330193","5000","20.207652000"
"8388","14:42:47.231736","100","331681","172.26.191.172","5000","20.151096000","48","1","48192","20.207664000"
"8389","14:42:47.231738","100","331729","172.26.191.172","5000","20.151098000","48","1","48192","20.207666000"
"8390","14:42:47.231743","100","331777","172.26.191.172","5000","20.151103000","48","1","48192","20.207671000"
"8391","14:42:47.231745","100","331825","172.26.191.172","5000","20.151105000","48","1","48192","20.207673000"
"8392","14:42:47.231750","100","331873","172.26.191.172","5000","20.151110000","48","1","48192","20.207678000"
"8393","14:42:47.231752","100","331921","172.26.191.172","5000","20.151112000","48","1","48192","20.207680000"
"8394","14:42:47.261334","52","1","100.64.0.5","48192","20.180694000","0","330481","5000","20.237262000"
"8395","14:42:47.261375","100","331969","172.26.191.172","5000","20.180735000","48","1","48192","20.237303000"
"8396","14:42:47.261384","100","332017","172.26.191.172","5000","20.180744000","48","1","48192","20.237312000"
"8397","14:42:47.261394","100","332065","172.26.191.172","5000","20.180754000","48","1","48192","20.237322000"
"8398","14:42:47.261396","100","332113","172.26.191.172","5000","20.180756000","48","1","48192","20.237324000"
"8399","14:42:47.261403","100","332161","172.26.191.172","5000","20.180763000","48","1","48192","20.237331000"
"8400","14:42:47.261405","100","332209","172.26.191.172","5000","20.180765000","48","1","48192","20.237333000"
"8401","14:42:47.261416","52","1","100.64.0.5","48192","20.180776000","0","330625","5000","20.237344000"
"8402","14:42:47.261426","100","332257","172.26.191.172","5000","20.180786000","48","1","48192","20.237354000"
"8403","14:42:47.261427","100","332305","172.26.191.172","5000","20.180787000","48","1","48192","20.237355000"
"8404","14:42:47.261434","100","332353","172.26.191.172","5000","20.180794000","48","1","48192","20.237362000"
"8405","14:42:47.261436","100","332401","172.26.191.172","5000","20.180796000","48","1","48192","20.237364000"
"8406","14:42:47.292153","52","1","100.64.0.5","48192","20.211513000","0","330913","5000","20.268081000"
"8407","14:42:47.292193","100","332449","172.26.191.172","5000","20.211553000","48","1","48192","20.268121000"
"8408","14:42:47.292202","100","332497","172.26.191.172","5000","20.211562000","48","1","48192","20.268130000"
"8409","14:42:47.292213","100","332545","172.26.191.172","5000","20.211573000","48","1","48192","20.268141000"
"8410","14:42:47.292214","100","332593","172.26.191.172","5000","20.211574000","48","1","48192","20.268142000"
"8411","14:42:47.292220","100","332641","172.26.191.172","5000","20.211580000","48","1","48192","20.268148000"
"8412","14:42:47.292221","100","332689","172.26.191.172","5000","20.211581000","48","1","48192","20.268149000"
"8413","14:42:47.292233","52","1","100.64.0.5","48192","20.211593000","0","331201","5000","20.268161000"
"8414","14:42:47.292244","100","332737","172.26.191.172","5000","20.211604000","48","1","48192","20.268172000"
"8415","14:42:47.292245","100","332785","172.26.191.172","5000","20.211605000","48","1","48192","20.268173000"
"8416","14:42:47.292252","100","332833","172.26.191.172","5000","20.211612000","48","1","48192","20.268180000"
"8417","14:42:47.292254","100","332881","172.26.191.172","5000","20.211614000","48","1","48192","20.268182000"
"8418","14:42:47.292262","100","332929","172.26.191.172","5000","20.211622000","48","1","48192","20.268190000"
"8419","14:42:47.292263","100","332977","172.26.191.172","5000","20.211623000","48","1","48192","20.268191000"
"8420","14:42:47.292269","52","1","100.64.0.5","48192","20.211629000","0","331297","5000","20.268197000"
"8421","14:42:47.292277","100","333025","172.26.191.172","5000","20.211637000","48","1","48192","20.268205000"
"8422","14:42:47.292278","100","333073","172.26.191.172","5000","20.211638000","48","1","48192","20.268206000"
"8423","14:42:47.321920","52","1","100.64.0.5","48192","20.241280000","0","331585","5000","20.297848000"
"8424","14:42:47.321963","100","333121","172.26.191.172","5000","20.241323000","48","1","48192","20.297891000"
"8425","14:42:47.321973","100","333169","172.26.191.172","5000","20.241333000","48","1","48192","20.297901000"
"8426","14:42:47.321985","100","333217","172.26.191.172","5000","20.241345000","48","1","48192","20.297913000"
"8427","14:42:47.321987","100","333265","172.26.191.172","5000","20.241347000","48","1","48192","20.297915000"
"8428","14:42:47.321994","100","333313","172.26.191.172","5000","20.241354000","48","1","48192","20.297922000"
"8429","14:42:47.321995","100","333361","172.26.191.172","5000","20.241355000","48","1","48192","20.297923000"
"8430","14:42:47.322008","52","1","100.64.0.5","48192","20.241368000","0","331873","5000","20.297936000"
"8431","14:42:47.322020","100","333409","172.26.191.172","5000","20.241380000","48","1","48192","20.297948000"
"8432","14:42:47.322022","100","333457","172.26.191.172","5000","20.241382000","48","1","48192","20.297950000"
"8433","14:42:47.322031","100","333505","172.26.191.172","5000","20.241391000","48","1","48192","20.297959000"
"8434","14:42:47.322032","100","333553","172.26.191.172","5000","20.241392000","48","1","48192","20.297960000"
"8435","14:42:47.322039","100","333601","172.26.191.172","5000","20.241399000","48","1","48192","20.297967000"
"8436","14:42:47.322041","100","333649","172.26.191.172","5000","20.241401000","48","1","48192","20.297969000"
"8437","14:42:47.322048","52","1","100.64.0.5","48192","20.241408000","0","331969","5000","20.297976000"
"8438","14:42:47.322058","100","333697","172.26.191.172","5000","20.241418000","48","1","48192","20.297986000"
"8439","14:42:47.322059","100","333745","172.26.191.172","5000","20.241419000","48","1","48192","20.297987000"
"8440","14:42:47.352483","52","1","100.64.0.5","48192","20.271843000","0","332257","5000","20.328411000"
"8441","14:42:47.352525","100","333793","172.26.191.172","5000","20.271885000","48","1","48192","20.328453000"
"8442","14:42:47.352535","100","333841","172.26.191.172","5000","20.271895000","48","1","48192","20.328463000"
"8443","14:42:47.352548","100","333889","172.26.191.172","5000","20.271908000","48","1","48192","20.328476000"
"8444","14:42:47.352550","100","333937","172.26.191.172","5000","20.271910000","48","1","48192","20.328478000"
"8445","14:42:47.352557","100","333985","172.26.191.172","5000","20.271917000","48","1","48192","20.328485000"
"8446","14:42:47.352558","100","334033","172.26.191.172","5000","20.271918000","48","1","48192","20.328486000"
"8447","14:42:47.352571","52","1","100.64.0.5","48192","20.271931000","0","332449","5000","20.328499000"
"8448","14:42:47.352585","100","334081","172.26.191.172","5000","20.271945000","48","1","48192","20.328513000"
"8449","14:42:47.352586","100","334129","172.26.191.172","5000","20.271946000","48","1","48192","20.328514000"
"8450","14:42:47.352593","100","334177","172.26.191.172","5000","20.271953000","48","1","48192","20.328521000"
"8451","14:42:47.352595","100","334225","172.26.191.172","5000","20.271955000","48","1","48192","20.328523000"
"8452","14:42:47.382306","52","1","100.64.0.5","48192","20.301666000","0","332737","5000","20.358234000"
"8453","14:42:47.382346","100","334273","172.26.191.172","5000","20.301706000","48","1","48192","20.358274000"
"8454","14:42:47.382355","100","334321","172.26.191.172","5000","20.301715000","48","1","48192","20.358283000"
"8455","14:42:47.382366","100","334369","172.26.191.172","5000","20.301726000","48","1","48192","20.358294000"
"8456","14:42:47.382367","100","334417","172.26.191.172","5000","20.301727000","48","1","48192","20.358295000"
"8457","14:42:47.382373","100","334465","172.26.191.172","5000","20.301733000","48","1","48192","20.358301000"
"8458","14:42:47.382375","100","334513","172.26.191.172","5000","20.301735000","48","1","48192","20.358303000"
"8459","14:42:47.383539","52","1","100.64.0.5","48192","20.302899000","0","332881","5000","20.359467000"
"8460","14:42:47.383564","100","334561","172.26.191.172","5000","20.302924000","48","1","48192","20.359492000"
"8461","14:42:47.383571","100","334609","172.26.191.172","5000","20.302931000","48","1","48192","20.359499000"
"8462","14:42:47.383582","100","334657","172.26.191.172","5000","20.302942000","48","1","48192","20.359510000"
"8463","14:42:47.383584","100","334705","172.26.191.172","5000","20.302944000","48","1","48192","20.359512000"
"8464","14:42:47.383595","52","1","100.64.0.5","48192","20.302955000","0","333121","5000","20.359523000"
"8465","14:42:47.383607","100","334753","172.26.191.172","5000","20.302967000","48","1","48192","20.359535000"
"8466","14:42:47.383609","100","334801","172.26.191.172","5000","20.302969000","48","1","48192","20.359537000"
"8467","14:42:47.383615","100","334849","172.26.191.172","5000","20.302975000","48","1","48192","20.359543000"
"8468","14:42:47.383617","100","334897","172.26.191.172","5000","20.302977000","48","1","48192","20.359545000"
"8469","14:42:47.412208","52","1","100.64.0.5","48192","20.331568000","0","333169","5000","20.388136000"
"8470","14:42:47.412245","100","334945","172.26.191.172","5000","20.331605000","48","1","48192","20.388173000"
"8471","14:42:47.412254","100","334993","172.26.191.172","5000","20.331614000","48","1","48192","20.388182000"
"8472","14:42:47.413420","52","1","100.64.0.5","48192","20.332780000","0","333505","5000","20.389348000"
"8473","14:42:47.413448","100","335041","172.26.191.172","5000","20.332808000","48","1","48192","20.389376000"
"8474","14:42:47.413455","100","335089","172.26.191.172","5000","20.332815000","48","1","48192","20.389383000"
"8475","14:42:47.413465","100","335137","172.26.191.172","5000","20.332825000","48","1","48192","20.389393000"
"8476","14:42:47.413466","100","335185","172.26.191.172","5000","20.332826000","48","1","48192","20.389394000"
"8477","14:42:47.413474","100","335233","172.26.191.172","5000","20.332834000","48","1","48192","20.389402000"
"8478","14:42:47.413476","100","335281","172.26.191.172","5000","20.332836000","48","1","48192","20.389404000"
"8479","14:42:47.413482","100","335329","172.26.191.172","5000","20.332842000","48","1","48192","20.389410000"
"8480","14:42:47.413483","100","335377","172.26.191.172","5000","20.332843000","48","1","48192","20.389411000"
"8481","14:42:47.413495","52","1","100.64.0.5","48192","20.332855000","0","333745","5000","20.389423000"
"8482","14:42:47.413505","100","335425","172.26.191.172","5000","20.332865000","48","1","48192","20.389433000"
"8483","14:42:47.413507","100","335473","172.26.191.172","5000","20.332867000","48","1","48192","20.389435000"
"8484","14:42:47.413514","100","335521","172.26.191.172","5000","20.332874000","48","1","48192","20.389442000"
"8485","14:42:47.413515","100","335569","172.26.191.172","5000","20.332875000","48","1","48192","20.389443000"
"8486","14:42:47.413522","52","1","100.64.0.5","48192","20.332882000","0","333793","5000","20.389450000"
"8487","14:42:47.413530","100","335617","172.26.191.172","5000","20.332890000","48","1","48192","20.389458000"
"8488","14:42:47.413531","100","335665","172.26.191.172","5000","20.332891000","48","1","48192","20.389459000"
"8489","14:42:47.443276","52","1","100.64.0.5","48192","20.362636000","0","334081","5000","20.419204000"
"8490","14:42:47.443317","100","335713","172.26.191.172","5000","20.362677000","48","1","48192","20.419245000"
"8491","14:42:47.443326","100","335761","172.26.191.172","5000","20.362686000","48","1","48192","20.419254000"
"8492","14:42:47.443338","100","335809","172.26.191.172","5000","20.362698000","48","1","48192","20.419266000"
"8493","14:42:47.443340","100","335857","172.26.191.172","5000","20.362700000","48","1","48192","20.419268000"
"8494","14:42:47.443346","100","335905","172.26.191.172","5000","20.362706000","48","1","48192","20.419274000"
"8495","14:42:47.443347","100","335953","172.26.191.172","5000","20.362707000","48","1","48192","20.419275000"
"8496","14:42:47.443358","52","1","100.64.0.5","48192","20.362718000","0","334273","5000","20.419286000"
"8497","14:42:47.443368","100","336001","172.26.191.172","5000","20.362728000","48","1","48192","20.419296000"
"8498","14:42:47.443369","100","336049","172.26.191.172","5000","20.362729000","48","1","48192","20.419297000"
"8499","14:42:47.443376","100","336097","172.26.191.172","5000","20.362736000","48","1","48192","20.419304000"
"8500","14:42:47.443378","100","336145","172.26.191.172","5000","20.362738000","48","1","48192","20.419306000"
"8501","14:42:47.473671","52","1","100.64.0.5","48192","20.393031000","0","334561","5000","20.449599000"
"8502","14:42:47.473709","100","336193","172.26.191.172","5000","20.393069000","48","1","48192","20.449637000"
"8503","14:42:47.473718","100","336241","172.26.191.172","5000","20.393078000","48","1","48192","20.449646000"
"8504","14:42:47.473728","100","336289","172.26.191.172","5000","20.393088000","48","1","48192","20.449656000"
"8505","14:42:47.473730","100","336337","172.26.191.172","5000","20.393090000","48","1","48192","20.449658000"
"8506","14:42:47.473736","100","336385","172.26.191.172","5000","20.393096000","48","1","48192","20.449664000"
"8507","14:42:47.473737","100","336433","172.26.191.172","5000","20.393097000","48","1","48192","20.449665000"
"8508","14:42:47.473749","52","1","100.64.0.5","48192","20.393109000","0","334849","5000","20.449677000"
"8509","14:42:47.473759","100","336481","172.26.191.172","5000","20.393119000","48","1","48192","20.449687000"
"8510","14:42:47.473761","100","336529","172.26.191.172","5000","20.393121000","48","1","48192","20.449689000"
"8511","14:42:47.473768","100","336577","172.26.191.172","5000","20.393128000","48","1","48192","20.449696000"
"8512","14:42:47.473770","100","336625","172.26.191.172","5000","20.393130000","48","1","48192","20.449698000"
"8513","14:42:47.473775","100","336673","172.26.191.172","5000","20.393135000","48","1","48192","20.449703000"
"8514","14:42:47.473777","100","336721","172.26.191.172","5000","20.393137000","48","1","48192","20.449705000"
"8515","14:42:47.473783","52","1","100.64.0.5","48192","20.393143000","0","334945","5000","20.449711000"
"8516","14:42:47.473792","100","336769","172.26.191.172","5000","20.393152000","48","1","48192","20.449720000"
"8517","14:42:47.473794","100","336817","172.26.191.172","5000","20.393154000","48","1","48192","20.449722000"
"8518","14:42:47.504297","52","1","100.64.0.5","48192","20.423657000","0","335233","5000","20.480225000"
"8519","14:42:47.504355","100","336865","172.26.191.172","5000","20.423715000","48","1","48192","20.480283000"
"8520","14:42:47.504366","100","336913","172.26.191.172","5000","20.423726000","48","1","48192","20.480294000"
"8521","14:42:47.504379","100","336961","172.26.191.172","5000","20.423739000","48","1","48192","20.480307000"
"8522","14:42:47.504380","100","337009","172.26.191.172","5000","20.423740000","48","1","48192","20.480308000"
"8523","14:42:47.504388","100","337057","172.26.191.172","5000","20.423748000","48","1","48192","20.480316000"
"8524","14:42:47.504390","100","337105","172.26.191.172","5000","20.423750000","48","1","48192","20.480318000"
"8525","14:42:47.504446","52","1","100.64.0.5","48192","20.423806000","0","335521","5000","20.480374000"
"8526","14:42:47.504464","100","337153","172.26.191.172","5000","20.423824000","48","1","48192","20.480392000"
"8527","14:42:47.504466","100","337201","172.26.191.172","5000","20.423826000","48","1","48192","20.480394000"
"8528","14:42:47.504474","100","337249","172.26.191.172","5000","20.423834000","48","1","48192","20.480402000"
"8529","14:42:47.504475","100","337297","172.26.191.172","5000","20.423835000","48","1","48192","20.480403000"
"8530","14:42:47.504481","100","337345","172.26.191.172","5000","20.423841000","48","1","48192","20.480409000"
"8531","14:42:47.504484","100","337393","172.26.191.172","5000","20.423844000","48","1","48192","20.480412000"
"8532","14:42:47.504494","52","1","100.64.0.5","48192","20.423854000","0","335617","5000","20.480422000"
"8533","14:42:47.504504","100","337441","172.26.191.172","5000","20.423864000","48","1","48192","20.480432000"
"8534","14:42:47.504506","100","337489","172.26.191.172","5000","20.423866000","48","1","48192","20.480434000"
"8535","14:42:47.534349","52","1","100.64.0.5","48192","20.453709000","0","335665","5000","20.510277000"
"8536","14:42:47.534386","100","337537","172.26.191.172","5000","20.453746000","48","1","48192","20.510314000"
"8537","14:42:47.534394","100","337585","172.26.191.172","5000","20.453754000","48","1","48192","20.510322000"
"8538","14:42:47.534409","52","1","100.64.0.5","48192","20.453769000","0","336001","5000","20.510337000"
"8539","14:42:47.534423","100","337633","172.26.191.172","5000","20.453783000","48","1","48192","20.510351000"
"8540","14:42:47.534425","100","337681","172.26.191.172","5000","20.453785000","48","1","48192","20.510353000"
"8541","14:42:47.534431","100","337729","172.26.191.172","5000","20.453791000","48","1","48192","20.510359000"
"8542","14:42:47.534433","100","337777","172.26.191.172","5000","20.453793000","48","1","48192","20.510361000"
"8543","14:42:47.534439","100","337825","172.26.191.172","5000","20.453799000","48","1","48192","20.510367000"
"8544","14:42:47.534440","100","337873","172.26.191.172","5000","20.453800000","48","1","48192","20.510368000"
"8545","14:42:47.534447","52","1","100.64.0.5","48192","20.453807000","0","336193","5000","20.510375000"
"8546","14:42:47.534458","100","337921","172.26.191.172","5000","20.453818000","48","1","48192","20.510386000"
"8547","14:42:47.534459","100","337969","172.26.191.172","5000","20.453819000","48","1","48192","20.510387000"
"8548","14:42:47.534465","100","338017","172.26.191.172","5000","20.453825000","48","1","48192","20.510393000"
"8549","14:42:47.534466","100","338065","172.26.191.172","5000","20.453826000","48","1","48192","20.510394000"
"8550","14:42:47.564485","52","1","100.64.0.5","48192","20.483845000","0","336481","5000","20.540413000"
"8551","14:42:47.564525","100","338113","172.26.191.172","5000","20.483885000","48","1","48192","20.540453000"
"8552","14:42:47.564537","100","338161","172.26.191.172","5000","20.483897000","48","1","48192","20.540465000"
"8553","14:42:47.564549","100","338209","172.26.191.172","5000","20.483909000","48","1","48192","20.540477000"
"8554","14:42:47.564551","100","338257","172.26.191.172","5000","20.483911000","48","1","48192","20.540479000"
"8555","14:42:47.564557","100","338305","172.26.191.172","5000","20.483917000","48","1","48192","20.540485000"
"8556","14:42:47.564558","100","338353","172.26.191.172","5000","20.483918000","48","1","48192","20.540486000"
"8557","14:42:47.564571","52","1","100.64.0.5","48192","20.483931000","0","336577","5000","20.540499000"
"8558","14:42:47.564582","100","338401","172.26.191.172","5000","20.483942000","48","1","48192","20.540510000"
"8559","14:42:47.564584","100","338449","172.26.191.172","5000","20.483944000","48","1","48192","20.540512000"
"8560","14:42:47.564592","52","1","100.64.0.5","48192","20.483952000","0","336721","5000","20.540520000"
"8561","14:42:47.564602","100","338497","172.26.191.172","5000","20.483962000","48","1","48192","20.540530000"
"8562","14:42:47.564603","100","338545","172.26.191.172","5000","20.483963000","48","1","48192","20.540531000"
"8563","14:42:47.564610","100","338593","172.26.191.172","5000","20.483970000","48","1","48192","20.540538000"
"8564","14:42:47.564611","100","338641","172.26.191.172","5000","20.483971000","48","1","48192","20.540539000"
"8565","14:42:47.564617","52","1","100.64.0.5","48192","20.483977000","0","336865","5000","20.540545000"
"8566","14:42:47.564626","100","338689","172.26.191.172","5000","20.483986000","48","1","48192","20.540554000"
"8567","14:42:47.564628","100","338737","172.26.191.172","5000","20.483988000","48","1","48192","20.540556000"
"8568","14:42:47.595292","52","1","100.64.0.5","48192","20.514652000","0","337153","5000","20.571220000"
"8569","14:42:47.595332","100","338785","172.26.191.172","5000","20.514692000","48","1","48192","20.571260000"
"8570","14:42:47.595341","100","338833","172.26.191.172","5000","20.514701000","48","1","48192","20.571269000"
"8571","14:42:47.595353","100","338881","172.26.191.172","5000","20.514713000","48","1","48192","20.571281000"
"8572","14:42:47.595354","100","338929","172.26.191.172","5000","20.514714000","48","1","48192","20.571282000"
"8573","14:42:47.595361","100","338977","172.26.191.172","5000","20.514721000","48","1","48192","20.571289000"
"8574","14:42:47.595363","100","339025","172.26.191.172","5000","20.514723000","48","1","48192","20.571291000"
"8575","14:42:47.595374","52","1","100.64.0.5","48192","20.514734000","0","337441","5000","20.571302000"
"8576","14:42:47.595386","100","339073","172.26.191.172","5000","20.514746000","48","1","48192","20.571314000"
"8577","14:42:47.595388","100","339121","172.26.191.172","5000","20.514748000","48","1","48192","20.571316000"
"8578","14:42:47.595395","100","339169","172.26.191.172","5000","20.514755000","48","1","48192","20.571323000"
"8579","14:42:47.595396","100","339217","172.26.191.172","5000","20.514756000","48","1","48192","20.571324000"
"8580","14:42:47.595403","100","339265","172.26.191.172","5000","20.514763000","48","1","48192","20.571331000"
"8581","14:42:47.595404","100","339313","172.26.191.172","5000","20.514764000","48","1","48192","20.571332000"
"8582","14:42:47.595409","100","339361","172.26.191.172","5000","20.514769000","48","1","48192","20.571337000"
"8583","14:42:47.595411","100","339409","172.26.191.172","5000","20.514771000","48","1","48192","20.571339000"
"8584","14:42:47.595417","52","1","100.64.0.5","48192","20.514777000","0","337537","5000","20.571345000"
"8585","14:42:47.595426","100","339457","172.26.191.172","5000","20.514786000","48","1","48192","20.571354000"
"8586","14:42:47.595427","100","339505","172.26.191.172","5000","20.514787000","48","1","48192","20.571355000"
"8587","14:42:47.625304","52","1","100.64.0.5","48192","20.544664000","0","337825","5000","20.601232000"
"8588","14:42:47.625344","100","339553","172.26.191.172","5000","20.544704000","48","1","48192","20.601272000"
"8589","14:42:47.625353","100","339601","172.26.191.172","5000","20.544713000","48","1","48192","20.601281000"
"8590","14:42:47.625364","100","339649","172.26.191.172","5000","20.544724000","48","1","48192","20.601292000"
"8591","14:42:47.625365","100","339697","172.26.191.172","5000","20.544725000","48","1","48192","20.601293000"
"8592","14:42:47.625372","100","339745","172.26.191.172","5000","20.544732000","48","1","48192","20.601300000"
"8593","14:42:47.625373","100","339793","172.26.191.172","5000","20.544733000","48","1","48192","20.601301000"
"8594","14:42:47.625384","52","1","100.64.0.5","48192","20.544744000","0","338113","5000","20.601312000"
"8595","14:42:47.625396","100","339841","172.26.191.172","5000","20.544756000","48","1","48192","20.601324000"
"8596","14:42:47.625398","100","339889","172.26.191.172","5000","20.544758000","48","1","48192","20.601326000"
"8597","14:42:47.625405","100","339937","172.26.191.172","5000","20.544765000","48","1","48192","20.601333000"
"8598","14:42:47.625406","100","339985","172.26.191.172","5000","20.544766000","48","1","48192","20.601334000"
"8599","14:42:47.625413","100","340033","172.26.191.172","5000","20.544773000","48","1","48192","20.601341000"
"8600","14:42:47.625414","100","340081","172.26.191.172","5000","20.544774000","48","1","48192","20.601342000"
"8601","14:42:47.655322","52","1","100.64.0.5","48192","20.574682000","0","338401","5000","20.631250000"
"8602","14:42:47.655362","100","340129","172.26.191.172","5000","20.574722000","48","1","48192","20.631290000"
"8603","14:42:47.655371","100","340177","172.26.191.172","5000","20.574731000","48","1","48192","20.631299000"
"8604","14:42:47.655382","100","340225","172.26.191.172","5000","20.574742000","48","1","48192","20.631310000"
"8605","14:42:47.655383","100","340273","172.26.191.172","5000","20.574743000","48","1","48192","20.631311000"
"8606","14:42:47.655389","100","340321","172.26.191.172","5000","20.574749000","48","1","48192","20.631317000"
"8607","14:42:47.655391","100","340369","172.26.191.172","5000","20.574751000","48","1","48192","20.631319000"
"8608","14:42:47.655403","52","1","100.64.0.5","48192","20.574763000","0","338689","5000","20.631331000"
"8609","14:42:47.655416","100","340417","172.26.191.172","5000","20.574776000","48","1","48192","20.631344000"
"8610","14:42:47.655418","100","340465","172.26.191.172","5000","20.574778000","48","1","48192","20.631346000"
"8611","14:42:47.655424","100","340513","172.26.191.172","5000","20.574784000","48","1","48192","20.631352000"
"8612","14:42:47.655425","100","340561","172.26.191.172","5000","20.574785000","48","1","48192","20.631353000"
"8613","14:42:47.655430","100","340609","172.26.191.172","5000","20.574790000","48","1","48192","20.631358000"
"8614","14:42:47.655432","100","340657","172.26.191.172","5000","20.574792000","48","1","48192","20.631360000"
"8615","14:42:47.655438","52","1","100.64.0.5","48192","20.574798000","0","338785","5000","20.631366000"
"8616","14:42:47.655447","100","340705","172.26.191.172","5000","20.574807000","48","1","48192","20.631375000"
"8617","14:42:47.655448","100","340753","172.26.191.172","5000","20.574808000","48","1","48192","20.631376000"
"8618","14:42:47.685369","52","1","100.64.0.5","48192","20.604729000","0","339073","5000","20.661297000"
"8619","14:42:47.685409","100","340801","172.26.191.172","5000","20.604769000","48","1","48192","20.661337000"
"8620","14:42:47.685418","100","340849","172.26.191.172","5000","20.604778000","48","1","48192","20.661346000"
"8621","14:42:47.685429","100","340897","172.26.191.172","5000","20.604789000","48","1","48192","20.661357000"
"8622","14:42:47.685430","100","340945","172.26.191.172","5000","20.604790000","48","1","48192","20.661358000"
"8623","14:42:47.685437","100","340993","172.26.191.172","5000","20.604797000","48","1","48192","20.661365000"
"8624","14:42:47.685438","100","341041","172.26.191.172","5000","20.604798000","48","1","48192","20.661366000"
"8625","14:42:47.686603","52","1","100.64.0.5","48192","20.605963000","0","339361","5000","20.662531000"
"8626","14:42:47.686628","100","341089","172.26.191.172","5000","20.605988000","48","1","48192","20.662556000"
"8627","14:42:47.686635","100","341137","172.26.191.172","5000","20.605995000","48","1","48192","20.662563000"
"8628","14:42:47.686646","100","341185","172.26.191.172","5000","20.606006000","48","1","48192","20.662574000"
"8629","14:42:47.686648","100","341233","172.26.191.172","5000","20.606008000","48","1","48192","20.662576000"
"8630","14:42:47.686654","100","341281","172.26.191.172","5000","20.606014000","48","1","48192","20.662582000"
"8631","14:42:47.686655","100","341329","172.26.191.172","5000","20.606015000","48","1","48192","20.662583000"
"8632","14:42:47.686667","52","1","100.64.0.5","48192","20.606027000","0","339457","5000","20.662595000"
"8633","14:42:47.686678","100","341377","172.26.191.172","5000","20.606038000","48","1","48192","20.662606000"
"8634","14:42:47.686679","100","341425","172.26.191.172","5000","20.606039000","48","1","48192","20.662607000"
"8635","14:42:47.716080","52","1","100.64.0.5","48192","20.635440000","0","339745","5000","20.692008000"
"8636","14:42:47.716123","100","341473","172.26.191.172","5000","20.635483000","48","1","48192","20.692051000"
"8637","14:42:47.716133","100","341521","172.26.191.172","5000","20.635493000","48","1","48192","20.692061000"
"8638","14:42:47.716148","100","341569","172.26.191.172","5000","20.635508000","48","1","48192","20.692076000"
"8639","14:42:47.716150","100","341617","172.26.191.172","5000","20.635510000","48","1","48192","20.692078000"
"8640","14:42:47.716157","100","341665","172.26.191.172","5000","20.635517000","48","1","48192","20.692085000"
"8641","14:42:47.716159","100","341713","172.26.191.172","5000","20.635519000","48","1","48192","20.692087000"
"8642","14:42:47.716172","52","1","100.64.0.5","48192","20.635532000","0","340033","5000","20.692100000"
"8643","14:42:47.716184","100","341761","172.26.191.172","5000","20.635544000","48","1","48192","20.692112000"
"8644","14:42:47.716186","100","341809","172.26.191.172","5000","20.635546000","48","1","48192","20.692114000"
"8645","14:42:47.716193","100","341857","172.26.191.172","5000","20.635553000","48","1","48192","20.692121000"
"8646","14:42:47.716195","100","341905","172.26.191.172","5000","20.635555000","48","1","48192","20.692123000"
"8647","14:42:47.716201","100","341953","172.26.191.172","5000","20.635561000","48","1","48192","20.692129000"
"8648","14:42:47.716202","100","342001","172.26.191.172","5000","20.635562000","48","1","48192","20.692130000"
"8649","14:42:47.716210","52","1","100.64.0.5","48192","20.635570000","0","340129","5000","20.692138000"
"8650","14:42:47.716219","100","342049","172.26.191.172","5000","20.635579000","48","1","48192","20.692147000"
"8651","14:42:47.716220","100","342097","172.26.191.172","5000","20.635580000","48","1","48192","20.692148000"
"8652","14:42:47.745965","52","1","100.64.0.5","48192","20.665325000","0","340417","5000","20.721893000"
"8653","14:42:47.746005","100","342145","172.26.191.172","5000","20.665365000","48","1","48192","20.721933000"
"8654","14:42:47.746014","100","342193","172.26.191.172","5000","20.665374000","48","1","48192","20.721942000"
"8655","14:42:47.746025","100","342241","172.26.191.172","5000","20.665385000","48","1","48192","20.721953000"
"8656","14:42:47.746026","100","342289","172.26.191.172","5000","20.665386000","48","1","48192","20.721954000"
"8657","14:42:47.746033","100","342337","172.26.191.172","5000","20.665393000","48","1","48192","20.721961000"
"8658","14:42:47.746034","100","342385","172.26.191.172","5000","20.665394000","48","1","48192","20.721962000"
"8659","14:42:47.746046","52","1","100.64.0.5","48192","20.665406000","0","340609","5000","20.721974000"
"8660","14:42:47.746056","100","342433","172.26.191.172","5000","20.665416000","48","1","48192","20.721984000"
"8661","14:42:47.746058","100","342481","172.26.191.172","5000","20.665418000","48","1","48192","20.721986000"
"8662","14:42:47.746064","100","342529","172.26.191.172","5000","20.665424000","48","1","48192","20.721992000"
"8663","14:42:47.746066","100","342577","172.26.191.172","5000","20.665426000","48","1","48192","20.721994000"
"8664","14:42:47.746073","52","1","100.64.0.5","48192","20.665433000","0","340801","5000","20.722001000"
"8665","14:42:47.746084","100","342625","172.26.191.172","5000","20.665444000","48","1","48192","20.722012000"
"8666","14:42:47.746086","100","342673","172.26.191.172","5000","20.665446000","48","1","48192","20.722014000"
"8667","14:42:47.746092","100","342721","172.26.191.172","5000","20.665452000","48","1","48192","20.722020000"
"8668","14:42:47.746093","100","342769","172.26.191.172","5000","20.665453000","48","1","48192","20.722021000"
"8669","14:42:47.776854","52","1","100.64.0.5","48192","20.696214000","0","341089","5000","20.752782000"
"8670","14:42:47.776894","100","342817","172.26.191.172","5000","20.696254000","48","1","48192","20.752822000"
"8671","14:42:47.776902","100","342865","172.26.191.172","5000","20.696262000","48","1","48192","20.752830000"
"8672","14:42:47.776914","100","342913","172.26.191.172","5000","20.696274000","48","1","48192","20.752842000"
"8673","14:42:47.776916","100","342961","172.26.191.172","5000","20.696276000","48","1","48192","20.752844000"
"8674","14:42:47.776922","100","343009","172.26.191.172","5000","20.696282000","48","1","48192","20.752850000"
"8675","14:42:47.776923","100","343057","172.26.191.172","5000","20.696283000","48","1","48192","20.752851000"
"8676","14:42:47.776934","52","1","100.64.0.5","48192","20.696294000","0","341281","5000","20.752862000"
"8677","14:42:47.776944","100","343105","172.26.191.172","5000","20.696304000","48","1","48192","20.752872000"
"8678","14:42:47.776946","100","343153","172.26.191.172","5000","20.696306000","48","1","48192","20.752874000"
"8679","14:42:47.776954","100","343201","172.26.191.172","5000","20.696314000","48","1","48192","20.752882000"
"8680","14:42:47.776955","100","343249","172.26.191.172","5000","20.696315000","48","1","48192","20.752883000"
"8681","14:42:47.776962","52","1","100.64.0.5","48192","20.696322000","0","341473","5000","20.752890000"
"8682","14:42:47.776971","100","343297","172.26.191.172","5000","20.696331000","48","1","48192","20.752899000"
"8683","14:42:47.776972","100","343345","172.26.191.172","5000","20.696332000","48","1","48192","20.752900000"
"8684","14:42:47.776979","100","343393","172.26.191.172","5000","20.696339000","48","1","48192","20.752907000"
"8685","14:42:47.776980","100","343441","172.26.191.172","5000","20.696340000","48","1","48192","20.752908000"
"8686","14:42:47.776985","100","343489","172.26.191.172","5000","20.696345000","48","1","48192","20.752913000"
"8687","14:42:47.776987","100","343537","172.26.191.172","5000","20.696347000","48","1","48192","20.752915000"
"8688","14:42:47.806704","52","1","100.64.0.5","48192","20.726064000","0","341761","5000","20.782632000"
"8689","14:42:47.806745","100","343585","172.26.191.172","5000","20.726105000","48","1","48192","20.782673000"
"8690","14:42:47.806754","100","343633","172.26.191.172","5000","20.726114000","48","1","48192","20.782682000"
"8691","14:42:47.806764","100","343681","172.26.191.172","5000","20.726124000","48","1","48192","20.782692000"
"8692","14:42:47.806766","100","343729","172.26.191.172","5000","20.726126000","48","1","48192","20.782694000"
"8693","14:42:47.806772","100","343777","172.26.191.172","5000","20.726132000","48","1","48192","20.782700000"
"8694","14:42:47.806773","100","343825","172.26.191.172","5000","20.726133000","48","1","48192","20.782701000"
"8695","14:42:47.806785","52","1","100.64.0.5","48192","20.726145000","0","342049","5000","20.782713000"
"8696","14:42:47.806795","100","343873","172.26.191.172","5000","20.726155000","48","1","48192","20.782723000"
"8697","14:42:47.806797","100","343921","172.26.191.172","5000","20.726157000","48","1","48192","20.782725000"
"8698","14:42:47.806804","100","343969","172.26.191.172","5000","20.726164000","48","1","48192","20.782732000"
"8699","14:42:47.806806","100","344017","172.26.191.172","5000","20.726166000","48","1","48192","20.782734000"
"8700","14:42:47.806812","100","344065","172.26.191.172","5000","20.726172000","48","1","48192","20.782740000"
"8701","14:42:47.806813","100","344113","172.26.191.172","5000","20.726173000","48","1","48192","20.782741000"
"8702","14:42:47.806819","52","1","100.64.0.5","48192","20.726179000","0","342145","5000","20.782747000"
"8703","14:42:47.806827","100","344161","172.26.191.172","5000","20.726187000","48","1","48192","20.782755000"
"8704","14:42:47.806828","100","344209","172.26.191.172","5000","20.726188000","48","1","48192","20.782756000"
"8705","14:42:47.837507","52","1","100.64.0.5","48192","20.756867000","0","342433","5000","20.813435000"
"8706","14:42:47.837548","100","344257","172.26.191.172","5000","20.756908000","48","1","48192","20.813476000"
"8707","14:42:47.837556","100","344305","172.26.191.172","5000","20.756916000","48","1","48192","20.813484000"
"8708","14:42:47.837567","100","344353","172.26.191.172","5000","20.756927000","48","1","48192","20.813495000"
"8709","14:42:47.837569","100","344401","172.26.191.172","5000","20.756929000","48","1","48192","20.813497000"
"8710","14:42:47.837574","100","344449","172.26.191.172","5000","20.756934000","48","1","48192","20.813502000"
"8711","14:42:47.837576","100","344497","172.26.191.172","5000","20.756936000","48","1","48192","20.813504000"
"8712","14:42:47.837588","52","1","100.64.0.5","48192","20.756948000","0","342721","5000","20.813516000"
"8713","14:42:47.837598","100","344545","172.26.191.172","5000","20.756958000","48","1","48192","20.813526000"
"8714","14:42:47.837600","100","344593","172.26.191.172","5000","20.756960000","48","1","48192","20.813528000"
"8715","14:42:47.837608","100","344641","172.26.191.172","5000","20.756968000","48","1","48192","20.813536000"
"8716","14:42:47.837609","100","344689","172.26.191.172","5000","20.756969000","48","1","48192","20.813537000"
"8717","14:42:47.837615","100","344737","172.26.191.172","5000","20.756975000","48","1","48192","20.813543000"
"8718","14:42:47.837616","100","344785","172.26.191.172","5000","20.756976000","48","1","48192","20.813544000"
"8719","14:42:47.837623","52","1","100.64.0.5","48192","20.756983000","0","342817","5000","20.813551000"
"8720","14:42:47.837631","100","344833","172.26.191.172","5000","20.756991000","48","1","48192","20.813559000"
"8721","14:42:47.837632","100","344881","172.26.191.172","5000","20.756992000","48","1","48192","20.813560000"
"8722","14:42:47.868022","52","1","100.64.0.5","48192","20.787382000","0","343105","5000","20.843950000"
"8723","14:42:47.868063","100","344929","172.26.191.172","5000","20.787423000","48","1","48192","20.843991000"
"8724","14:42:47.868071","100","344977","172.26.191.172","5000","20.787431000","48","1","48192","20.843999000"
"8725","14:42:47.868082","100","345025","172.26.191.172","5000","20.787442000","48","1","48192","20.844010000"
"8726","14:42:47.868084","100","345073","172.26.191.172","5000","20.787444000","48","1","48192","20.844012000"
"8727","14:42:47.868090","100","345121","172.26.191.172","5000","20.787450000","48","1","48192","20.844018000"
"8728","14:42:47.868091","100","345169","172.26.191.172","5000","20.787451000","48","1","48192","20.844019000"
"8729","14:42:47.868103","52","1","100.64.0.5","48192","20.787463000","0","343393","5000","20.844031000"
"8730","14:42:47.868114","100","345217","172.26.191.172","5000","20.787474000","48","1","48192","20.844042000"
"8731","14:42:47.868115","100","345265","172.26.191.172","5000","20.787475000","48","1","48192","20.844043000"
"8732","14:42:47.868123","100","345313","172.26.191.172","5000","20.787483000","48","1","48192","20.844051000"
"8733","14:42:47.868125","100","345361","172.26.191.172","5000","20.787485000","48","1","48192","20.844053000"
"8734","14:42:47.868132","100","345409","172.26.191.172","5000","20.787492000","48","1","48192","20.844060000"
"8735","14:42:47.868133","100","345457","172.26.191.172","5000","20.787493000","48","1","48192","20.844061000"
"8736","14:42:47.868139","52","1","100.64.0.5","48192","20.787499000","0","343489","5000","20.844067000"
"8737","14:42:47.868148","100","345505","172.26.191.172","5000","20.787508000","48","1","48192","20.844076000"
"8738","14:42:47.868150","100","345553","172.26.191.172","5000","20.787510000","48","1","48192","20.844078000"
"8739","14:42:47.898597","52","1","100.64.0.5","48192","20.817957000","0","343777","5000","20.874525000"
"8740","14:42:47.898637","100","345601","172.26.191.172","5000","20.817997000","48","1","48192","20.874565000"
"8741","14:42:47.898645","100","345649","172.26.191.172","5000","20.818005000","48","1","48192","20.874573000"
"8742","14:42:47.898659","100","345697","172.26.191.172","5000","20.818019000","48","1","48192","20.874587000"
"8743","14:42:47.898660","100","345745","172.26.191.172","5000","20.818020000","48","1","48192","20.874588000"
"8744","14:42:47.898666","100","345793","172.26.191.172","5000","20.818026000","48","1","48192","20.874594000"
"8745","14:42:47.898667","100","345841","172.26.191.172","5000","20.818027000","48","1","48192","20.874595000"
"8746","14:42:47.898679","52","1","100.64.0.5","48192","20.818039000","0","344065","5000","20.874607000"
"8747","14:42:47.898690","100","345889","172.26.191.172","5000","20.818050000","48","1","48192","20.874618000"
"8748","14:42:47.898692","100","345937","172.26.191.172","5000","20.818052000","48","1","48192","20.874620000"
"8749","14:42:47.898698","100","345985","172.26.191.172","5000","20.818058000","48","1","48192","20.874626000"
"8750","14:42:47.898700","100","346033","172.26.191.172","5000","20.818060000","48","1","48192","20.874628000"
"8751","14:42:47.898705","100","346081","172.26.191.172","5000","20.818065000","48","1","48192","20.874633000"
"8752","14:42:47.898706","100","346129","172.26.191.172","5000","20.818066000","48","1","48192","20.874634000"
"8753","14:42:47.898713","52","1","100.64.0.5","48192","20.818073000","0","344113","5000","20.874641000"
"8754","14:42:47.898721","100","346177","172.26.191.172","5000","20.818081000","48","1","48192","20.874649000"
"8755","14:42:47.898722","100","346225","172.26.191.172","5000","20.818082000","48","1","48192","20.874650000"
"8756","14:42:47.898729","52","1","100.64.0.5","48192","20.818089000","0","344161","5000","20.874657000"
"8757","14:42:47.928415","52","1","100.64.0.5","48192","20.847775000","0","344449","5000","20.904343000"
"8758","14:42:47.928455","100","346273","172.26.191.172","5000","20.847815000","48","1","48192","20.904383000"
"8759","14:42:47.928464","100","346321","172.26.191.172","5000","20.847824000","48","1","48192","20.904392000"
"8760","14:42:47.928476","100","346369","172.26.191.172","5000","20.847836000","48","1","48192","20.904404000"
"8761","14:42:47.928477","100","346417","172.26.191.172","5000","20.847837000","48","1","48192","20.904405000"
"8762","14:42:47.928483","100","346465","172.26.191.172","5000","20.847843000","48","1","48192","20.904411000"
"8763","14:42:47.928485","100","346513","172.26.191.172","5000","20.847845000","48","1","48192","20.904413000"
"8764","14:42:47.928496","52","1","100.64.0.5","48192","20.847856000","0","344737","5000","20.904424000"
"8765","14:42:47.928508","100","346561","172.26.191.172","5000","20.847868000","48","1","48192","20.904436000"
"8766","14:42:47.928510","100","346609","172.26.191.172","5000","20.847870000","48","1","48192","20.904438000"
"8767","14:42:47.928517","100","346657","172.26.191.172","5000","20.847877000","48","1","48192","20.904445000"
"8768","14:42:47.928518","100","346705","172.26.191.172","5000","20.847878000","48","1","48192","20.904446000"
"8769","14:42:47.928525","100","346753","172.26.191.172","5000","20.847885000","48","1","48192","20.904453000"
"8770","14:42:47.928526","100","346801","172.26.191.172","5000","20.847886000","48","1","48192","20.904454000"
"8771","14:42:47.928533","52","1","100.64.0.5","48192","20.847893000","0","344881","5000","20.904461000"
"8772","14:42:47.928542","100","346849","172.26.191.172","5000","20.847902000","48","1","48192","20.904470000"
"8773","14:42:47.928544","100","346897","172.26.191.172","5000","20.847904000","48","1","48192","20.904472000"
"8774","14:42:47.928550","100","346945","172.26.191.172","5000","20.847910000","48","1","48192","20.904478000"
"8775","14:42:47.928551","100","346993","172.26.191.172","5000","20.847911000","48","1","48192","20.904479000"
"8776","14:42:47.958070","52","1","100.64.0.5","48192","20.877430000","0","344929","5000","20.933998000"
"8777","14:42:47.958103","100","347041","172.26.191.172","5000","20.877463000","48","1","48192","20.934031000"
"8778","14:42:47.958125","52","1","100.64.0.5","48192","20.877485000","0","345217","5000","20.934053000"
"8779","14:42:47.958141","100","347089","172.26.191.172","5000","20.877501000","48","1","48192","20.934069000"
"8780","14:42:47.958143","100","347137","172.26.191.172","5000","20.877503000","48","1","48192","20.934071000"
"8781","14:42:47.958150","100","347185","172.26.191.172","5000","20.877510000","48","1","48192","20.934078000"
"8782","14:42:47.958152","100","347233","172.26.191.172","5000","20.877512000","48","1","48192","20.934080000"
"8783","14:42:47.958158","100","347281","172.26.191.172","5000","20.877518000","48","1","48192","20.934086000"
"8784","14:42:47.958159","100","347329","172.26.191.172","5000","20.877519000","48","1","48192","20.934087000"
"8785","14:42:47.958166","52","1","100.64.0.5","48192","20.877526000","0","345505","5000","20.934094000"
"8786","14:42:47.958176","100","347377","172.26.191.172","5000","20.877536000","48","1","48192","20.934104000"
"8787","14:42:47.958177","100","347425","172.26.191.172","5000","20.877537000","48","1","48192","20.934105000"
"8788","14:42:47.958185","100","347473","172.26.191.172","5000","20.877545000","48","1","48192","20.934113000"
"8789","14:42:47.958186","100","347521","172.26.191.172","5000","20.877546000","48","1","48192","20.934114000"
"8790","14:42:47.958192","100","347569","172.26.191.172","5000","20.877552000","48","1","48192","20.934120000"
"8791","14:42:47.958193","100","347617","172.26.191.172","5000","20.877553000","48","1","48192","20.934121000"
"8792","14:42:47.958199","52","1","100.64.0.5","48192","20.877559000","0","345553","5000","20.934127000"
"8793","14:42:47.988910","52","1","100.64.0.5","48192","20.908270000","0","345841","5000","20.964838000"
"8794","14:42:47.988953","100","347665","172.26.191.172","5000","20.908313000","48","1","48192","20.964881000"
"8795","14:42:47.988962","100","347713","172.26.191.172","5000","20.908322000","48","1","48192","20.964890000"
"8796","14:42:47.988973","100","347761","172.26.191.172","5000","20.908333000","48","1","48192","20.964901000"
"8797","14:42:47.988975","100","347809","172.26.191.172","5000","20.908335000","48","1","48192","20.964903000"
"8798","14:42:47.988981","100","347857","172.26.191.172","5000","20.908341000","48","1","48192","20.964909000"
"8799","14:42:47.988982","100","347905","172.26.191.172","5000","20.908342000","48","1","48192","20.964910000"
"8800","14:42:47.988988","100","347953","172.26.191.172","5000","20.908348000","48","1","48192","20.964916000"
"8801","14:42:47.988989","100","348001","172.26.191.172","5000","20.908349000","48","1","48192","20.964917000"
"8802","14:42:47.989001","52","1","100.64.0.5","48192","20.908361000","0","346129","5000","20.964929000"
"8803","14:42:47.989012","100","348049","172.26.191.172","5000","20.908372000","48","1","48192","20.964940000"
"8804","14:42:47.989013","100","348097","172.26.191.172","5000","20.908373000","48","1","48192","20.964941000"
"8805","14:42:47.989020","100","348145","172.26.191.172","5000","20.908380000","48","1","48192","20.964948000"
"8806","14:42:47.989021","100","348193","172.26.191.172","5000","20.908381000","48","1","48192","20.964949000"
"8807","14:42:47.989028","100","348241","172.26.191.172","5000","20.908388000","48","1","48192","20.964956000"
"8808","14:42:47.989029","100","348289","172.26.191.172","5000","20.908389000","48","1","48192","20.964957000"
"8809","14:42:47.989036","52","1","100.64.0.5","48192","20.908396000","0","346273","5000","20.964964000"
"8810","14:42:47.989046","100","348337","172.26.191.172","5000","20.908406000","48","1","48192","20.964974000"
"8811","14:42:47.989047","100","348385","172.26.191.172","5000","20.908407000","48","1","48192","20.964975000"
"8812","14:42:48.019494","52","1","100.64.0.5","48192","20.938854000","0","346561","5000","20.995422000"
"8813","14:42:48.019535","100","348433","172.26.191.172","5000","20.938895000","48","1","48192","20.995463000"
"8814","14:42:48.019544","100","348481","172.26.191.172","5000","20.938904000","48","1","48192","20.995472000"
"8815","14:42:48.019555","100","348529","172.26.191.172","5000","20.938915000","48","1","48192","20.995483000"
"8816","14:42:48.019557","100","348577","172.26.191.172","5000","20.938917000","48","1","48192","20.995485000"
"8817","14:42:48.019563","100","348625","172.26.191.172","5000","20.938923000","48","1","48192","20.995491000"
"8818","14:42:48.019564","100","348673","172.26.191.172","5000","20.938924000","48","1","48192","20.995492000"
"8819","14:42:48.019575","52","1","100.64.0.5","48192","20.938935000","0","346849","5000","20.995503000"
"8820","14:42:48.019586","100","348721","172.26.191.172","5000","20.938946000","48","1","48192","20.995514000"
"8821","14:42:48.019588","100","348769","172.26.191.172","5000","20.938948000","48","1","48192","20.995516000"
"8822","14:42:48.019594","100","348817","172.26.191.172","5000","20.938954000","48","1","48192","20.995522000"
"8823","14:42:48.019596","100","348865","172.26.191.172","5000","20.938956000","48","1","48192","20.995524000"
"8824","14:42:48.019602","100","348913","172.26.191.172","5000","20.938962000","48","1","48192","20.995530000"
"8825","14:42:48.019603","100","348961","172.26.191.172","5000","20.938963000","48","1","48192","20.995531000"
"8826","14:42:48.019610","52","1","100.64.0.5","48192","20.938970000","0","346945","5000","20.995538000"
"8827","14:42:48.019618","100","349009","172.26.191.172","5000","20.938978000","48","1","48192","20.995546000"
"8828","14:42:48.019619","100","349057","172.26.191.172","5000","20.938979000","48","1","48192","20.995547000"
"8829","14:42:48.049075","52","1","100.64.0.5","48192","20.968435000","0","347233","5000","21.025003000"
"8830","14:42:48.049115","100","349105","172.26.191.172","5000","20.968475000","48","1","48192","21.025043000"
"8831","14:42:48.049125","100","349153","172.26.191.172","5000","20.968485000","48","1","48192","21.025053000"
"8832","14:42:48.049135","100","349201","172.26.191.172","5000","20.968495000","48","1","48192","21.025063000"
"8833","14:42:48.049137","100","349249","172.26.191.172","5000","20.968497000","48","1","48192","21.025065000"
"8834","14:42:48.049142","100","349297","172.26.191.172","5000","20.968502000","48","1","48192","21.025070000"
"8835","14:42:48.049144","100","349345","172.26.191.172","5000","20.968504000","48","1","48192","21.025072000"
"8836","14:42:48.049155","52","1","100.64.0.5","48192","20.968515000","0","347521","5000","21.025083000"
"8837","14:42:48.049169","100","349393","172.26.191.172","5000","20.968529000","48","1","48192","21.025097000"
"8838","14:42:48.049170","100","349441","172.26.191.172","5000","20.968530000","48","1","48192","21.025098000"
"8839","14:42:48.049178","100","349489","172.26.191.172","5000","20.968538000","48","1","48192","21.025106000"
"8840","14:42:48.049179","100","349537","172.26.191.172","5000","20.968539000","48","1","48192","21.025107000"
"8841","14:42:48.049185","100","349585","172.26.191.172","5000","20.968545000","48","1","48192","21.025113000"
"8842","14:42:48.049186","100","349633","172.26.191.172","5000","20.968546000","48","1","48192","21.025114000"
"8843","14:42:48.049192","52","1","100.64.0.5","48192","20.968552000","0","347617","5000","21.025120000"
"8844","14:42:48.049201","100","349681","172.26.191.172","5000","20.968561000","48","1","48192","21.025129000"
"8845","14:42:48.049203","100","349729","172.26.191.172","5000","20.968563000","48","1","48192","21.025131000"
"8846","14:42:48.080578","52","1","100.64.0.5","48192","20.999938000","0","347905","5000","21.056506000"
"8847","14:42:48.080619","100","349777","172.26.191.172","5000","20.999979000","48","1","48192","21.056547000"
"8848","14:42:48.080628","100","349825","172.26.191.172","5000","20.999988000","48","1","48192","21.056556000"
"8849","14:42:48.080641","100","349873","172.26.191.172","5000","21.000001000","48","1","48192","21.056569000"
"8850","14:42:48.080642","100","349921","172.26.191.172","5000","21.000002000","48","1","48192","21.056570000"
"8851","14:42:48.080648","100","349969","172.26.191.172","5000","21.000008000","48","1","48192","21.056576000"
"8852","14:42:48.080650","100","350017","172.26.191.172","5000","21.000010000","48","1","48192","21.056578000"
"8853","14:42:48.080656","100","350065","172.26.191.172","5000","21.000016000","48","1","48192","21.056584000"
"8854","14:42:48.080657","100","350113","172.26.191.172","5000","21.000017000","48","1","48192","21.056585000"
"8855","14:42:48.080668","52","1","100.64.0.5","48192","21.000028000","0","348193","5000","21.056596000"
"8856","14:42:48.080679","100","350161","172.26.191.172","5000","21.000039000","48","1","48192","21.056607000"
"8857","14:42:48.080681","100","350209","172.26.191.172","5000","21.000041000","48","1","48192","21.056609000"
"8858","14:42:48.080687","100","350257","172.26.191.172","5000","21.000047000","48","1","48192","21.056615000"
"8859","14:42:48.080688","100","350305","172.26.191.172","5000","21.000048000","48","1","48192","21.056616000"
"8860","14:42:48.080694","100","350353","172.26.191.172","5000","21.000054000","48","1","48192","21.056622000"
"8861","14:42:48.080695","100","350401","172.26.191.172","5000","21.000055000","48","1","48192","21.056623000"
"8862","14:42:48.080702","52","1","100.64.0.5","48192","21.000062000","0","348337","5000","21.056630000"
"8863","14:42:48.080711","100","350449","172.26.191.172","5000","21.000071000","48","1","48192","21.056639000"
"8864","14:42:48.080713","100","350497","172.26.191.172","5000","21.000073000","48","1","48192","21.056641000"
"8865","14:42:48.109835","52","1","100.64.0.5","48192","21.029195000","0","348625","5000","21.085763000"
"8866","14:42:48.109876","100","350545","172.26.191.172","5000","21.029236000","48","1","48192","21.085804000"
"8867","14:42:48.109885","100","350593","172.26.191.172","5000","21.029245000","48","1","48192","21.085813000"
"8868","14:42:48.109898","100","350641","172.26.191.172","5000","21.029258000","48","1","48192","21.085826000"
"8869","14:42:48.109899","100","350689","172.26.191.172","5000","21.029259000","48","1","48192","21.085827000"
"8870","14:42:48.109906","100","350737","172.26.191.172","5000","21.029266000","48","1","48192","21.085834000"
"8871","14:42:48.109907","100","350785","172.26.191.172","5000","21.029267000","48","1","48192","21.085835000"
"8872","14:42:48.109918","52","1","100.64.0.5","48192","21.029278000","0","348913","5000","21.085846000"
"8873","14:42:48.109930","100","350833","172.26.191.172","5000","21.029290000","48","1","48192","21.085858000"
"8874","14:42:48.109931","100","350881","172.26.191.172","5000","21.029291000","48","1","48192","21.085859000"
"8875","14:42:48.109938","100","350929","172.26.191.172","5000","21.029298000","48","1","48192","21.085866000"
"8876","14:42:48.109939","100","350977","172.26.191.172","5000","21.029299000","48","1","48192","21.085867000"
"8877","14:42:48.109944","100","351025","172.26.191.172","5000","21.029304000","48","1","48192","21.085872000"
"8878","14:42:48.109945","100","351073","172.26.191.172","5000","21.029305000","48","1","48192","21.085873000"
"8879","14:42:48.109951","52","1","100.64.0.5","48192","21.029311000","0","349009","5000","21.085879000"
"8880","14:42:48.109961","100","351121","172.26.191.172","5000","21.029321000","48","1","48192","21.085889000"
"8881","14:42:48.109962","100","351169","172.26.191.172","5000","21.029322000","48","1","48192","21.085890000"
"8882","14:42:48.139987","52","1","100.64.0.5","48192","21.059347000","0","349297","5000","21.115915000"
"8883","14:42:48.140027","100","351217","172.26.191.172","5000","21.059387000","48","1","48192","21.115955000"
"8884","14:42:48.140036","100","351265","172.26.191.172","5000","21.059396000","48","1","48192","21.115964000"
"8885","14:42:48.140048","100","351313","172.26.191.172","5000","21.059408000","48","1","48192","21.115976000"
"8886","14:42:48.140049","100","351361","172.26.191.172","5000","21.059409000","48","1","48192","21.115977000"
"8887","14:42:48.140055","100","351409","172.26.191.172","5000","21.059415000","48","1","48192","21.115983000"
"8888","14:42:48.140057","100","351457","172.26.191.172","5000","21.059417000","48","1","48192","21.115985000"
"8889","14:42:48.140068","52","1","100.64.0.5","48192","21.059428000","0","349585","5000","21.115996000"
"8890","14:42:48.140079","100","351505","172.26.191.172","5000","21.059439000","48","1","48192","21.116007000"
"8891","14:42:48.140080","100","351553","172.26.191.172","5000","21.059440000","48","1","48192","21.116008000"
"8892","14:42:48.140086","100","351601","172.26.191.172","5000","21.059446000","48","1","48192","21.116014000"
"8893","14:42:48.140087","100","351649","172.26.191.172","5000","21.059447000","48","1","48192","21.116015000"
"8894","14:42:48.140093","100","351697","172.26.191.172","5000","21.059453000","48","1","48192","21.116021000"
"8895","14:42:48.140094","100","351745","172.26.191.172","5000","21.059454000","48","1","48192","21.116022000"
"8896","14:42:48.140100","52","1","100.64.0.5","48192","21.059460000","0","349729","5000","21.116028000"
"8897","14:42:48.140109","100","351793","172.26.191.172","5000","21.059469000","48","1","48192","21.116037000"
"8898","14:42:48.140110","100","351841","172.26.191.172","5000","21.059470000","48","1","48192","21.116038000"
"8899","14:42:48.140117","100","351889","172.26.191.172","5000","21.059477000","48","1","48192","21.116045000"
"8900","14:42:48.140118","100","351937","172.26.191.172","5000","21.059478000","48","1","48192","21.116046000"
"8901","14:42:48.170913","52","1","100.64.0.5","48192","21.090273000","0","350017","5000","21.146841000"
"8902","14:42:48.170954","100","351985","172.26.191.172","5000","21.090314000","48","1","48192","21.146882000"
"8903","14:42:48.170963","100","352033","172.26.191.172","5000","21.090323000","48","1","48192","21.146891000"
"8904","14:42:48.170973","100","352081","172.26.191.172","5000","21.090333000","48","1","48192","21.146901000"
"8905","14:42:48.170975","100","352129","172.26.191.172","5000","21.090335000","48","1","48192","21.146903000"
"8906","14:42:48.170981","100","352177","172.26.191.172","5000","21.090341000","48","1","48192","21.146909000"
"8907","14:42:48.170982","100","352225","172.26.191.172","5000","21.090342000","48","1","48192","21.146910000"
"8908","14:42:48.170994","52","1","100.64.0.5","48192","21.090354000","0","350305","5000","21.146922000"
"8909","14:42:48.171006","100","352273","172.26.191.172","5000","21.090366000","48","1","48192","21.146934000"
"8910","14:42:48.171008","100","352321","172.26.191.172","5000","21.090368000","48","1","48192","21.146936000"
"8911","14:42:48.171017","100","352369","172.26.191.172","5000","21.090377000","48","1","48192","21.146945000"
"8912","14:42:48.171018","100","352417","172.26.191.172","5000","21.090378000","48","1","48192","21.146946000"
"8913","14:42:48.171024","100","352465","172.26.191.172","5000","21.090384000","48","1","48192","21.146952000"
"8914","14:42:48.171025","100","352513","172.26.191.172","5000","21.090385000","48","1","48192","21.146953000"
"8915","14:42:48.171031","52","1","100.64.0.5","48192","21.090391000","0","350401","5000","21.146959000"
"8916","14:42:48.171040","100","352561","172.26.191.172","5000","21.090400000","48","1","48192","21.146968000"
"8917","14:42:48.171041","100","352609","172.26.191.172","5000","21.090401000","48","1","48192","21.146969000"
"8918","14:42:48.201066","52","1","100.64.0.5","48192","21.120426000","0","350737","5000","21.176994000"
"8919","14:42:48.201107","100","352657","172.26.191.172","5000","21.120467000","48","1","48192","21.177035000"
"8920","14:42:48.201116","100","352705","172.26.191.172","5000","21.120476000","48","1","48192","21.177044000"
"8921","14:42:48.201127","100","352753","172.26.191.172","5000","21.120487000","48","1","48192","21.177055000"
"8922","14:42:48.201129","100","352801","172.26.191.172","5000","21.120489000","48","1","48192","21.177057000"
"8923","14:42:48.201135","100","352849","172.26.191.172","5000","21.120495000","48","1","48192","21.177063000"
"8924","14:42:48.201136","100","352897","172.26.191.172","5000","21.120496000","48","1","48192","21.177064000"
"8925","14:42:48.201142","100","352945","172.26.191.172","5000","21.120502000","48","1","48192","21.177070000"
"8926","14:42:48.201144","100","352993","172.26.191.172","5000","21.120504000","48","1","48192","21.177072000"
"8927","14:42:48.201155","52","1","100.64.0.5","48192","21.120515000","0","350977","5000","21.177083000"
"8928","14:42:48.201167","100","353041","172.26.191.172","5000","21.120527000","48","1","48192","21.177095000"
"8929","14:42:48.201168","100","353089","172.26.191.172","5000","21.120528000","48","1","48192","21.177096000"
"8930","14:42:48.201176","100","353137","172.26.191.172","5000","21.120536000","48","1","48192","21.177104000"
"8931","14:42:48.201177","100","353185","172.26.191.172","5000","21.120537000","48","1","48192","21.177105000"
"8932","14:42:48.201183","52","1","100.64.0.5","48192","21.120543000","0","351121","5000","21.177111000"
"8933","14:42:48.201193","100","353233","172.26.191.172","5000","21.120553000","48","1","48192","21.177121000"
"8934","14:42:48.201194","100","353281","172.26.191.172","5000","21.120554000","48","1","48192","21.177122000"
"8935","14:42:48.201200","100","353329","172.26.191.172","5000","21.120560000","48","1","48192","21.177128000"
"8936","14:42:48.201201","100","353377","172.26.191.172","5000","21.120561000","48","1","48192","21.177129000"
"8937","14:42:48.231211","52","1","100.64.0.5","48192","21.150571000","0","351409","5000","21.207139000"
"8938","14:42:48.231251","100","353425","172.26.191.172","5000","21.150611000","48","1","48192","21.207179000"
"8939","14:42:48.231260","100","353473","172.26.191.172","5000","21.150620000","48","1","48192","21.207188000"
"8940","14:42:48.231271","100","353521","172.26.191.172","5000","21.150631000","48","1","48192","21.207199000"
"8941","14:42:48.231273","100","353569","172.26.191.172","5000","21.150633000","48","1","48192","21.207201000"
"8942","14:42:48.231280","100","353617","172.26.191.172","5000","21.150640000","48","1","48192","21.207208000"
"8943","14:42:48.231281","100","353665","172.26.191.172","5000","21.150641000","48","1","48192","21.207209000"
"8944","14:42:48.231292","52","1","100.64.0.5","48192","21.150652000","0","351697","5000","21.207220000"
"8945","14:42:48.231304","100","353713","172.26.191.172","5000","21.150664000","48","1","48192","21.207232000"
"8946","14:42:48.231305","100","353761","172.26.191.172","5000","21.150665000","48","1","48192","21.207233000"
"8947","14:42:48.231312","100","353809","172.26.191.172","5000","21.150672000","48","1","48192","21.207240000"
"8948","14:42:48.231313","100","353857","172.26.191.172","5000","21.150673000","48","1","48192","21.207241000"
"8949","14:42:48.231319","100","353905","172.26.191.172","5000","21.150679000","48","1","48192","21.207247000"
"8950","14:42:48.231320","100","353953","172.26.191.172","5000","21.150680000","48","1","48192","21.207248000"
"8951","14:42:48.231327","52","1","100.64.0.5","48192","21.150687000","0","351793","5000","21.207255000"
"8952","14:42:48.231335","100","354001","172.26.191.172","5000","21.150695000","48","1","48192","21.207263000"
"8953","14:42:48.231336","100","354049","172.26.191.172","5000","21.150696000","48","1","48192","21.207264000"
"8954","14:42:48.261516","52","1","100.64.0.5","48192","21.180876000","0","352081","5000","21.237444000"
"8955","14:42:48.261564","100","354097","172.26.191.172","5000","21.180924000","48","1","48192","21.237492000"
"8956","14:42:48.261575","100","354145","172.26.191.172","5000","21.180935000","48","1","48192","21.237503000"
"8957","14:42:48.261589","100","354193","172.26.191.172","5000","21.180949000","48","1","48192","21.237517000"
"8958","14:42:48.261591","100","354241","172.26.191.172","5000","21.180951000","48","1","48192","21.237519000"
"8959","14:42:48.261599","100","354289","172.26.191.172","5000","21.180959000","48","1","48192","21.237527000"
"8960","14:42:48.261601","100","354337","172.26.191.172","5000","21.180961000","48","1","48192","21.237529000"
"8961","14:42:48.261617","52","1","100.64.0.5","48192","21.180977000","0","352225","5000","21.237545000"
"8962","14:42:48.261635","100","354385","172.26.191.172","5000","21.180995000","48","1","48192","21.237563000"
"8963","14:42:48.261636","100","354433","172.26.191.172","5000","21.180996000","48","1","48192","21.237564000"
"8964","14:42:48.261649","52","1","100.64.0.5","48192","21.181009000","0","352513","5000","21.237577000"
"8965","14:42:48.261661","100","354481","172.26.191.172","5000","21.181021000","48","1","48192","21.237589000"
"8966","14:42:48.261662","100","354529","172.26.191.172","5000","21.181022000","48","1","48192","21.237590000"
"8967","14:42:48.261669","100","354577","172.26.191.172","5000","21.181029000","48","1","48192","21.237597000"
"8968","14:42:48.261671","100","354625","172.26.191.172","5000","21.181031000","48","1","48192","21.237599000"
"8969","14:42:48.261676","100","354673","172.26.191.172","5000","21.181036000","48","1","48192","21.237604000"
"8970","14:42:48.261677","100","354721","172.26.191.172","5000","21.181037000","48","1","48192","21.237605000"
"8971","14:42:48.261683","100","354769","172.26.191.172","5000","21.181043000","48","1","48192","21.237611000"
"8972","14:42:48.261684","100","354817","172.26.191.172","5000","21.181044000","48","1","48192","21.237612000"
"8973","14:42:48.292206","52","1","100.64.0.5","48192","21.211566000","0","352801","5000","21.268134000"
"8974","14:42:48.292246","100","354865","172.26.191.172","5000","21.211606000","48","1","48192","21.268174000"
"8975","14:42:48.292255","100","354913","172.26.191.172","5000","21.211615000","48","1","48192","21.268183000"
"8976","14:42:48.292265","100","354961","172.26.191.172","5000","21.211625000","48","1","48192","21.268193000"
"8977","14:42:48.292267","100","355009","172.26.191.172","5000","21.211627000","48","1","48192","21.268195000"
"8978","14:42:48.292273","100","355057","172.26.191.172","5000","21.211633000","48","1","48192","21.268201000"
"8979","14:42:48.292274","100","355105","172.26.191.172","5000","21.211634000","48","1","48192","21.268202000"
"8980","14:42:48.292286","52","1","100.64.0.5","48192","21.211646000","0","353041","5000","21.268214000"
"8981","14:42:48.292297","100","355153","172.26.191.172","5000","21.211657000","48","1","48192","21.268225000"
"8982","14:42:48.292298","100","355201","172.26.191.172","5000","21.211658000","48","1","48192","21.268226000"
"8983","14:42:48.292305","100","355249","172.26.191.172","5000","21.211665000","48","1","48192","21.268233000"
"8984","14:42:48.292307","100","355297","172.26.191.172","5000","21.211667000","48","1","48192","21.268235000"
"8985","14:42:48.292313","52","1","100.64.0.5","48192","21.211673000","0","353089","5000","21.268241000"
"8986","14:42:48.292322","100","355345","172.26.191.172","5000","21.211682000","48","1","48192","21.268250000"
"8987","14:42:48.292323","100","355393","172.26.191.172","5000","21.211683000","48","1","48192","21.268251000"
"8988","14:42:48.292330","52","1","100.64.0.5","48192","21.211690000","0","353185","5000","21.268258000"
"8989","14:42:48.292354","100","355441","172.26.191.172","5000","21.211714000","48","1","48192","21.268282000"
"8990","14:42:48.292355","100","355489","172.26.191.172","5000","21.211715000","48","1","48192","21.268283000"
"8991","14:42:48.322279","52","1","100.64.0.5","48192","21.241639000","0","353521","5000","21.298207000"
"8992","14:42:48.322322","100","355537","172.26.191.172","5000","21.241682000","48","1","48192","21.298250000"
"8993","14:42:48.322331","100","355585","172.26.191.172","5000","21.241691000","48","1","48192","21.298259000"
"8994","14:42:48.322341","100","355633","172.26.191.172","5000","21.241701000","48","1","48192","21.298269000"
"8995","14:42:48.322343","100","355681","172.26.191.172","5000","21.241703000","48","1","48192","21.298271000"
"8996","14:42:48.322349","100","355729","172.26.191.172","5000","21.241709000","48","1","48192","21.298277000"
"8997","14:42:48.322350","100","355777","172.26.191.172","5000","21.241710000","48","1","48192","21.298278000"
"8998","14:42:48.322362","52","1","100.64.0.5","48192","21.241722000","0","353617","5000","21.298290000"
"8999","14:42:48.322371","100","355825","172.26.191.172","5000","21.241731000","48","1","48192","21.298299000"
"9000","14:42:48.322373","100","355873","172.26.191.172","5000","21.241733000","48","1","48192","21.298301000"
"9001","14:42:48.322380","52","1","100.64.0.5","48192","21.241740000","0","353905","5000","21.298308000"
"9002","14:42:48.322393","100","355921","172.26.191.172","5000","21.241753000","48","1","48192","21.298321000"
"9003","14:42:48.322395","100","355969","172.26.191.172","5000","21.241755000","48","1","48192","21.298323000"
"9004","14:42:48.322401","100","356017","172.26.191.172","5000","21.241761000","48","1","48192","21.298329000"
"9005","14:42:48.322402","100","356065","172.26.191.172","5000","21.241762000","48","1","48192","21.298330000"
"9006","14:42:48.322408","100","356113","172.26.191.172","5000","21.241768000","48","1","48192","21.298336000"
"9007","14:42:48.322409","100","356161","172.26.191.172","5000","21.241769000","48","1","48192","21.298337000"
"9008","14:42:48.352060","52","1","100.64.0.5","48192","21.271420000","0","354193","5000","21.327988000"
"9009","14:42:48.352099","100","356209","172.26.191.172","5000","21.271459000","48","1","48192","21.328027000"
"9010","14:42:48.352109","100","356257","172.26.191.172","5000","21.271469000","48","1","48192","21.328037000"
"9011","14:42:48.352119","100","356305","172.26.191.172","5000","21.271479000","48","1","48192","21.328047000"
"9012","14:42:48.352121","100","356353","172.26.191.172","5000","21.271481000","48","1","48192","21.328049000"
"9013","14:42:48.352127","100","356401","172.26.191.172","5000","21.271487000","48","1","48192","21.328055000"
"9014","14:42:48.352129","100","356449","172.26.191.172","5000","21.271489000","48","1","48192","21.328057000"
"9015","14:42:48.352141","52","1","100.64.0.5","48192","21.271501000","0","354241","5000","21.328069000"
"9016","14:42:48.352150","100","356497","172.26.191.172","5000","21.271510000","48","1","48192","21.328078000"
"9017","14:42:48.352152","100","356545","172.26.191.172","5000","21.271512000","48","1","48192","21.328080000"
"9018","14:42:48.352160","52","1","100.64.0.5","48192","21.271520000","0","354577","5000","21.328088000"
"9019","14:42:48.352172","100","356593","172.26.191.172","5000","21.271532000","48","1","48192","21.328100000"
"9020","14:42:48.352173","100","356641","172.26.191.172","5000","21.271533000","48","1","48192","21.328101000"
"9021","14:42:48.352180","100","356689","172.26.191.172","5000","21.271540000","48","1","48192","21.328108000"
"9022","14:42:48.352181","100","356737","172.26.191.172","5000","21.271541000","48","1","48192","21.328109000"
"9023","14:42:48.352187","100","356785","172.26.191.172","5000","21.271547000","48","1","48192","21.328115000"
"9024","14:42:48.352189","100","356833","172.26.191.172","5000","21.271549000","48","1","48192","21.328117000"
"9025","14:42:48.383389","52","1","100.64.0.5","48192","21.302749000","0","354865","5000","21.359317000"
"9026","14:42:48.383429","100","356881","172.26.191.172","5000","21.302789000","48","1","48192","21.359357000"
"9027","14:42:48.383438","100","356929","172.26.191.172","5000","21.302798000","48","1","48192","21.359366000"
"9028","14:42:48.383456","100","356977","172.26.191.172","5000","21.302816000","48","1","48192","21.359384000"
"9029","14:42:48.383457","100","357025","172.26.191.172","5000","21.302817000","48","1","48192","21.359385000"
"9030","14:42:48.383463","100","357073","172.26.191.172","5000","21.302823000","48","1","48192","21.359391000"
"9031","14:42:48.383464","100","357121","172.26.191.172","5000","21.302824000","48","1","48192","21.359392000"
"9032","14:42:48.383470","100","357169","172.26.191.172","5000","21.302830000","48","1","48192","21.359398000"
"9033","14:42:48.383471","100","357217","172.26.191.172","5000","21.302831000","48","1","48192","21.359399000"
"9034","14:42:48.383483","52","1","100.64.0.5","48192","21.302843000","0","355153","5000","21.359411000"
"9035","14:42:48.383494","100","357265","172.26.191.172","5000","21.302854000","48","1","48192","21.359422000"
"9036","14:42:48.383495","100","357313","172.26.191.172","5000","21.302855000","48","1","48192","21.359423000"
"9037","14:42:48.383501","100","357361","172.26.191.172","5000","21.302861000","48","1","48192","21.359429000"
"9038","14:42:48.383502","100","357409","172.26.191.172","5000","21.302862000","48","1","48192","21.359430000"
"9039","14:42:48.383510","100","357457","172.26.191.172","5000","21.302870000","48","1","48192","21.359438000"
"9040","14:42:48.383511","100","357505","172.26.191.172","5000","21.302871000","48","1","48192","21.359439000"
"9041","14:42:48.383518","52","1","100.64.0.5","48192","21.302878000","0","355297","5000","21.359446000"
"9042","14:42:48.383564","100","357553","172.26.191.172","5000","21.302924000","48","1","48192","21.359492000"
"9043","14:42:48.383568","100","357601","172.26.191.172","5000","21.302928000","48","1","48192","21.359496000"
"9044","14:42:48.413355","52","1","100.64.0.5","48192","21.332715000","0","355585","5000","21.389283000"
"9045","14:42:48.413393","100","357649","172.26.191.172","5000","21.332753000","48","1","48192","21.389321000"
"9046","14:42:48.413402","100","357697","172.26.191.172","5000","21.332762000","48","1","48192","21.389330000"
"9047","14:42:48.413415","100","357745","172.26.191.172","5000","21.332775000","48","1","48192","21.389343000"
"9048","14:42:48.413416","100","357793","172.26.191.172","5000","21.332776000","48","1","48192","21.389344000"
"9049","14:42:48.413422","100","357841","172.26.191.172","5000","21.332782000","48","1","48192","21.389350000"
"9050","14:42:48.413423","100","357889","172.26.191.172","5000","21.332783000","48","1","48192","21.389351000"
"9051","14:42:48.413434","52","1","100.64.0.5","48192","21.332794000","0","355777","5000","21.389362000"
"9052","14:42:48.413445","100","357937","172.26.191.172","5000","21.332805000","48","1","48192","21.389373000"
"9053","14:42:48.413447","100","357985","172.26.191.172","5000","21.332807000","48","1","48192","21.389375000"
"9054","14:42:48.413453","100","358033","172.26.191.172","5000","21.332813000","48","1","48192","21.389381000"
"9055","14:42:48.413455","100","358081","172.26.191.172","5000","21.332815000","48","1","48192","21.389383000"
"9056","14:42:48.413462","52","1","100.64.0.5","48192","21.332822000","0","355969","5000","21.389390000"
"9057","14:42:48.413471","100","358129","172.26.191.172","5000","21.332831000","48","1","48192","21.389399000"
"9058","14:42:48.413472","100","358177","172.26.191.172","5000","21.332832000","48","1","48192","21.389400000"
"9059","14:42:48.413479","100","358225","172.26.191.172","5000","21.332839000","48","1","48192","21.389407000"
"9060","14:42:48.413480","100","358273","172.26.191.172","5000","21.332840000","48","1","48192","21.389408000"
"9061","14:42:48.443302","52","1","100.64.0.5","48192","21.362662000","0","356305","5000","21.419230000"
"9062","14:42:48.443345","100","358321","172.26.191.172","5000","21.362705000","48","1","48192","21.419273000"
"9063","14:42:48.443358","100","358369","172.26.191.172","5000","21.362718000","48","1","48192","21.419286000"
"9064","14:42:48.443368","100","358417","172.26.191.172","5000","21.362728000","48","1","48192","21.419296000"
"9065","14:42:48.443370","100","358465","172.26.191.172","5000","21.362730000","48","1","48192","21.419298000"
"9066","14:42:48.443376","100","358513","172.26.191.172","5000","21.362736000","48","1","48192","21.419304000"
"9067","14:42:48.443377","100","358561","172.26.191.172","5000","21.362737000","48","1","48192","21.419305000"
"9068","14:42:48.443384","100","358609","172.26.191.172","5000","21.362744000","48","1","48192","21.419312000"
"9069","14:42:48.443386","100","358657","172.26.191.172","5000","21.362746000","48","1","48192","21.419314000"
"9070","14:42:48.443397","52","1","100.64.0.5","48192","21.362757000","0","356401","5000","21.419325000"
"9071","14:42:48.443408","100","358705","172.26.191.172","5000","21.362768000","48","1","48192","21.419336000"
"9072","14:42:48.443410","100","358753","172.26.191.172","5000","21.362770000","48","1","48192","21.419338000"
"9073","14:42:48.443417","52","1","100.64.0.5","48192","21.362777000","0","356545","5000","21.419345000"
"9074","14:42:48.443428","100","358801","172.26.191.172","5000","21.362788000","48","1","48192","21.419356000"
"9075","14:42:48.443429","100","358849","172.26.191.172","5000","21.362789000","48","1","48192","21.419357000"
"9076","14:42:48.443436","52","1","100.64.0.5","48192","21.362796000","0","356641","5000","21.419364000"
"9077","14:42:48.443445","100","358897","172.26.191.172","5000","21.362805000","48","1","48192","21.419373000"
"9078","14:42:48.443446","100","358945","172.26.191.172","5000","21.362806000","48","1","48192","21.419374000"
"9079","14:42:48.474362","52","1","100.64.0.5","48192","21.393722000","0","356929","5000","21.450290000"
"9080","14:42:48.474404","100","358993","172.26.191.172","5000","21.393764000","48","1","48192","21.450332000"
"9081","14:42:48.474413","100","359041","172.26.191.172","5000","21.393773000","48","1","48192","21.450341000"
"9082","14:42:48.474424","100","359089","172.26.191.172","5000","21.393784000","48","1","48192","21.450352000"
"9083","14:42:48.474426","100","359137","172.26.191.172","5000","21.393786000","48","1","48192","21.450354000"
"9084","14:42:48.474432","100","359185","172.26.191.172","5000","21.393792000","48","1","48192","21.450360000"
"9085","14:42:48.474434","100","359233","172.26.191.172","5000","21.393794000","48","1","48192","21.450362000"
"9086","14:42:48.474446","52","1","100.64.0.5","48192","21.393806000","0","357217","5000","21.450374000"
"9087","14:42:48.474459","100","359281","172.26.191.172","5000","21.393819000","48","1","48192","21.450387000"
"9088","14:42:48.474460","100","359329","172.26.191.172","5000","21.393820000","48","1","48192","21.450388000"
"9089","14:42:48.474469","100","359377","172.26.191.172","5000","21.393829000","48","1","48192","21.450397000"
"9090","14:42:48.474470","100","359425","172.26.191.172","5000","21.393830000","48","1","48192","21.450398000"
"9091","14:42:48.474476","100","359473","172.26.191.172","5000","21.393836000","48","1","48192","21.450404000"
"9092","14:42:48.474477","100","359521","172.26.191.172","5000","21.393837000","48","1","48192","21.450405000"
"9093","14:42:48.474482","100","359569","172.26.191.172","5000","21.393842000","48","1","48192","21.450410000"
"9094","14:42:48.474483","100","359617","172.26.191.172","5000","21.393843000","48","1","48192","21.450411000"
"9095","14:42:48.474490","52","1","100.64.0.5","48192","21.393850000","0","357361","5000","21.450418000"
"9096","14:42:48.474499","100","359665","172.26.191.172","5000","21.393859000","48","1","48192","21.450427000"
"9097","14:42:48.474500","100","359713","172.26.191.172","5000","21.393860000","48","1","48192","21.450428000"
"9098","14:42:48.503332","64","1","100.64.0.5","48192","21.422692000","0","357601","5000","21.479260000"
"9099","14:42:48.503378","100","359761","172.26.191.172","5000","21.422738000","48","1","48192","21.479306000"
"9100","14:42:48.503387","100","359809","172.26.191.172","5000","21.422747000","48","1","48192","21.479315000"
"9101","14:42:48.503397","100","359857","172.26.191.172","5000","21.422757000","48","1","48192","21.479325000"
"9102","14:42:48.503399","100","359905","172.26.191.172","5000","21.422759000","48","1","48192","21.479327000"
"9103","14:42:48.503406","100","359953","172.26.191.172","5000","21.422766000","48","1","48192","21.479334000"
"9104","14:42:48.503407","100","360001","172.26.191.172","5000","21.422767000","48","1","48192","21.479335000"
"9105","14:42:48.503413","100","360049","172.26.191.172","5000","21.422773000","48","1","48192","21.479341000"
"9106","14:42:48.503415","100","360097","172.26.191.172","5000","21.422775000","48","1","48192","21.479343000"
"9107","14:42:48.503426","64","1","100.64.0.5","48192","21.422786000","0","357601","5000","21.479354000"
"9108","14:42:48.503440","100","357601","172.26.191.172","5000","21.422800000","48","1","48192","21.479368000"
"9109","14:42:48.504545","64","1","100.64.0.5","48192","21.423905000","0","357601","5000","21.480473000"
"9110","14:42:48.504577","100","360145","172.26.191.172","5000","21.423937000","48","1","48192","21.480505000"
"9111","14:42:48.504585","100","360193","172.26.191.172","5000","21.423945000","48","1","48192","21.480513000"
"9112","14:42:48.504598","64","1","100.64.0.5","48192","21.423958000","0","357601","5000","21.480526000"
"9113","14:42:48.504609","100","360241","172.26.191.172","5000","21.423969000","48","1","48192","21.480537000"
"9114","14:42:48.534244","64","1","100.64.0.5","48192","21.453604000","0","357601","5000","21.510172000"
"9115","14:42:48.534279","64","1","100.64.0.5","48192","21.453639000","0","357601","5000","21.510207000"
"9116","14:42:48.534310","100","360289","172.26.191.172","5000","21.453670000","48","1","48192","21.510238000"
"9117","14:42:48.534319","100","360337","172.26.191.172","5000","21.453679000","48","1","48192","21.510247000"
"9118","14:42:48.534329","100","360385","172.26.191.172","5000","21.453689000","48","1","48192","21.510257000"
"9119","14:42:48.534331","100","360433","172.26.191.172","5000","21.453691000","48","1","48192","21.510259000"
"9120","14:42:48.534338","100","360481","172.26.191.172","5000","21.453698000","48","1","48192","21.510266000"
"9121","14:42:48.534339","100","360529","172.26.191.172","5000","21.453699000","48","1","48192","21.510267000"
"9122","14:42:48.534345","100","360577","172.26.191.172","5000","21.453705000","48","1","48192","21.510273000"
"9123","14:42:48.563728","64","1","100.64.0.5","48192","21.483088000","0","357601","5000","21.539656000"
"9124","14:42:48.595503","52","1","100.64.0.5","48192","21.514863000","0","360145","5000","21.571431000"
"9125","14:42:48.595552","100","360625","172.26.191.172","5000","21.514912000","48","1","48192","21.571480000"
"9126","14:42:48.595561","100","360673","172.26.191.172","5000","21.514921000","48","1","48192","21.571489000"
"9127","14:42:48.595571","100","360721","172.26.191.172","5000","21.514931000","48","1","48192","21.571499000"
"9128","14:42:48.595573","100","360769","172.26.191.172","5000","21.514933000","48","1","48192","21.571501000"
"9129","14:42:48.595580","100","360817","172.26.191.172","5000","21.514940000","48","1","48192","21.571508000"
"9130","14:42:48.595581","100","360865","172.26.191.172","5000","21.514941000","48","1","48192","21.571509000"
"9131","14:42:48.595588","100","360913","172.26.191.172","5000","21.514948000","48","1","48192","21.571516000"
"9132","14:42:48.595590","100","360961","172.26.191.172","5000","21.514950000","48","1","48192","21.571518000"
"9133","14:42:48.595595","100","361009","172.26.191.172","5000","21.514955000","48","1","48192","21.571523000"
"9134","14:42:48.595597","100","361057","172.26.191.172","5000","21.514957000","48","1","48192","21.571525000"
"9135","14:42:48.595602","100","361105","172.26.191.172","5000","21.514962000","48","1","48192","21.571530000"
"9136","14:42:48.595604","100","361153","172.26.191.172","5000","21.514964000","48","1","48192","21.571532000"
"9137","14:42:48.595609","100","361201","172.26.191.172","5000","21.514969000","48","1","48192","21.571537000"
"9138","14:42:48.595611","100","361249","172.26.191.172","5000","21.514971000","48","1","48192","21.571539000"
"9139","14:42:48.624802","52","1","100.64.0.5","48192","21.544162000","0","360433","5000","21.600730000"
"9140","14:42:48.624843","100","361297","172.26.191.172","5000","21.544203000","48","1","48192","21.600771000"
"9141","14:42:48.624852","100","361345","172.26.191.172","5000","21.544212000","48","1","48192","21.600780000"
"9142","14:42:48.624862","100","361393","172.26.191.172","5000","21.544222000","48","1","48192","21.600790000"
"9143","14:42:48.624864","100","361441","172.26.191.172","5000","21.544224000","48","1","48192","21.600792000"
"9144","14:42:48.624870","100","361489","172.26.191.172","5000","21.544230000","48","1","48192","21.600798000"
"9145","14:42:48.624872","100","361537","172.26.191.172","5000","21.544232000","48","1","48192","21.600800000"
"9146","14:42:48.624883","52","1","100.64.0.5","48192","21.544243000","0","360625","5000","21.600811000"
"9147","14:42:48.624897","100","361585","172.26.191.172","5000","21.544257000","48","1","48192","21.600825000"
"9148","14:42:48.624899","100","361633","172.26.191.172","5000","21.544259000","48","1","48192","21.600827000"
"9149","14:42:48.624905","100","361681","172.26.191.172","5000","21.544265000","48","1","48192","21.600833000"
"9150","14:42:48.624907","100","361729","172.26.191.172","5000","21.544267000","48","1","48192","21.600835000"
"9151","14:42:48.624914","100","361777","172.26.191.172","5000","21.544274000","48","1","48192","21.600842000"
"9152","14:42:48.624915","100","361825","172.26.191.172","5000","21.544275000","48","1","48192","21.600843000"
"9153","14:42:48.686501","52","1","100.64.0.5","48192","21.605861000","0","360913","5000","21.662429000"
"9154","14:42:48.686545","100","361873","172.26.191.172","5000","21.605905000","48","1","48192","21.662473000"
"9155","14:42:48.686555","100","361921","172.26.191.172","5000","21.605915000","48","1","48192","21.662483000"
"9156","14:42:48.686566","100","361969","172.26.191.172","5000","21.605926000","48","1","48192","21.662494000"
"9157","14:42:48.686568","100","362017","172.26.191.172","5000","21.605928000","48","1","48192","21.662496000"
"9158","14:42:48.686575","100","362065","172.26.191.172","5000","21.605935000","48","1","48192","21.662503000"
"9159","14:42:48.686576","100","362113","172.26.191.172","5000","21.605936000","48","1","48192","21.662504000"
"9160","14:42:48.686590","52","1","100.64.0.5","48192","21.605950000","0","361201","5000","21.662518000"
"9161","14:42:48.686604","100","362161","172.26.191.172","5000","21.605964000","48","1","48192","21.662532000"
"9162","14:42:48.686606","100","362209","172.26.191.172","5000","21.605966000","48","1","48192","21.662534000"
"9163","14:42:48.686615","100","362257","172.26.191.172","5000","21.605975000","48","1","48192","21.662543000"
"9164","14:42:48.686616","100","362305","172.26.191.172","5000","21.605976000","48","1","48192","21.662544000"
"9165","14:42:48.686623","100","362353","172.26.191.172","5000","21.605983000","48","1","48192","21.662551000"
"9166","14:42:48.686624","100","362401","172.26.191.172","5000","21.605984000","48","1","48192","21.662552000"
"9167","14:42:48.686631","52","1","100.64.0.5","48192","21.605991000","0","361297","5000","21.662559000"
"9168","14:42:48.686640","100","362449","172.26.191.172","5000","21.606000000","48","1","48192","21.662568000"
"9169","14:42:48.686641","100","362497","172.26.191.172","5000","21.606001000","48","1","48192","21.662569000"
"9170","14:42:48.716388","52","1","100.64.0.5","48192","21.635748000","0","361585","5000","21.692316000"
"9171","14:42:48.716428","100","362545","172.26.191.172","5000","21.635788000","48","1","48192","21.692356000"
"9172","14:42:48.716439","100","362593","172.26.191.172","5000","21.635799000","48","1","48192","21.692367000"
"9173","14:42:48.716449","100","362641","172.26.191.172","5000","21.635809000","48","1","48192","21.692377000"
"9174","14:42:48.716451","100","362689","172.26.191.172","5000","21.635811000","48","1","48192","21.692379000"
"9175","14:42:48.716458","100","362737","172.26.191.172","5000","21.635818000","48","1","48192","21.692386000"
"9176","14:42:48.716459","100","362785","172.26.191.172","5000","21.635819000","48","1","48192","21.692387000"
"9177","14:42:48.716473","52","1","100.64.0.5","48192","21.635833000","0","361825","5000","21.692401000"
"9178","14:42:48.716483","100","362833","172.26.191.172","5000","21.635843000","48","1","48192","21.692411000"
"9179","14:42:48.716485","100","362881","172.26.191.172","5000","21.635845000","48","1","48192","21.692413000"
"9180","14:42:48.716494","100","362929","172.26.191.172","5000","21.635854000","48","1","48192","21.692422000"
"9181","14:42:48.716495","100","362977","172.26.191.172","5000","21.635855000","48","1","48192","21.692423000"
"9182","14:42:48.716502","52","1","100.64.0.5","48192","21.635862000","0","361873","5000","21.692430000"
"9183","14:42:48.716511","100","363025","172.26.191.172","5000","21.635871000","48","1","48192","21.692439000"
"9184","14:42:48.716512","100","363073","172.26.191.172","5000","21.635872000","48","1","48192","21.692440000"
"9185","14:42:48.716517","100","363121","172.26.191.172","5000","21.635877000","48","1","48192","21.692445000"
"9186","14:42:48.776880","52","1","100.64.0.5","48192","21.696240000","0","362161","5000","21.752808000"
"9187","14:42:48.776921","100","363169","172.26.191.172","5000","21.696281000","48","1","48192","21.752849000"
"9188","14:42:48.776930","100","363217","172.26.191.172","5000","21.696290000","48","1","48192","21.752858000"
"9189","14:42:48.776942","100","363265","172.26.191.172","5000","21.696302000","48","1","48192","21.752870000"
"9190","14:42:48.776943","100","363313","172.26.191.172","5000","21.696303000","48","1","48192","21.752871000"
"9191","14:42:48.776949","100","363361","172.26.191.172","5000","21.696309000","48","1","48192","21.752877000"
"9192","14:42:48.776951","100","363409","172.26.191.172","5000","21.696311000","48","1","48192","21.752879000"
"9193","14:42:48.776963","52","1","100.64.0.5","48192","21.696323000","0","362353","5000","21.752891000"
"9194","14:42:48.776973","100","363457","172.26.191.172","5000","21.696333000","48","1","48192","21.752901000"
"9195","14:42:48.776975","100","363505","172.26.191.172","5000","21.696335000","48","1","48192","21.752903000"
"9196","14:42:48.776981","100","363553","172.26.191.172","5000","21.696341000","48","1","48192","21.752909000"
"9197","14:42:48.776983","100","363601","172.26.191.172","5000","21.696343000","48","1","48192","21.752911000"
"9198","14:42:48.776989","52","1","100.64.0.5","48192","21.696349000","0","362449","5000","21.752917000"
"9199","14:42:48.776998","100","363649","172.26.191.172","5000","21.696358000","48","1","48192","21.752926000"
"9200","14:42:48.776999","100","363697","172.26.191.172","5000","21.696359000","48","1","48192","21.752927000"
"9201","14:42:48.777005","52","1","100.64.0.5","48192","21.696365000","0","362545","5000","21.752933000"
"9202","14:42:48.777014","100","363745","172.26.191.172","5000","21.696374000","48","1","48192","21.752942000"
"9203","14:42:48.777015","100","363793","172.26.191.172","5000","21.696375000","48","1","48192","21.752943000"
"9204","14:42:48.807738","52","1","100.64.0.5","48192","21.727098000","0","362833","5000","21.783666000"
"9205","14:42:48.807778","100","363841","172.26.191.172","5000","21.727138000","48","1","48192","21.783706000"
"9206","14:42:48.807788","100","363889","172.26.191.172","5000","21.727148000","48","1","48192","21.783716000"
"9207","14:42:48.807798","100","363937","172.26.191.172","5000","21.727158000","48","1","48192","21.783726000"
"9208","14:42:48.807800","100","363985","172.26.191.172","5000","21.727160000","48","1","48192","21.783728000"
"9209","14:42:48.807805","100","364033","172.26.191.172","5000","21.727165000","48","1","48192","21.783733000"
"9210","14:42:48.807807","100","364081","172.26.191.172","5000","21.727167000","48","1","48192","21.783735000"
"9211","14:42:48.807819","52","1","100.64.0.5","48192","21.727179000","0","363121","5000","21.783747000"
"9212","14:42:48.807831","100","364129","172.26.191.172","5000","21.727191000","48","1","48192","21.783759000"
"9213","14:42:48.807832","100","364177","172.26.191.172","5000","21.727192000","48","1","48192","21.783760000"
"9214","14:42:48.807840","100","364225","172.26.191.172","5000","21.727200000","48","1","48192","21.783768000"
"9215","14:42:48.807842","100","364273","172.26.191.172","5000","21.727202000","48","1","48192","21.783770000"
"9216","14:42:48.807848","100","364321","172.26.191.172","5000","21.727208000","48","1","48192","21.783776000"
"9217","14:42:48.807849","100","364369","172.26.191.172","5000","21.727209000","48","1","48192","21.783777000"
"9218","14:42:48.807856","52","1","100.64.0.5","48192","21.727216000","0","363169","5000","21.783784000"
"9219","14:42:48.807864","100","364417","172.26.191.172","5000","21.727224000","48","1","48192","21.783792000"
"9220","14:42:48.807865","100","364465","172.26.191.172","5000","21.727225000","48","1","48192","21.783793000"
"9221","14:42:48.867966","52","1","100.64.0.5","48192","21.787326000","0","363457","5000","21.843894000"
"9222","14:42:48.868006","100","364513","172.26.191.172","5000","21.787366000","48","1","48192","21.843934000"
"9223","14:42:48.868015","100","364561","172.26.191.172","5000","21.787375000","48","1","48192","21.843943000"
"9224","14:42:48.868025","100","364609","172.26.191.172","5000","21.787385000","48","1","48192","21.843953000"
"9225","14:42:48.868027","100","364657","172.26.191.172","5000","21.787387000","48","1","48192","21.843955000"
"9226","14:42:48.868034","100","364705","172.26.191.172","5000","21.787394000","48","1","48192","21.843962000"
"9227","14:42:48.868036","100","364753","172.26.191.172","5000","21.787396000","48","1","48192","21.843964000"
"9228","14:42:48.868047","52","1","100.64.0.5","48192","21.787407000","0","363649","5000","21.843975000"
"9229","14:42:48.868058","100","364801","172.26.191.172","5000","21.787418000","48","1","48192","21.843986000"
"9230","14:42:48.868060","100","364849","172.26.191.172","5000","21.787420000","48","1","48192","21.843988000"
"9231","14:42:48.868067","100","364897","172.26.191.172","5000","21.787427000","48","1","48192","21.843995000"
"9232","14:42:48.868069","100","364945","172.26.191.172","5000","21.787429000","48","1","48192","21.843997000"
"9233","14:42:48.868075","52","1","100.64.0.5","48192","21.787435000","0","363745","5000","21.844003000"
"9234","14:42:48.868083","100","364993","172.26.191.172","5000","21.787443000","48","1","48192","21.844011000"
"9235","14:42:48.868084","100","365041","172.26.191.172","5000","21.787444000","48","1","48192","21.844012000"
"9236","14:42:48.868091","52","1","100.64.0.5","48192","21.787451000","0","363841","5000","21.844019000"
"9237","14:42:48.868099","100","365089","172.26.191.172","5000","21.787459000","48","1","48192","21.844027000"
"9238","14:42:48.868100","100","365137","172.26.191.172","5000","21.787460000","48","1","48192","21.844028000"
"9239","14:42:48.898478","52","1","100.64.0.5","48192","21.817838000","0","364129","5000","21.874406000"
"9240","14:42:48.898518","100","365185","172.26.191.172","5000","21.817878000","48","1","48192","21.874446000"
"9241","14:42:48.898527","100","365233","172.26.191.172","5000","21.817887000","48","1","48192","21.874455000"
"9242","14:42:48.898538","100","365281","172.26.191.172","5000","21.817898000","48","1","48192","21.874466000"
"9243","14:42:48.898539","100","365329","172.26.191.172","5000","21.817899000","48","1","48192","21.874467000"
"9244","14:42:48.898545","100","365377","172.26.191.172","5000","21.817905000","48","1","48192","21.874473000"
"9245","14:42:48.898547","100","365425","172.26.191.172","5000","21.817907000","48","1","48192","21.874475000"
"9246","14:42:48.898559","52","1","100.64.0.5","48192","21.817919000","0","364417","5000","21.874487000"
"9247","14:42:48.898570","100","365473","172.26.191.172","5000","21.817930000","48","1","48192","21.874498000"
"9248","14:42:48.898572","100","365521","172.26.191.172","5000","21.817932000","48","1","48192","21.874500000"
"9249","14:42:48.898580","100","365569","172.26.191.172","5000","21.817940000","48","1","48192","21.874508000"
"9250","14:42:48.898581","100","365617","172.26.191.172","5000","21.817941000","48","1","48192","21.874509000"
"9251","14:42:48.898586","100","365665","172.26.191.172","5000","21.817946000","48","1","48192","21.874514000"
"9252","14:42:48.898587","100","365713","172.26.191.172","5000","21.817947000","48","1","48192","21.874515000"
"9253","14:42:48.898593","52","1","100.64.0.5","48192","21.817953000","0","364513","5000","21.874521000"
"9254","14:42:48.898602","100","365761","172.26.191.172","5000","21.817962000","48","1","48192","21.874530000"
"9255","14:42:48.898603","100","365809","172.26.191.172","5000","21.817963000","48","1","48192","21.874531000"
"9256","14:42:48.898609","100","365857","172.26.191.172","5000","21.817969000","48","1","48192","21.874537000"
"9257","14:42:48.957283","52","1","100.64.0.5","48192","21.876643000","0","364801","5000","21.933211000"
"9258","14:42:48.957323","100","365905","172.26.191.172","5000","21.876683000","48","1","48192","21.933251000"
"9259","14:42:48.957332","100","365953","172.26.191.172","5000","21.876692000","48","1","48192","21.933260000"
"9260","14:42:48.957345","100","366001","172.26.191.172","5000","21.876705000","48","1","48192","21.933273000"
"9261","14:42:48.957346","100","366049","172.26.191.172","5000","21.876706000","48","1","48192","21.933274000"
"9262","14:42:48.957353","100","366097","172.26.191.172","5000","21.876713000","48","1","48192","21.933281000"
"9263","14:42:48.957354","100","366145","172.26.191.172","5000","21.876714000","48","1","48192","21.933282000"
"9264","14:42:48.958653","52","1","100.64.0.5","48192","21.878013000","0","364897","5000","21.934581000"
"9265","14:42:48.958690","100","366193","172.26.191.172","5000","21.878050000","48","1","48192","21.934618000"
"9266","14:42:48.958699","100","366241","172.26.191.172","5000","21.878059000","48","1","48192","21.934627000"
"9267","14:42:48.958715","52","1","100.64.0.5","48192","21.878075000","0","365185","5000","21.934643000"
"9268","14:42:48.958727","100","366289","172.26.191.172","5000","21.878087000","48","1","48192","21.934655000"
"9269","14:42:48.958728","100","366337","172.26.191.172","5000","21.878088000","48","1","48192","21.934656000"
"9270","14:42:48.958735","100","366385","172.26.191.172","5000","21.878095000","48","1","48192","21.934663000"
"9271","14:42:48.958736","100","366433","172.26.191.172","5000","21.878096000","48","1","48192","21.934664000"
"9272","14:42:48.958742","100","366481","172.26.191.172","5000","21.878102000","48","1","48192","21.934670000"
"9273","14:42:48.958743","100","366529","172.26.191.172","5000","21.878103000","48","1","48192","21.934671000"
"9274","14:42:48.989482","52","1","100.64.0.5","48192","21.908842000","0","365473","5000","21.965410000"
"9275","14:42:48.989522","100","366577","172.26.191.172","5000","21.908882000","48","1","48192","21.965450000"
"9276","14:42:48.989531","100","366625","172.26.191.172","5000","21.908891000","48","1","48192","21.965459000"
"9277","14:42:48.989542","100","366673","172.26.191.172","5000","21.908902000","48","1","48192","21.965470000"
"9278","14:42:48.989544","100","366721","172.26.191.172","5000","21.908904000","48","1","48192","21.965472000"
"9279","14:42:48.989550","100","366769","172.26.191.172","5000","21.908910000","48","1","48192","21.965478000"
"9280","14:42:48.989551","100","366817","172.26.191.172","5000","21.908911000","48","1","48192","21.965479000"
"9281","14:42:48.989563","52","1","100.64.0.5","48192","21.908923000","0","365761","5000","21.965491000"
"9282","14:42:48.989573","100","366865","172.26.191.172","5000","21.908933000","48","1","48192","21.965501000"
"9283","14:42:48.989575","100","366913","172.26.191.172","5000","21.908935000","48","1","48192","21.965503000"
"9284","14:42:48.989581","100","366961","172.26.191.172","5000","21.908941000","48","1","48192","21.965509000"
"9285","14:42:48.989583","100","367009","172.26.191.172","5000","21.908943000","48","1","48192","21.965511000"
"9286","14:42:48.989590","100","367057","172.26.191.172","5000","21.908950000","48","1","48192","21.965518000"
"9287","14:42:48.989591","100","367105","172.26.191.172","5000","21.908951000","48","1","48192","21.965519000"
"9288","14:42:48.989598","52","1","100.64.0.5","48192","21.908958000","0","365857","5000","21.965526000"
"9289","14:42:48.989606","100","367153","172.26.191.172","5000","21.908966000","48","1","48192","21.965534000"
"9290","14:42:48.989607","100","367201","172.26.191.172","5000","21.908967000","48","1","48192","21.965535000"
"9291","14:42:49.019025","52","1","100.64.0.5","48192","21.938385000","0","365905","5000","21.994953000"
"9292","14:42:49.019064","100","367249","172.26.191.172","5000","21.938424000","48","1","48192","21.994992000"
"9293","14:42:49.019073","100","367297","172.26.191.172","5000","21.938433000","48","1","48192","21.995001000"
"9294","14:42:49.048534","52","1","100.64.0.5","48192","21.967894000","0","366193","5000","22.024462000"
"9295","14:42:49.048571","100","367345","172.26.191.172","5000","21.967931000","48","1","48192","22.024499000"
"9296","14:42:49.048581","100","367393","172.26.191.172","5000","21.967941000","48","1","48192","22.024509000"
"9297","14:42:49.048592","100","367441","172.26.191.172","5000","21.967952000","48","1","48192","22.024520000"
"9298","14:42:49.048593","100","367489","172.26.191.172","5000","21.967953000","48","1","48192","22.024521000"
"9299","14:42:49.048599","100","367537","172.26.191.172","5000","21.967959000","48","1","48192","22.024527000"
"9300","14:42:49.048601","100","367585","172.26.191.172","5000","21.967961000","48","1","48192","22.024529000"
"9301","14:42:49.048613","52","1","100.64.0.5","48192","21.967973000","0","366481","5000","22.024541000"
"9302","14:42:49.048624","100","367633","172.26.191.172","5000","21.967984000","48","1","48192","22.024552000"
"9303","14:42:49.048626","100","367681","172.26.191.172","5000","21.967986000","48","1","48192","22.024554000"
"9304","14:42:49.048634","100","367729","172.26.191.172","5000","21.967994000","48","1","48192","22.024562000"
"9305","14:42:49.048635","100","367777","172.26.191.172","5000","21.967995000","48","1","48192","22.024563000"
"9306","14:42:49.048642","100","367825","172.26.191.172","5000","21.968002000","48","1","48192","22.024570000"
"9307","14:42:49.048643","100","367873","172.26.191.172","5000","21.968003000","48","1","48192","22.024571000"
"9308","14:42:49.048649","52","1","100.64.0.5","48192","21.968009000","0","366577","5000","22.024577000"
"9309","14:42:49.048658","100","367921","172.26.191.172","5000","21.968018000","48","1","48192","22.024586000"
"9310","14:42:49.048660","100","367969","172.26.191.172","5000","21.968020000","48","1","48192","22.024588000"
"9311","14:42:49.080296","52","1","100.64.0.5","48192","21.999656000","0","366865","5000","22.056224000"
"9312","14:42:49.080352","100","368017","172.26.191.172","5000","21.999712000","48","1","48192","22.056280000"
"9313","14:42:49.080364","100","368065","172.26.191.172","5000","21.999724000","48","1","48192","22.056292000"
"9314","14:42:49.080376","100","368113","172.26.191.172","5000","21.999736000","48","1","48192","22.056304000"
"9315","14:42:49.080378","100","368161","172.26.191.172","5000","21.999738000","48","1","48192","22.056306000"
"9316","14:42:49.080384","100","368209","172.26.191.172","5000","21.999744000","48","1","48192","22.056312000"
"9317","14:42:49.080386","100","368257","172.26.191.172","5000","21.999746000","48","1","48192","22.056314000"
"9318","14:42:49.080406","52","1","100.64.0.5","48192","21.999766000","0","367153","5000","22.056334000"
"9319","14:42:49.080417","100","368305","172.26.191.172","5000","21.999777000","48","1","48192","22.056345000"
"9320","14:42:49.080419","100","368353","172.26.191.172","5000","21.999779000","48","1","48192","22.056347000"
"9321","14:42:49.080426","100","368401","172.26.191.172","5000","21.999786000","48","1","48192","22.056354000"
"9322","14:42:49.080427","100","368449","172.26.191.172","5000","21.999787000","48","1","48192","22.056355000"
"9323","14:42:49.080433","100","368497","172.26.191.172","5000","21.999793000","48","1","48192","22.056361000"
"9324","14:42:49.080434","100","368545","172.26.191.172","5000","21.999794000","48","1","48192","22.056362000"
"9325","14:42:49.080440","52","1","100.64.0.5","48192","21.999800000","0","367249","5000","22.056368000"
"9326","14:42:49.080450","100","368593","172.26.191.172","5000","21.999810000","48","1","48192","22.056378000"
"9327","14:42:49.080452","100","368641","172.26.191.172","5000","21.999812000","48","1","48192","22.056380000"
"9328","14:42:49.109812","52","1","100.64.0.5","48192","22.029172000","0","367345","5000","22.085740000"
"9329","14:42:49.109850","100","368689","172.26.191.172","5000","22.029210000","48","1","48192","22.085778000"
"9330","14:42:49.109859","100","368737","172.26.191.172","5000","22.029219000","48","1","48192","22.085787000"
"9331","14:42:49.140454","52","1","100.64.0.5","48192","22.059814000","0","367633","5000","22.116382000"
"9332","14:42:49.140494","100","368785","172.26.191.172","5000","22.059854000","48","1","48192","22.116422000"
"9333","14:42:49.140503","100","368833","172.26.191.172","5000","22.059863000","48","1","48192","22.116431000"
"9334","14:42:49.140514","100","368881","172.26.191.172","5000","22.059874000","48","1","48192","22.116442000"
"9335","14:42:49.140515","100","368929","172.26.191.172","5000","22.059875000","48","1","48192","22.116443000"
"9336","14:42:49.140521","100","368977","172.26.191.172","5000","22.059881000","48","1","48192","22.116449000"
"9337","14:42:49.140522","100","369025","172.26.191.172","5000","22.059882000","48","1","48192","22.116450000"
"9338","14:42:49.140534","52","1","100.64.0.5","48192","22.059894000","0","367921","5000","22.116462000"
"9339","14:42:49.140545","100","369073","172.26.191.172","5000","22.059905000","48","1","48192","22.116473000"
"9340","14:42:49.140546","100","369121","172.26.191.172","5000","22.059906000","48","1","48192","22.116474000"
"9341","14:42:49.140553","100","369169","172.26.191.172","5000","22.059913000","48","1","48192","22.116481000"
"9342","14:42:49.140554","100","369217","172.26.191.172","5000","22.059914000","48","1","48192","22.116482000"
"9343","14:42:49.140560","100","369265","172.26.191.172","5000","22.059920000","48","1","48192","22.116488000"
"9344","14:42:49.140561","100","369313","172.26.191.172","5000","22.059921000","48","1","48192","22.116489000"
"9345","14:42:49.140567","52","1","100.64.0.5","48192","22.059927000","0","368017","5000","22.116495000"
"9346","14:42:49.140577","100","369361","172.26.191.172","5000","22.059937000","48","1","48192","22.116505000"
"9347","14:42:49.140578","100","369409","172.26.191.172","5000","22.059938000","48","1","48192","22.116506000"
"9348","14:42:49.171600","52","1","100.64.0.5","48192","22.090960000","0","368305","5000","22.147528000"
"9349","14:42:49.171644","100","369457","172.26.191.172","5000","22.091004000","48","1","48192","22.147572000"
"9350","14:42:49.171654","100","369505","172.26.191.172","5000","22.091014000","48","1","48192","22.147582000"
"9351","14:42:49.171666","100","369553","172.26.191.172","5000","22.091026000","48","1","48192","22.147594000"
"9352","14:42:49.171668","100","369601","172.26.191.172","5000","22.091028000","48","1","48192","22.147596000"
"9353","14:42:49.171675","100","369649","172.26.191.172","5000","22.091035000","48","1","48192","22.147603000"
"9354","14:42:49.171676","100","369697","172.26.191.172","5000","22.091036000","48","1","48192","22.147604000"
"9355","14:42:49.171690","52","1","100.64.0.5","48192","22.091050000","0","368593","5000","22.147618000"
"9356","14:42:49.171702","100","369745","172.26.191.172","5000","22.091062000","48","1","48192","22.147630000"
"9357","14:42:49.171704","100","369793","172.26.191.172","5000","22.091064000","48","1","48192","22.147632000"
"9358","14:42:49.171711","100","369841","172.26.191.172","5000","22.091071000","48","1","48192","22.147639000"
"9359","14:42:49.171712","100","369889","172.26.191.172","5000","22.091072000","48","1","48192","22.147640000"
"9360","14:42:49.171718","100","369937","172.26.191.172","5000","22.091078000","48","1","48192","22.147646000"
"9361","14:42:49.171719","100","369985","172.26.191.172","5000","22.091079000","48","1","48192","22.147647000"
"9362","14:42:49.171726","52","1","100.64.0.5","48192","22.091086000","0","368689","5000","22.147654000"
"9363","14:42:49.171736","100","370033","172.26.191.172","5000","22.091096000","48","1","48192","22.147664000"
"9364","14:42:49.171737","100","370081","172.26.191.172","5000","22.091097000","48","1","48192","22.147665000"
"9365","14:42:49.200646","52","1","100.64.0.5","48192","22.120006000","0","368785","5000","22.176574000"
"9366","14:42:49.200684","100","370129","172.26.191.172","5000","22.120044000","48","1","48192","22.176612000"
"9367","14:42:49.200694","100","370177","172.26.191.172","5000","22.120054000","48","1","48192","22.176622000"
"9368","14:42:49.231261","52","1","100.64.0.5","48192","22.150621000","0","369073","5000","22.207189000"
"9369","14:42:49.231290","100","370225","172.26.191.172","5000","22.150650000","48","1","48192","22.207218000"
"9370","14:42:49.231296","100","370273","172.26.191.172","5000","22.150656000","48","1","48192","22.207224000"
"9371","14:42:49.231303","100","370321","172.26.191.172","5000","22.150663000","48","1","48192","22.207231000"
"9372","14:42:49.231304","100","370369","172.26.191.172","5000","22.150664000","48","1","48192","22.207232000"
"9373","14:42:49.231308","100","370417","172.26.191.172","5000","22.150668000","48","1","48192","22.207236000"
"9374","14:42:49.231308","100","370465","172.26.191.172","5000","22.150668000","48","1","48192","22.207236000"
"9375","14:42:49.231312","100","370513","172.26.191.172","5000","22.150672000","48","1","48192","22.207240000"
"9376","14:42:49.231313","100","370561","172.26.191.172","5000","22.150673000","48","1","48192","22.207241000"
"9377","14:42:49.231321","52","1","100.64.0.5","48192","22.150681000","0","369361","5000","22.207249000"
"9378","14:42:49.231329","100","370609","172.26.191.172","5000","22.150689000","48","1","48192","22.207257000"
"9379","14:42:49.231330","100","370657","172.26.191.172","5000","22.150690000","48","1","48192","22.207258000"
"9380","14:42:49.231334","100","370705","172.26.191.172","5000","22.150694000","48","1","48192","22.207262000"
"9381","14:42:49.231335","100","370753","172.26.191.172","5000","22.150695000","48","1","48192","22.207263000"
"9382","14:42:49.231339","100","370801","172.26.191.172","5000","22.150699000","48","1","48192","22.207267000"
"9383","14:42:49.231340","100","370849","172.26.191.172","5000","22.150700000","48","1","48192","22.207268000"
"9384","14:42:49.231344","52","1","100.64.0.5","48192","22.150704000","0","369457","5000","22.207272000"
"9385","14:42:49.231350","100","370897","172.26.191.172","5000","22.150710000","48","1","48192","22.207278000"
"9386","14:42:49.231350","100","370945","172.26.191.172","5000","22.150710000","48","1","48192","22.207278000"
"9387","14:42:49.261476","52","1","100.64.0.5","48192","22.180836000","0","369745","5000","22.237404000"
"9388","14:42:49.261518","100","370993","172.26.191.172","5000","22.180878000","48","1","48192","22.237446000"
"9389","14:42:49.261527","100","371041","172.26.191.172","5000","22.180887000","48","1","48192","22.237455000"
"9390","14:42:49.261547","100","371089","172.26.191.172","5000","22.180907000","48","1","48192","22.237475000"
"9391","14:42:49.261548","100","371137","172.26.191.172","5000","22.180908000","48","1","48192","22.237476000"
"9392","14:42:49.261555","100","371185","172.26.191.172","5000","22.180915000","48","1","48192","22.237483000"
"9393","14:42:49.261557","100","371233","172.26.191.172","5000","22.180917000","48","1","48192","22.237485000"
"9394","14:42:49.261587","52","1","100.64.0.5","48192","22.180947000","0","370033","5000","22.237515000"
"9395","14:42:49.261600","100","371281","172.26.191.172","5000","22.180960000","48","1","48192","22.237528000"
"9396","14:42:49.261601","100","371329","172.26.191.172","5000","22.180961000","48","1","48192","22.237529000"
"9397","14:42:49.261609","100","371377","172.26.191.172","5000","22.180969000","48","1","48192","22.237537000"
"9398","14:42:49.261610","100","371425","172.26.191.172","5000","22.180970000","48","1","48192","22.237538000"
"9399","14:42:49.261616","100","371473","172.26.191.172","5000","22.180976000","48","1","48192","22.237544000"
"9400","14:42:49.261617","100","371521","172.26.191.172","5000","22.180977000","48","1","48192","22.237545000"
"9401","14:42:49.261624","52","1","100.64.0.5","48192","22.180984000","0","370129","5000","22.237552000"
"9402","14:42:49.261633","100","371569","172.26.191.172","5000","22.180993000","48","1","48192","22.237561000"
"9403","14:42:49.261634","100","371617","172.26.191.172","5000","22.180994000","48","1","48192","22.237562000"
"9404","14:42:49.292315","52","1","100.64.0.5","48192","22.211675000","0","370225","5000","22.268243000"
"9405","14:42:49.292368","100","371665","172.26.191.172","5000","22.211728000","48","1","48192","22.268296000"
"9406","14:42:49.292377","100","371713","172.26.191.172","5000","22.211737000","48","1","48192","22.268305000"
"9407","14:42:49.322157","52","1","100.64.0.5","48192","22.241517000","0","370513","5000","22.298085000"
"9408","14:42:49.322197","100","371761","172.26.191.172","5000","22.241557000","48","1","48192","22.298125000"
"9409","14:42:49.322206","100","371809","172.26.191.172","5000","22.241566000","48","1","48192","22.298134000"
"9410","14:42:49.322218","100","371857","172.26.191.172","5000","22.241578000","48","1","48192","22.298146000"
"9411","14:42:49.322220","100","371905","172.26.191.172","5000","22.241580000","48","1","48192","22.298148000"
"9412","14:42:49.322226","100","371953","172.26.191.172","5000","22.241586000","48","1","48192","22.298154000"
"9413","14:42:49.322227","100","372001","172.26.191.172","5000","22.241587000","48","1","48192","22.298155000"
"9414","14:42:49.322239","52","1","100.64.0.5","48192","22.241599000","0","370801","5000","22.298167000"
"9415","14:42:49.322249","100","372049","172.26.191.172","5000","22.241609000","48","1","48192","22.298177000"
"9416","14:42:49.322250","100","372097","172.26.191.172","5000","22.241610000","48","1","48192","22.298178000"
"9417","14:42:49.322257","100","372145","172.26.191.172","5000","22.241617000","48","1","48192","22.298185000"
"9418","14:42:49.322259","100","372193","172.26.191.172","5000","22.241619000","48","1","48192","22.298187000"
"9419","14:42:49.322266","100","372241","172.26.191.172","5000","22.241626000","48","1","48192","22.298194000"
"9420","14:42:49.322267","100","372289","172.26.191.172","5000","22.241627000","48","1","48192","22.298195000"
"9421","14:42:49.322273","52","1","100.64.0.5","48192","22.241633000","0","370897","5000","22.298201000"
"9422","14:42:49.322282","100","372337","172.26.191.172","5000","22.241642000","48","1","48192","22.298210000"
"9423","14:42:49.322284","100","372385","172.26.191.172","5000","22.241644000","48","1","48192","22.298212000"
"9424","14:42:49.351778","52","1","100.64.0.5","48192","22.271138000","0","371185","5000","22.327706000"
"9425","14:42:49.351819","100","372433","172.26.191.172","5000","22.271179000","48","1","48192","22.327747000"
"9426","14:42:49.351828","100","372481","172.26.191.172","5000","22.271188000","48","1","48192","22.327756000"
"9427","14:42:49.351838","100","372529","172.26.191.172","5000","22.271198000","48","1","48192","22.327766000"
"9428","14:42:49.351840","100","372577","172.26.191.172","5000","22.271200000","48","1","48192","22.327768000"
"9429","14:42:49.351846","100","372625","172.26.191.172","5000","22.271206000","48","1","48192","22.327774000"
"9430","14:42:49.351847","100","372673","172.26.191.172","5000","22.271207000","48","1","48192","22.327775000"
"9431","14:42:49.351860","52","1","100.64.0.5","48192","22.271220000","0","371473","5000","22.327788000"
"9432","14:42:49.351873","100","372721","172.26.191.172","5000","22.271233000","48","1","48192","22.327801000"
"9433","14:42:49.351874","100","372769","172.26.191.172","5000","22.271234000","48","1","48192","22.327802000"
"9434","14:42:49.351880","100","372817","172.26.191.172","5000","22.271240000","48","1","48192","22.327808000"
"9435","14:42:49.351882","100","372865","172.26.191.172","5000","22.271242000","48","1","48192","22.327810000"
"9436","14:42:49.351888","100","372913","172.26.191.172","5000","22.271248000","48","1","48192","22.327816000"
"9437","14:42:49.351890","100","372961","172.26.191.172","5000","22.271250000","48","1","48192","22.327818000"
"9438","14:42:49.351896","52","1","100.64.0.5","48192","22.271256000","0","371569","5000","22.327824000"
"9439","14:42:49.351907","100","373009","172.26.191.172","5000","22.271267000","48","1","48192","22.327835000"
"9440","14:42:49.351908","100","373057","172.26.191.172","5000","22.271268000","48","1","48192","22.327836000"
"9441","14:42:49.383226","52","1","100.64.0.5","48192","22.302586000","0","371761","5000","22.359154000"
"9442","14:42:49.383265","100","373105","172.26.191.172","5000","22.302625000","48","1","48192","22.359193000"
"9443","14:42:49.383273","100","373153","172.26.191.172","5000","22.302633000","48","1","48192","22.359201000"
"9444","14:42:49.383284","100","373201","172.26.191.172","5000","22.302644000","48","1","48192","22.359212000"
"9445","14:42:49.383286","100","373249","172.26.191.172","5000","22.302646000","48","1","48192","22.359214000"
"9446","14:42:49.413345","52","1","100.64.0.5","48192","22.332705000","0","372049","5000","22.389273000"
"9447","14:42:49.413382","100","373297","172.26.191.172","5000","22.332742000","48","1","48192","22.389310000"
"9448","14:42:49.413391","100","373345","172.26.191.172","5000","22.332751000","48","1","48192","22.389319000"
"9449","14:42:49.413402","100","373393","172.26.191.172","5000","22.332762000","48","1","48192","22.389330000"
"9450","14:42:49.413403","100","373441","172.26.191.172","5000","22.332763000","48","1","48192","22.389331000"
"9451","14:42:49.413409","100","373489","172.26.191.172","5000","22.332769000","48","1","48192","22.389337000"
"9452","14:42:49.413411","100","373537","172.26.191.172","5000","22.332771000","48","1","48192","22.389339000"
"9453","14:42:49.413417","100","373585","172.26.191.172","5000","22.332777000","48","1","48192","22.389345000"
"9454","14:42:49.413418","100","373633","172.26.191.172","5000","22.332778000","48","1","48192","22.389346000"
"9455","14:42:49.413430","52","1","100.64.0.5","48192","22.332790000","0","372337","5000","22.389358000"
"9456","14:42:49.413443","100","373681","172.26.191.172","5000","22.332803000","48","1","48192","22.389371000"
"9457","14:42:49.413444","100","373729","172.26.191.172","5000","22.332804000","48","1","48192","22.389372000"
"9458","14:42:49.413450","100","373777","172.26.191.172","5000","22.332810000","48","1","48192","22.389378000"
"9459","14:42:49.413451","100","373825","172.26.191.172","5000","22.332811000","48","1","48192","22.389379000"
"9460","14:42:49.413458","100","373873","172.26.191.172","5000","22.332818000","48","1","48192","22.389386000"
"9461","14:42:49.413459","100","373921","172.26.191.172","5000","22.332819000","48","1","48192","22.389387000"
"9462","14:42:49.413465","52","1","100.64.0.5","48192","22.332825000","0","372433","5000","22.389393000"
"9463","14:42:49.413473","100","373969","172.26.191.172","5000","22.332833000","48","1","48192","22.389401000"
"9464","14:42:49.413474","100","374017","172.26.191.172","5000","22.332834000","48","1","48192","22.389402000"
"9465","14:42:49.442843","64","1","100.64.0.5","48192","22.362203000","0","372673","5000","22.418771000"
"9466","14:42:49.442889","100","374065","172.26.191.172","5000","22.362249000","48","1","48192","22.418817000"
"9467","14:42:49.442898","100","374113","172.26.191.172","5000","22.362258000","48","1","48192","22.418826000"
"9468","14:42:49.442907","100","374161","172.26.191.172","5000","22.362267000","48","1","48192","22.418835000"
"9469","14:42:49.442909","100","374209","172.26.191.172","5000","22.362269000","48","1","48192","22.418837000"
"9470","14:42:49.442915","100","374257","172.26.191.172","5000","22.362275000","48","1","48192","22.418843000"
"9471","14:42:49.442916","100","374305","172.26.191.172","5000","22.362276000","48","1","48192","22.418844000"
"9472","14:42:49.442927","64","1","100.64.0.5","48192","22.362287000","0","372673","5000","22.418855000"
"9473","14:42:49.442942","100","372673","172.26.191.172","5000","22.362302000","48","1","48192","22.418870000"
"9474","14:42:49.473905","64","1","100.64.0.5","48192","22.393265000","0","372673","5000","22.449833000"
"9475","14:42:49.473944","100","372721","172.26.191.172","5000","22.393304000","48","1","48192","22.449872000"
"9476","14:42:49.473967","64","1","100.64.0.5","48192","22.393327000","0","372673","5000","22.449895000"
"9477","14:42:49.473976","100","372769","172.26.191.172","5000","22.393336000","48","1","48192","22.449904000"
"9478","14:42:49.504033","64","1","100.64.0.5","48192","22.423393000","0","372673","5000","22.479961000"
"9479","14:42:49.504081","100","372817","172.26.191.172","5000","22.423441000","48","1","48192","22.480009000"
"9480","14:42:49.504090","100","372865","172.26.191.172","5000","22.423450000","48","1","48192","22.480018000"
"9481","14:42:49.504097","100","372913","172.26.191.172","5000","22.423457000","48","1","48192","22.480025000"
"9482","14:42:49.504106","100","374353","172.26.191.172","5000","22.423466000","48","1","48192","22.480034000"
"9483","14:42:49.504108","100","374401","172.26.191.172","5000","22.423468000","48","1","48192","22.480036000"
"9484","14:42:49.504113","100","374449","172.26.191.172","5000","22.423473000","48","1","48192","22.480041000"
"9485","14:42:49.533589","64","1","100.64.0.5","48192","22.452949000","0","372721","5000","22.509517000"
"9486","14:42:49.533638","100","374497","172.26.191.172","5000","22.452998000","48","1","48192","22.509566000"
"9487","14:42:49.533649","100","374545","172.26.191.172","5000","22.453009000","48","1","48192","22.509577000"
"9488","14:42:49.533659","100","374593","172.26.191.172","5000","22.453019000","48","1","48192","22.509587000"
"9489","14:42:49.533660","100","374641","172.26.191.172","5000","22.453020000","48","1","48192","22.509588000"
"9490","14:42:49.533667","100","374689","172.26.191.172","5000","22.453027000","48","1","48192","22.509595000"
"9491","14:42:49.533668","100","374737","172.26.191.172","5000","22.453028000","48","1","48192","22.509596000"
"9492","14:42:49.533676","100","374785","172.26.191.172","5000","22.453036000","48","1","48192","22.509604000"
"9493","14:42:49.533677","100","374833","172.26.191.172","5000","22.453037000","48","1","48192","22.509605000"
"9494","14:42:49.533682","100","374881","172.26.191.172","5000","22.453042000","48","1","48192","22.509610000"
"9495","14:42:49.564259","64","1","100.64.0.5","48192","22.483619000","0","372817","5000","22.540187000"
"9496","14:42:49.564303","100","374929","172.26.191.172","5000","22.483663000","48","1","48192","22.540231000"
"9497","14:42:49.564311","100","374977","172.26.191.172","5000","22.483671000","48","1","48192","22.540239000"
"9498","14:42:49.594791","64","1","100.64.0.5","48192","22.514151000","0","372913","5000","22.570719000"
"9499","14:42:49.594831","100","375025","172.26.191.172","5000","22.514191000","48","1","48192","22.570759000"
"9500","14:42:49.594840","100","375073","172.26.191.172","5000","22.514200000","48","1","48192","22.570768000"
"9501","14:42:49.594853","52","1","100.64.0.5","48192","22.514213000","0","374353","5000","22.570781000"
"9502","14:42:49.594867","52","1","100.64.0.5","48192","22.514227000","0","374497","5000","22.570795000"
"9503","14:42:49.594878","100","375121","172.26.191.172","5000","22.514238000","48","1","48192","22.570806000"
"9504","14:42:49.594879","100","375169","172.26.191.172","5000","22.514239000","48","1","48192","22.570807000"
"9505","14:42:49.594886","100","375217","172.26.191.172","5000","22.514246000","48","1","48192","22.570814000"
"9506","14:42:49.594888","100","375265","172.26.191.172","5000","22.514248000","48","1","48192","22.570816000"
"9507","14:42:49.624150","52","1","100.64.0.5","48192","22.543510000","0","374785","5000","22.600078000"
"9508","14:42:49.624186","100","375313","172.26.191.172","5000","22.543546000","48","1","48192","22.600114000"
"9509","14:42:49.624194","100","375361","172.26.191.172","5000","22.543554000","48","1","48192","22.600122000"
"9510","14:42:49.624204","100","375409","172.26.191.172","5000","22.543564000","48","1","48192","22.600132000"
"9511","14:42:49.624206","100","375457","172.26.191.172","5000","22.543566000","48","1","48192","22.600134000"
"9512","14:42:49.624214","100","375505","172.26.191.172","5000","22.543574000","48","1","48192","22.600142000"
"9513","14:42:49.624215","100","375553","172.26.191.172","5000","22.543575000","48","1","48192","22.600143000"
"9514","14:42:49.625323","52","1","100.64.0.5","48192","22.544683000","0","374929","5000","22.601251000"
"9515","14:42:49.625333","100","375601","172.26.191.172","5000","22.544693000","48","1","48192","22.601261000"
"9516","14:42:49.625335","100","375649","172.26.191.172","5000","22.544695000","48","1","48192","22.601263000"
"9517","14:42:49.654390","52","1","100.64.0.5","48192","22.573750000","0","375025","5000","22.630318000"
"9518","14:42:49.654404","100","375697","172.26.191.172","5000","22.573764000","48","1","48192","22.630332000"
"9519","14:42:49.654407","100","375745","172.26.191.172","5000","22.573767000","48","1","48192","22.630335000"
"9520","14:42:49.686233","52","1","100.64.0.5","48192","22.605593000","0","375313","5000","22.662161000"
"9521","14:42:49.686250","100","375793","172.26.191.172","5000","22.605610000","48","1","48192","22.662178000"
"9522","14:42:49.686254","100","375841","172.26.191.172","5000","22.605614000","48","1","48192","22.662182000"
"9523","14:42:49.686257","100","375889","172.26.191.172","5000","22.605617000","48","1","48192","22.662185000"
"9524","14:42:49.686258","100","375937","172.26.191.172","5000","22.605618000","48","1","48192","22.662186000"
"9525","14:42:49.686260","100","375985","172.26.191.172","5000","22.605620000","48","1","48192","22.662188000"
"9526","14:42:49.686260","100","376033","172.26.191.172","5000","22.605620000","48","1","48192","22.662188000"
"9527","14:42:49.686262","100","376081","172.26.191.172","5000","22.605622000","48","1","48192","22.662190000"
"9528","14:42:49.686263","100","376129","172.26.191.172","5000","22.605623000","48","1","48192","22.662191000"
"9529","14:42:49.716052","52","1","100.64.0.5","48192","22.635412000","0","375601","5000","22.691980000"
"9530","14:42:49.716074","100","376177","172.26.191.172","5000","22.635434000","48","1","48192","22.692002000"
"9531","14:42:49.716079","100","376225","172.26.191.172","5000","22.635439000","48","1","48192","22.692007000"
"9532","14:42:49.716084","100","376273","172.26.191.172","5000","22.635444000","48","1","48192","22.692012000"
"9533","14:42:49.716084","100","376321","172.26.191.172","5000","22.635444000","48","1","48192","22.692012000"
"9534","14:42:49.716087","100","376369","172.26.191.172","5000","22.635447000","48","1","48192","22.692015000"
"9535","14:42:49.716088","100","376417","172.26.191.172","5000","22.635448000","48","1","48192","22.692016000"
"9536","14:42:49.716093","52","1","100.64.0.5","48192","22.635453000","0","375793","5000","22.692021000"
"9537","14:42:49.716098","100","376465","172.26.191.172","5000","22.635458000","48","1","48192","22.692026000"
"9538","14:42:49.716099","100","376513","172.26.191.172","5000","22.635459000","48","1","48192","22.692027000"
"9539","14:42:49.716102","100","376561","172.26.191.172","5000","22.635462000","48","1","48192","22.692030000"
"9540","14:42:49.716103","100","376609","172.26.191.172","5000","22.635463000","48","1","48192","22.692031000"
"9541","14:42:49.776903","52","1","100.64.0.5","48192","22.696263000","0","375889","5000","22.752831000"
"9542","14:42:49.776940","100","376657","172.26.191.172","5000","22.696300000","48","1","48192","22.752868000"
"9543","14:42:49.776949","100","376705","172.26.191.172","5000","22.696309000","48","1","48192","22.752877000"
"9544","14:42:49.776964","52","1","100.64.0.5","48192","22.696324000","0","376177","5000","22.752892000"
"9545","14:42:49.776976","100","376753","172.26.191.172","5000","22.696336000","48","1","48192","22.752904000"
"9546","14:42:49.776978","100","376801","172.26.191.172","5000","22.696338000","48","1","48192","22.752906000"
"9547","14:42:49.776985","100","376849","172.26.191.172","5000","22.696345000","48","1","48192","22.752913000"
"9548","14:42:49.776986","100","376897","172.26.191.172","5000","22.696346000","48","1","48192","22.752914000"
"9549","14:42:49.776994","100","376945","172.26.191.172","5000","22.696354000","48","1","48192","22.752922000"
"9550","14:42:49.776996","100","376993","172.26.191.172","5000","22.696356000","48","1","48192","22.752924000"
"9551","14:42:49.806801","52","1","100.64.0.5","48192","22.726161000","0","376465","5000","22.782729000"
"9552","14:42:49.806840","100","377041","172.26.191.172","5000","22.726200000","48","1","48192","22.782768000"
"9553","14:42:49.806849","100","377089","172.26.191.172","5000","22.726209000","48","1","48192","22.782777000"
"9554","14:42:49.806860","100","377137","172.26.191.172","5000","22.726220000","48","1","48192","22.782788000"
"9555","14:42:49.806861","100","377185","172.26.191.172","5000","22.726221000","48","1","48192","22.782789000"
"9556","14:42:49.806869","100","377233","172.26.191.172","5000","22.726229000","48","1","48192","22.782797000"
"9557","14:42:49.806870","100","377281","172.26.191.172","5000","22.726230000","48","1","48192","22.782798000"
"9558","14:42:49.806882","52","1","100.64.0.5","48192","22.726242000","0","376657","5000","22.782810000"
"9559","14:42:49.806891","100","377329","172.26.191.172","5000","22.726251000","48","1","48192","22.782819000"
"9560","14:42:49.806893","100","377377","172.26.191.172","5000","22.726253000","48","1","48192","22.782821000"
"9561","14:42:49.806899","100","377425","172.26.191.172","5000","22.726259000","48","1","48192","22.782827000"
"9562","14:42:49.806901","100","377473","172.26.191.172","5000","22.726261000","48","1","48192","22.782829000"
"9563","14:42:49.806906","100","377521","172.26.191.172","5000","22.726266000","48","1","48192","22.782834000"
"9564","14:42:49.868198","52","1","100.64.0.5","48192","22.787558000","0","376945","5000","22.844126000"
"9565","14:42:49.868238","100","377569","172.26.191.172","5000","22.787598000","48","1","48192","22.844166000"
"9566","14:42:49.868247","100","377617","172.26.191.172","5000","22.787607000","48","1","48192","22.844175000"
"9567","14:42:49.868257","100","377665","172.26.191.172","5000","22.787617000","48","1","48192","22.844185000"
"9568","14:42:49.868259","100","377713","172.26.191.172","5000","22.787619000","48","1","48192","22.844187000"
"9569","14:42:49.868265","100","377761","172.26.191.172","5000","22.787625000","48","1","48192","22.844193000"
"9570","14:42:49.868267","100","377809","172.26.191.172","5000","22.787627000","48","1","48192","22.844195000"
"9571","14:42:49.868278","52","1","100.64.0.5","48192","22.787638000","0","377041","5000","22.844206000"
"9572","14:42:49.868287","100","377857","172.26.191.172","5000","22.787647000","48","1","48192","22.844215000"
"9573","14:42:49.868288","100","377905","172.26.191.172","5000","22.787648000","48","1","48192","22.844216000"
"9574","14:42:49.897948","52","1","100.64.0.5","48192","22.817308000","0","377329","5000","22.873876000"
"9575","14:42:49.897987","100","377953","172.26.191.172","5000","22.817347000","48","1","48192","22.873915000"
"9576","14:42:49.897996","100","378001","172.26.191.172","5000","22.817356000","48","1","48192","22.873924000"
"9577","14:42:49.898006","100","378049","172.26.191.172","5000","22.817366000","48","1","48192","22.873934000"
"9578","14:42:49.898008","100","378097","172.26.191.172","5000","22.817368000","48","1","48192","22.873936000"
"9579","14:42:49.898014","100","378145","172.26.191.172","5000","22.817374000","48","1","48192","22.873942000"
"9580","14:42:49.898015","100","378193","172.26.191.172","5000","22.817375000","48","1","48192","22.873943000"
"9581","14:42:49.898027","52","1","100.64.0.5","48192","22.817387000","0","377521","5000","22.873955000"
"9582","14:42:49.898036","100","378241","172.26.191.172","5000","22.817396000","48","1","48192","22.873964000"
"9583","14:42:49.898038","100","378289","172.26.191.172","5000","22.817398000","48","1","48192","22.873966000"
"9584","14:42:49.898046","100","378337","172.26.191.172","5000","22.817406000","48","1","48192","22.873974000"
"9585","14:42:49.898047","100","378385","172.26.191.172","5000","22.817407000","48","1","48192","22.873975000"
"9586","14:42:49.898054","52","1","100.64.0.5","48192","22.817414000","0","377569","5000","22.873982000"
"9587","14:42:49.898062","100","378433","172.26.191.172","5000","22.817422000","48","1","48192","22.873990000"
"9588","14:42:49.898063","100","378481","172.26.191.172","5000","22.817423000","48","1","48192","22.873991000"
"9589","14:42:49.957882","52","1","100.64.0.5","48192","22.877242000","0","377857","5000","22.933810000"
"9590","14:42:49.957921","100","378529","172.26.191.172","5000","22.877281000","48","1","48192","22.933849000"
"9591","14:42:49.957930","100","378577","172.26.191.172","5000","22.877290000","48","1","48192","22.933858000"
"9592","14:42:49.957941","100","378625","172.26.191.172","5000","22.877301000","48","1","48192","22.933869000"
"9593","14:42:49.957943","100","378673","172.26.191.172","5000","22.877303000","48","1","48192","22.933871000"
"9594","14:42:49.957956","100","378721","172.26.191.172","5000","22.877316000","48","1","48192","22.933884000"
"9595","14:42:49.957958","100","378769","172.26.191.172","5000","22.877318000","48","1","48192","22.933886000"
"9596","14:42:49.958025","52","1","100.64.0.5","48192","22.877385000","0","377953","5000","22.933953000"
"9597","14:42:49.958037","100","378817","172.26.191.172","5000","22.877397000","48","1","48192","22.933965000"
"9598","14:42:49.958039","100","378865","172.26.191.172","5000","22.877399000","48","1","48192","22.933967000"
"9599","14:42:49.989558","52","1","100.64.0.5","48192","22.908918000","0","378241","5000","22.965486000"
"9600","14:42:49.989597","100","378913","172.26.191.172","5000","22.908957000","48","1","48192","22.965525000"
"9601","14:42:49.989605","100","378961","172.26.191.172","5000","22.908965000","48","1","48192","22.965533000"
"9602","14:42:49.989616","100","379009","172.26.191.172","5000","22.908976000","48","1","48192","22.965544000"
"9603","14:42:49.989617","100","379057","172.26.191.172","5000","22.908977000","48","1","48192","22.965545000"
"9604","14:42:49.989624","100","379105","172.26.191.172","5000","22.908984000","48","1","48192","22.965552000"
"9605","14:42:49.989625","100","379153","172.26.191.172","5000","22.908985000","48","1","48192","22.965553000"
"9606","14:42:49.989636","52","1","100.64.0.5","48192","22.908996000","0","378529","5000","22.965564000"
"9607","14:42:49.989647","100","379201","172.26.191.172","5000","22.909007000","48","1","48192","22.965575000"
"9608","14:42:49.989648","100","379249","172.26.191.172","5000","22.909008000","48","1","48192","22.965576000"
"9609","14:42:49.989655","100","379297","172.26.191.172","5000","22.909015000","48","1","48192","22.965583000"
"9610","14:42:49.989657","100","379345","172.26.191.172","5000","22.909017000","48","1","48192","22.965585000"
"9611","14:42:49.989663","100","379393","172.26.191.172","5000","22.909023000","48","1","48192","22.965591000"
"9612","14:42:49.989664","100","379441","172.26.191.172","5000","22.909024000","48","1","48192","22.965592000"
"9613","14:42:49.989670","100","379489","172.26.191.172","5000","22.909030000","48","1","48192","22.965598000"
"9614","14:42:50.048462","52","1","100.64.0.5","48192","22.967822000","0","378817","5000","23.024390000"
"9615","14:42:50.048496","100","379537","172.26.191.172","5000","22.967856000","48","1","48192","23.024424000"
"9616","14:42:50.048505","100","379585","172.26.191.172","5000","22.967865000","48","1","48192","23.024433000"
"9617","14:42:50.048515","100","379633","172.26.191.172","5000","22.967875000","48","1","48192","23.024443000"
"9618","14:42:50.048517","100","379681","172.26.191.172","5000","22.967877000","48","1","48192","23.024445000"
"9619","14:42:50.048523","100","379729","172.26.191.172","5000","22.967883000","48","1","48192","23.024451000"
"9620","14:42:50.048524","100","379777","172.26.191.172","5000","22.967884000","48","1","48192","23.024452000"
"9621","14:42:50.048535","52","1","100.64.0.5","48192","22.967895000","0","378913","5000","23.024463000"
"9622","14:42:50.048544","100","379825","172.26.191.172","5000","22.967904000","48","1","48192","23.024472000"
"9623","14:42:50.048546","100","379873","172.26.191.172","5000","22.967906000","48","1","48192","23.024474000"
"9624","14:42:50.079936","52","1","100.64.0.5","48192","22.999296000","0","379201","5000","23.055864000"
"9625","14:42:50.079959","100","379921","172.26.191.172","5000","22.999319000","48","1","48192","23.055887000"
"9626","14:42:50.079963","100","379969","172.26.191.172","5000","22.999323000","48","1","48192","23.055891000"
"9627","14:42:50.079968","100","380017","172.26.191.172","5000","22.999328000","48","1","48192","23.055896000"
"9628","14:42:50.079969","100","380065","172.26.191.172","5000","22.999329000","48","1","48192","23.055897000"
"9629","14:42:50.079972","100","380113","172.26.191.172","5000","22.999332000","48","1","48192","23.055900000"
"9630","14:42:50.079972","100","380161","172.26.191.172","5000","22.999332000","48","1","48192","23.055900000"
"9631","14:42:50.079978","52","1","100.64.0.5","48192","22.999338000","0","379489","5000","23.055906000"
"9632","14:42:50.079982","100","380209","172.26.191.172","5000","22.999342000","48","1","48192","23.055910000"
"9633","14:42:50.079983","100","380257","172.26.191.172","5000","22.999343000","48","1","48192","23.055911000"
"9634","14:42:50.079987","100","380305","172.26.191.172","5000","22.999347000","48","1","48192","23.055915000"
"9635","14:42:50.079987","100","380353","172.26.191.172","5000","22.999347000","48","1","48192","23.055915000"
"9636","14:42:50.079990","100","380401","172.26.191.172","5000","22.999350000","48","1","48192","23.055918000"
"9637","14:42:50.079990","100","380449","172.26.191.172","5000","22.999350000","48","1","48192","23.055918000"
"9638","14:42:50.079993","52","1","100.64.0.5","48192","22.999353000","0","379537","5000","23.055921000"
"9639","14:42:50.079997","100","380497","172.26.191.172","5000","22.999357000","48","1","48192","23.055925000"
"9640","14:42:50.079997","100","380545","172.26.191.172","5000","22.999357000","48","1","48192","23.055925000"
"9641","14:42:50.109848","52","1","100.64.0.5","48192","23.029208000","0","379777","5000","23.085776000"
"9642","14:42:50.109888","100","380593","172.26.191.172","5000","23.029248000","48","1","48192","23.085816000"
"9643","14:42:50.109897","100","380641","172.26.191.172","5000","23.029257000","48","1","48192","23.085825000"
"9644","14:42:50.109907","100","380689","172.26.191.172","5000","23.029267000","48","1","48192","23.085835000"
"9645","14:42:50.109909","100","380737","172.26.191.172","5000","23.029269000","48","1","48192","23.085837000"
"9646","14:42:50.109920","52","1","100.64.0.5","48192","23.029280000","0","379921","5000","23.085848000"
"9647","14:42:50.109931","100","380785","172.26.191.172","5000","23.029291000","48","1","48192","23.085859000"
"9648","14:42:50.109933","100","380833","172.26.191.172","5000","23.029293000","48","1","48192","23.085861000"
"9649","14:42:50.109940","100","380881","172.26.191.172","5000","23.029300000","48","1","48192","23.085868000"
"9650","14:42:50.109942","100","380929","172.26.191.172","5000","23.029302000","48","1","48192","23.085870000"
"9651","14:42:50.109946","100","380977","172.26.191.172","5000","23.029306000","48","1","48192","23.085874000"
"9652","14:42:50.170882","52","1","100.64.0.5","48192","23.090242000","0","380209","5000","23.146810000"
"9653","14:42:50.170923","100","381025","172.26.191.172","5000","23.090283000","48","1","48192","23.146851000"
"9654","14:42:50.170932","100","381073","172.26.191.172","5000","23.090292000","48","1","48192","23.146860000"
"9655","14:42:50.170944","100","381121","172.26.191.172","5000","23.090304000","48","1","48192","23.146872000"
"9656","14:42:50.170946","100","381169","172.26.191.172","5000","23.090306000","48","1","48192","23.146874000"
"9657","14:42:50.170952","100","381217","172.26.191.172","5000","23.090312000","48","1","48192","23.146880000"
"9658","14:42:50.170953","100","381265","172.26.191.172","5000","23.090313000","48","1","48192","23.146881000"
"9659","14:42:50.170965","52","1","100.64.0.5","48192","23.090325000","0","380497","5000","23.146893000"
"9660","14:42:50.170975","100","381313","172.26.191.172","5000","23.090335000","48","1","48192","23.146903000"
"9661","14:42:50.170976","100","381361","172.26.191.172","5000","23.090336000","48","1","48192","23.146904000"
"9662","14:42:50.170984","100","381409","172.26.191.172","5000","23.090344000","48","1","48192","23.146912000"
"9663","14:42:50.170986","100","381457","172.26.191.172","5000","23.090346000","48","1","48192","23.146914000"
"9664","14:42:50.170991","100","381505","172.26.191.172","5000","23.090351000","48","1","48192","23.146919000"
"9665","14:42:50.170992","100","381553","172.26.191.172","5000","23.090352000","48","1","48192","23.146920000"
"9666","14:42:50.170999","52","1","100.64.0.5","48192","23.090359000","0","380593","5000","23.146927000"
"9667","14:42:50.171008","100","381601","172.26.191.172","5000","23.090368000","48","1","48192","23.146936000"
"9668","14:42:50.171009","100","381649","172.26.191.172","5000","23.090369000","48","1","48192","23.146937000"
"9669","14:42:50.200965","52","1","100.64.0.5","48192","23.120325000","0","380881","5000","23.176893000"
"9670","14:42:50.201011","100","381697","172.26.191.172","5000","23.120371000","48","1","48192","23.176939000"
"9671","14:42:50.201025","100","381745","172.26.191.172","5000","23.120385000","48","1","48192","23.176953000"
"9672","14:42:50.201037","100","381793","172.26.191.172","5000","23.120397000","48","1","48192","23.176965000"
"9673","14:42:50.201038","100","381841","172.26.191.172","5000","23.120398000","48","1","48192","23.176966000"
"9674","14:42:50.201045","100","381889","172.26.191.172","5000","23.120405000","48","1","48192","23.176973000"
"9675","14:42:50.201046","100","381937","172.26.191.172","5000","23.120406000","48","1","48192","23.176974000"
"9676","14:42:50.201059","52","1","100.64.0.5","48192","23.120419000","0","381025","5000","23.176987000"
"9677","14:42:50.201071","100","381985","172.26.191.172","5000","23.120431000","48","1","48192","23.176999000"
"9678","14:42:50.201073","100","382033","172.26.191.172","5000","23.120433000","48","1","48192","23.177001000"
"9679","14:42:50.201081","100","382081","172.26.191.172","5000","23.120441000","48","1","48192","23.177009000"
"9680","14:42:50.201082","100","382129","172.26.191.172","5000","23.120442000","48","1","48192","23.177010000"
"9681","14:42:50.260851","52","1","100.64.0.5","48192","23.180211000","0","381169","5000","23.236779000"
"9682","14:42:50.260896","100","382177","172.26.191.172","5000","23.180256000","48","1","48192","23.236824000"
"9683","14:42:50.260910","100","382225","172.26.191.172","5000","23.180270000","48","1","48192","23.236838000"
"9684","14:42:50.260928","52","1","100.64.0.5","48192","23.180288000","0","381505","5000","23.236856000"
"9685","14:42:50.260944","100","382273","172.26.191.172","5000","23.180304000","48","1","48192","23.236872000"
"9686","14:42:50.260946","100","382321","172.26.191.172","5000","23.180306000","48","1","48192","23.236874000"
"9687","14:42:50.260953","100","382369","172.26.191.172","5000","23.180313000","48","1","48192","23.236881000"
"9688","14:42:50.260955","100","382417","172.26.191.172","5000","23.180315000","48","1","48192","23.236883000"
"9689","14:42:50.260963","100","382465","172.26.191.172","5000","23.180323000","48","1","48192","23.236891000"
"9690","14:42:50.260965","100","382513","172.26.191.172","5000","23.180325000","48","1","48192","23.236893000"
"9691","14:42:50.260971","100","382561","172.26.191.172","5000","23.180331000","48","1","48192","23.236899000"
"9692","14:42:50.260973","100","382609","172.26.191.172","5000","23.180333000","48","1","48192","23.236901000"
"9693","14:42:50.260980","52","1","100.64.0.5","48192","23.180340000","0","381697","5000","23.236908000"
"9694","14:42:50.260991","100","382657","172.26.191.172","5000","23.180351000","48","1","48192","23.236919000"
"9695","14:42:50.260992","100","382705","172.26.191.172","5000","23.180352000","48","1","48192","23.236920000"
"9696","14:42:50.260999","100","382753","172.26.191.172","5000","23.180359000","48","1","48192","23.236927000"
"9697","14:42:50.261000","100","382801","172.26.191.172","5000","23.180360000","48","1","48192","23.236928000"
"9698","14:42:50.291716","52","1","100.64.0.5","48192","23.211076000","0","381985","5000","23.267644000"
"9699","14:42:50.291761","100","382849","172.26.191.172","5000","23.211121000","48","1","48192","23.267689000"
"9700","14:42:50.291772","100","382897","172.26.191.172","5000","23.211132000","48","1","48192","23.267700000"
"9701","14:42:50.291784","100","382945","172.26.191.172","5000","23.211144000","48","1","48192","23.267712000"
"9702","14:42:50.291786","100","382993","172.26.191.172","5000","23.211146000","48","1","48192","23.267714000"
"9703","14:42:50.291793","100","383041","172.26.191.172","5000","23.211153000","48","1","48192","23.267721000"
"9704","14:42:50.291794","100","383089","172.26.191.172","5000","23.211154000","48","1","48192","23.267722000"
"9705","14:42:50.291807","52","1","100.64.0.5","48192","23.211167000","0","382177","5000","23.267735000"
"9706","14:42:50.291819","100","383137","172.26.191.172","5000","23.211179000","48","1","48192","23.267747000"
"9707","14:42:50.291821","100","383185","172.26.191.172","5000","23.211181000","48","1","48192","23.267749000"
"9708","14:42:50.291828","100","383233","172.26.191.172","5000","23.211188000","48","1","48192","23.267756000"
"9709","14:42:50.291830","100","383281","172.26.191.172","5000","23.211190000","48","1","48192","23.267758000"
"9710","14:42:50.291835","100","383329","172.26.191.172","5000","23.211195000","48","1","48192","23.267763000"
"9711","14:42:50.321785","52","1","100.64.0.5","48192","23.241145000","0","382225","5000","23.297713000"
"9712","14:42:50.321820","100","383377","172.26.191.172","5000","23.241180000","48","1","48192","23.297748000"
"9713","14:42:50.352139","52","1","100.64.0.5","48192","23.271499000","0","382561","5000","23.328067000"
"9714","14:42:50.352186","100","383425","172.26.191.172","5000","23.271546000","48","1","48192","23.328114000"
"9715","14:42:50.352196","100","383473","172.26.191.172","5000","23.271556000","48","1","48192","23.328124000"
"9716","14:42:50.352208","100","383521","172.26.191.172","5000","23.271568000","48","1","48192","23.328136000"
"9717","14:42:50.352210","100","383569","172.26.191.172","5000","23.271570000","48","1","48192","23.328138000"
"9718","14:42:50.352217","100","383617","172.26.191.172","5000","23.271577000","48","1","48192","23.328145000"
"9719","14:42:50.352218","100","383665","172.26.191.172","5000","23.271578000","48","1","48192","23.328146000"
"9720","14:42:50.352232","52","1","100.64.0.5","48192","23.271592000","0","382849","5000","23.328160000"
"9721","14:42:50.352244","100","383713","172.26.191.172","5000","23.271604000","48","1","48192","23.328172000"
"9722","14:42:50.352246","100","383761","172.26.191.172","5000","23.271606000","48","1","48192","23.328174000"
"9723","14:42:50.352255","100","383809","172.26.191.172","5000","23.271615000","48","1","48192","23.328183000"
"9724","14:42:50.352256","100","383857","172.26.191.172","5000","23.271616000","48","1","48192","23.328184000"
"9725","14:42:50.352263","100","383905","172.26.191.172","5000","23.271623000","48","1","48192","23.328191000"
"9726","14:42:50.352264","100","383953","172.26.191.172","5000","23.271624000","48","1","48192","23.328192000"
"9727","14:42:50.382671","52","1","100.64.0.5","48192","23.302031000","0","383137","5000","23.358599000"
"9728","14:42:50.382712","100","384001","172.26.191.172","5000","23.302072000","48","1","48192","23.358640000"
"9729","14:42:50.382721","100","384049","172.26.191.172","5000","23.302081000","48","1","48192","23.358649000"
"9730","14:42:50.382732","100","384097","172.26.191.172","5000","23.302092000","48","1","48192","23.358660000"
"9731","14:42:50.382733","100","384145","172.26.191.172","5000","23.302093000","48","1","48192","23.358661000"
"9732","14:42:50.382741","100","384193","172.26.191.172","5000","23.302101000","48","1","48192","23.358669000"
"9733","14:42:50.382743","100","384241","172.26.191.172","5000","23.302103000","48","1","48192","23.358671000"
"9734","14:42:50.382755","52","1","100.64.0.5","48192","23.302115000","0","383377","5000","23.358683000"
"9735","14:42:50.382765","100","384289","172.26.191.172","5000","23.302125000","48","1","48192","23.358693000"
"9736","14:42:50.382766","100","384337","172.26.191.172","5000","23.302126000","48","1","48192","23.358694000"
"9737","14:42:50.382774","100","384385","172.26.191.172","5000","23.302134000","48","1","48192","23.358702000"
"9738","14:42:50.382775","100","384433","172.26.191.172","5000","23.302135000","48","1","48192","23.358703000"
"9739","14:42:50.382781","100","384481","172.26.191.172","5000","23.302141000","48","1","48192","23.358709000"
"9740","14:42:50.382782","100","384529","172.26.191.172","5000","23.302142000","48","1","48192","23.358710000"
"9741","14:42:50.413218","52","1","100.64.0.5","48192","23.332578000","0","383425","5000","23.389146000"
"9742","14:42:50.413256","100","384577","172.26.191.172","5000","23.332616000","48","1","48192","23.389184000"
"9743","14:42:50.413266","100","384625","172.26.191.172","5000","23.332626000","48","1","48192","23.389194000"
"9744","14:42:50.443012","52","1","100.64.0.5","48192","23.362372000","0","383713","5000","23.418940000"
"9745","14:42:50.443051","100","384673","172.26.191.172","5000","23.362411000","48","1","48192","23.418979000"
"9746","14:42:50.443060","100","384721","172.26.191.172","5000","23.362420000","48","1","48192","23.418988000"
"9747","14:42:50.443071","100","384769","172.26.191.172","5000","23.362431000","48","1","48192","23.418999000"
"9748","14:42:50.443073","100","384817","172.26.191.172","5000","23.362433000","48","1","48192","23.419001000"
"9749","14:42:50.443079","100","384865","172.26.191.172","5000","23.362439000","48","1","48192","23.419007000"
"9750","14:42:50.443080","100","384913","172.26.191.172","5000","23.362440000","48","1","48192","23.419008000"
"9751","14:42:50.443091","52","1","100.64.0.5","48192","23.362451000","0","384001","5000","23.419019000"
"9752","14:42:50.443103","100","384961","172.26.191.172","5000","23.362463000","48","1","48192","23.419031000"
"9753","14:42:50.443105","100","385009","172.26.191.172","5000","23.362465000","48","1","48192","23.419033000"
"9754","14:42:50.443111","100","385057","172.26.191.172","5000","23.362471000","48","1","48192","23.419039000"
"9755","14:42:50.443113","100","385105","172.26.191.172","5000","23.362473000","48","1","48192","23.419041000"
"9756","14:42:50.443120","100","385153","172.26.191.172","5000","23.362480000","48","1","48192","23.419048000"
"9757","14:42:50.443121","100","385201","172.26.191.172","5000","23.362481000","48","1","48192","23.419049000"
"9758","14:42:50.474438","52","1","100.64.0.5","48192","23.393798000","0","384289","5000","23.450366000"
"9759","14:42:50.474478","100","385249","172.26.191.172","5000","23.393838000","48","1","48192","23.450406000"
"9760","14:42:50.474487","100","385297","172.26.191.172","5000","23.393847000","48","1","48192","23.450415000"
"9761","14:42:50.474498","100","385345","172.26.191.172","5000","23.393858000","48","1","48192","23.450426000"
"9762","14:42:50.474499","100","385393","172.26.191.172","5000","23.393859000","48","1","48192","23.450427000"
"9763","14:42:50.474506","100","385441","172.26.191.172","5000","23.393866000","48","1","48192","23.450434000"
"9764","14:42:50.474507","100","385489","172.26.191.172","5000","23.393867000","48","1","48192","23.450435000"
"9765","14:42:50.474519","52","1","100.64.0.5","48192","23.393879000","0","384577","5000","23.450447000"
"9766","14:42:50.474532","100","385537","172.26.191.172","5000","23.393892000","48","1","48192","23.450460000"
"9767","14:42:50.474534","100","385585","172.26.191.172","5000","23.393894000","48","1","48192","23.450462000"
"9768","14:42:50.474540","100","385633","172.26.191.172","5000","23.393900000","48","1","48192","23.450468000"
"9769","14:42:50.474542","100","385681","172.26.191.172","5000","23.393902000","48","1","48192","23.450470000"
"9770","14:42:50.474547","100","385729","172.26.191.172","5000","23.393907000","48","1","48192","23.450475000"
"9771","14:42:50.474548","100","385777","172.26.191.172","5000","23.393908000","48","1","48192","23.450476000"
"9772","14:42:50.503864","52","1","100.64.0.5","48192","23.423224000","0","384673","5000","23.479792000"
"9773","14:42:50.503903","100","385825","172.26.191.172","5000","23.423263000","48","1","48192","23.479831000"
"9774","14:42:50.503912","100","385873","172.26.191.172","5000","23.423272000","48","1","48192","23.479840000"
"9775","14:42:50.533860","52","1","100.64.0.5","48192","23.453220000","0","384961","5000","23.509788000"
"9776","14:42:50.533900","100","385921","172.26.191.172","5000","23.453260000","48","1","48192","23.509828000"
"9777","14:42:50.533912","100","385969","172.26.191.172","5000","23.453272000","48","1","48192","23.509840000"
"9778","14:42:50.533923","100","386017","172.26.191.172","5000","23.453283000","48","1","48192","23.509851000"
"9779","14:42:50.533924","100","386065","172.26.191.172","5000","23.453284000","48","1","48192","23.509852000"
"9780","14:42:50.533930","100","386113","172.26.191.172","5000","23.453290000","48","1","48192","23.509858000"
"9781","14:42:50.533932","100","386161","172.26.191.172","5000","23.453292000","48","1","48192","23.509860000"
"9782","14:42:50.533944","52","1","100.64.0.5","48192","23.453304000","0","385249","5000","23.509872000"
"9783","14:42:50.533954","100","386209","172.26.191.172","5000","23.453314000","48","1","48192","23.509882000"
"9784","14:42:50.533956","100","386257","172.26.191.172","5000","23.453316000","48","1","48192","23.509884000"
"9785","14:42:50.533962","100","386305","172.26.191.172","5000","23.453322000","48","1","48192","23.509890000"
"9786","14:42:50.533964","100","386353","172.26.191.172","5000","23.453324000","48","1","48192","23.509892000"
"9787","14:42:50.533971","100","386401","172.26.191.172","5000","23.453331000","48","1","48192","23.509899000"
"9788","14:42:50.533972","100","386449","172.26.191.172","5000","23.453332000","48","1","48192","23.509900000"
"9789","14:42:50.564441","52","1","100.64.0.5","48192","23.483801000","0","385537","5000","23.540369000"
"9790","14:42:50.564481","100","386497","172.26.191.172","5000","23.483841000","48","1","48192","23.540409000"
"9791","14:42:50.564492","100","386545","172.26.191.172","5000","23.483852000","48","1","48192","23.540420000"
"9792","14:42:50.564503","100","386593","172.26.191.172","5000","23.483863000","48","1","48192","23.540431000"
"9793","14:42:50.564504","100","386641","172.26.191.172","5000","23.483864000","48","1","48192","23.540432000"
"9794","14:42:50.564511","100","386689","172.26.191.172","5000","23.483871000","48","1","48192","23.540439000"
"9795","14:42:50.564512","100","386737","172.26.191.172","5000","23.483872000","48","1","48192","23.540440000"
"9796","14:42:50.564525","52","1","100.64.0.5","48192","23.483885000","0","385825","5000","23.540453000"
"9797","14:42:50.564537","100","386785","172.26.191.172","5000","23.483897000","48","1","48192","23.540465000"
"9798","14:42:50.564538","100","386833","172.26.191.172","5000","23.483898000","48","1","48192","23.540466000"
"9799","14:42:50.564545","100","386881","172.26.191.172","5000","23.483905000","48","1","48192","23.540473000"
"9800","14:42:50.564547","100","386929","172.26.191.172","5000","23.483907000","48","1","48192","23.540475000"
"9801","14:42:50.564553","100","386977","172.26.191.172","5000","23.483913000","48","1","48192","23.540481000"
"9802","14:42:50.564554","100","387025","172.26.191.172","5000","23.483914000","48","1","48192","23.540482000"
"9803","14:42:50.594666","52","1","100.64.0.5","48192","23.514026000","0","385921","5000","23.570594000"
"9804","14:42:50.594704","100","387073","172.26.191.172","5000","23.514064000","48","1","48192","23.570632000"
"9805","14:42:50.594713","100","387121","172.26.191.172","5000","23.514073000","48","1","48192","23.570641000"
"9806","14:42:50.594723","100","387169","172.26.191.172","5000","23.514083000","48","1","48192","23.570651000"
"9807","14:42:50.594725","100","387217","172.26.191.172","5000","23.514085000","48","1","48192","23.570653000"
"9808","14:42:50.624718","52","1","100.64.0.5","48192","23.544078000","0","386209","5000","23.600646000"
"9809","14:42:50.624759","100","387265","172.26.191.172","5000","23.544119000","48","1","48192","23.600687000"
"9810","14:42:50.624768","100","387313","172.26.191.172","5000","23.544128000","48","1","48192","23.600696000"
"9811","14:42:50.624779","100","387361","172.26.191.172","5000","23.544139000","48","1","48192","23.600707000"
"9812","14:42:50.624781","100","387409","172.26.191.172","5000","23.544141000","48","1","48192","23.600709000"
"9813","14:42:50.624788","100","387457","172.26.191.172","5000","23.544148000","48","1","48192","23.600716000"
"9814","14:42:50.624790","100","387505","172.26.191.172","5000","23.544150000","48","1","48192","23.600718000"
"9815","14:42:50.624801","52","1","100.64.0.5","48192","23.544161000","0","386497","5000","23.600729000"
"9816","14:42:50.624812","100","387553","172.26.191.172","5000","23.544172000","48","1","48192","23.600740000"
"9817","14:42:50.624814","100","387601","172.26.191.172","5000","23.544174000","48","1","48192","23.600742000"
"9818","14:42:50.624821","100","387649","172.26.191.172","5000","23.544181000","48","1","48192","23.600749000"
"9819","14:42:50.624822","100","387697","172.26.191.172","5000","23.544182000","48","1","48192","23.600750000"
"9820","14:42:50.624827","100","387745","172.26.191.172","5000","23.544187000","48","1","48192","23.600755000"
"9821","14:42:50.624829","100","387793","172.26.191.172","5000","23.544189000","48","1","48192","23.600757000"
"9822","14:42:50.655479","52","1","100.64.0.5","48192","23.574839000","0","386785","5000","23.631407000"
"9823","14:42:50.655518","100","387841","172.26.191.172","5000","23.574878000","48","1","48192","23.631446000"
"9824","14:42:50.655526","100","387889","172.26.191.172","5000","23.574886000","48","1","48192","23.631454000"
"9825","14:42:50.655537","100","387937","172.26.191.172","5000","23.574897000","48","1","48192","23.631465000"
"9826","14:42:50.655539","100","387985","172.26.191.172","5000","23.574899000","48","1","48192","23.631467000"
"9827","14:42:50.655545","100","388033","172.26.191.172","5000","23.574905000","48","1","48192","23.631473000"
"9828","14:42:50.655547","100","388081","172.26.191.172","5000","23.574907000","48","1","48192","23.631475000"
"9829","14:42:50.655558","52","1","100.64.0.5","48192","23.574918000","0","387073","5000","23.631486000"
"9830","14:42:50.655568","100","388129","172.26.191.172","5000","23.574928000","48","1","48192","23.631496000"
"9831","14:42:50.655570","100","388177","172.26.191.172","5000","23.574930000","48","1","48192","23.631498000"
"9832","14:42:50.655578","100","388225","172.26.191.172","5000","23.574938000","48","1","48192","23.631506000"
"9833","14:42:50.655580","100","388273","172.26.191.172","5000","23.574940000","48","1","48192","23.631508000"
"9834","14:42:50.655586","100","388321","172.26.191.172","5000","23.574946000","48","1","48192","23.631514000"
"9835","14:42:50.655587","100","388369","172.26.191.172","5000","23.574947000","48","1","48192","23.631515000"
"9836","14:42:50.686371","52","1","100.64.0.5","48192","23.605731000","0","387265","5000","23.662299000"
"9837","14:42:50.686408","100","388417","172.26.191.172","5000","23.605768000","48","1","48192","23.662336000"
"9838","14:42:50.686419","100","388465","172.26.191.172","5000","23.605779000","48","1","48192","23.662347000"
"9839","14:42:50.686429","100","388513","172.26.191.172","5000","23.605789000","48","1","48192","23.662357000"
"9840","14:42:50.686431","100","388561","172.26.191.172","5000","23.605791000","48","1","48192","23.662359000"
"9841","14:42:50.716354","52","1","100.64.0.5","48192","23.635714000","0","387553","5000","23.692282000"
"9842","14:42:50.716390","100","388609","172.26.191.172","5000","23.635750000","48","1","48192","23.692318000"
"9843","14:42:50.716398","100","388657","172.26.191.172","5000","23.635758000","48","1","48192","23.692326000"
"9844","14:42:50.716409","100","388705","172.26.191.172","5000","23.635769000","48","1","48192","23.692337000"
"9845","14:42:50.716411","100","388753","172.26.191.172","5000","23.635771000","48","1","48192","23.692339000"
"9846","14:42:50.716417","100","388801","172.26.191.172","5000","23.635777000","48","1","48192","23.692345000"
"9847","14:42:50.716418","100","388849","172.26.191.172","5000","23.635778000","48","1","48192","23.692346000"
"9848","14:42:50.716430","52","1","100.64.0.5","48192","23.635790000","0","387841","5000","23.692358000"
"9849","14:42:50.716441","100","388897","172.26.191.172","5000","23.635801000","48","1","48192","23.692369000"
"9850","14:42:50.716443","100","388945","172.26.191.172","5000","23.635803000","48","1","48192","23.692371000"
"9851","14:42:50.716450","100","388993","172.26.191.172","5000","23.635810000","48","1","48192","23.692378000"
"9852","14:42:50.716451","100","389041","172.26.191.172","5000","23.635811000","48","1","48192","23.692379000"
"9853","14:42:50.716459","100","389089","172.26.191.172","5000","23.635819000","48","1","48192","23.692387000"
"9854","14:42:50.716460","100","389137","172.26.191.172","5000","23.635820000","48","1","48192","23.692388000"
"9855","14:42:50.746662","52","1","100.64.0.5","48192","23.666022000","0","388129","5000","23.722590000"
"9856","14:42:50.746702","100","389185","172.26.191.172","5000","23.666062000","48","1","48192","23.722630000"
"9857","14:42:50.746711","100","389233","172.26.191.172","5000","23.666071000","48","1","48192","23.722639000"
"9858","14:42:50.746721","100","389281","172.26.191.172","5000","23.666081000","48","1","48192","23.722649000"
"9859","14:42:50.746723","100","389329","172.26.191.172","5000","23.666083000","48","1","48192","23.722651000"
"9860","14:42:50.746729","100","389377","172.26.191.172","5000","23.666089000","48","1","48192","23.722657000"
"9861","14:42:50.746730","100","389425","172.26.191.172","5000","23.666090000","48","1","48192","23.722658000"
"9862","14:42:50.746742","52","1","100.64.0.5","48192","23.666102000","0","388177","5000","23.722670000"
"9863","14:42:50.746752","100","389473","172.26.191.172","5000","23.666112000","48","1","48192","23.722680000"
"9864","14:42:50.746754","100","389521","172.26.191.172","5000","23.666114000","48","1","48192","23.722682000"
"9865","14:42:50.746761","52","1","100.64.0.5","48192","23.666121000","0","388369","5000","23.722689000"
"9866","14:42:50.746771","100","389569","172.26.191.172","5000","23.666131000","48","1","48192","23.722699000"
"9867","14:42:50.746772","100","389617","172.26.191.172","5000","23.666132000","48","1","48192","23.722700000"
"9868","14:42:50.746778","100","389665","172.26.191.172","5000","23.666138000","48","1","48192","23.722706000"
"9869","14:42:50.746780","100","389713","172.26.191.172","5000","23.666140000","48","1","48192","23.722708000"
"9870","14:42:50.746786","52","1","100.64.0.5","48192","23.666146000","0","388417","5000","23.722714000"
"9871","14:42:50.777358","52","1","100.64.0.5","48192","23.696718000","0","388609","5000","23.753286000"
"9872","14:42:50.777397","100","389761","172.26.191.172","5000","23.696757000","48","1","48192","23.753325000"
"9873","14:42:50.777405","100","389809","172.26.191.172","5000","23.696765000","48","1","48192","23.753333000"
"9874","14:42:50.777416","100","389857","172.26.191.172","5000","23.696776000","48","1","48192","23.753344000"
"9875","14:42:50.777418","100","389905","172.26.191.172","5000","23.696778000","48","1","48192","23.753346000"
"9876","14:42:50.807167","52","1","100.64.0.5","48192","23.726527000","0","388897","5000","23.783095000"
"9877","14:42:50.807207","100","389953","172.26.191.172","5000","23.726567000","48","1","48192","23.783135000"
"9878","14:42:50.807217","100","390001","172.26.191.172","5000","23.726577000","48","1","48192","23.783145000"
"9879","14:42:50.807228","100","390049","172.26.191.172","5000","23.726588000","48","1","48192","23.783156000"
"9880","14:42:50.807229","100","390097","172.26.191.172","5000","23.726589000","48","1","48192","23.783157000"
"9881","14:42:50.807235","100","390145","172.26.191.172","5000","23.726595000","48","1","48192","23.783163000"
"9882","14:42:50.807237","100","390193","172.26.191.172","5000","23.726597000","48","1","48192","23.783165000"
"9883","14:42:50.807242","100","390241","172.26.191.172","5000","23.726602000","48","1","48192","23.783170000"
"9884","14:42:50.807244","100","390289","172.26.191.172","5000","23.726604000","48","1","48192","23.783172000"
"9885","14:42:50.807255","52","1","100.64.0.5","48192","23.726615000","0","389185","5000","23.783183000"
"9886","14:42:50.807267","100","390337","172.26.191.172","5000","23.726627000","48","1","48192","23.783195000"
"9887","14:42:50.807268","100","390385","172.26.191.172","5000","23.726628000","48","1","48192","23.783196000"
"9888","14:42:50.807275","100","390433","172.26.191.172","5000","23.726635000","48","1","48192","23.783203000"
"9889","14:42:50.807276","100","390481","172.26.191.172","5000","23.726636000","48","1","48192","23.783204000"
"9890","14:42:50.807282","100","390529","172.26.191.172","5000","23.726642000","48","1","48192","23.783210000"
"9891","14:42:50.807283","100","390577","172.26.191.172","5000","23.726643000","48","1","48192","23.783211000"
"9892","14:42:50.836640","52","1","100.64.0.5","48192","23.756000000","0","389473","5000","23.812568000"
"9893","14:42:50.836680","100","390625","172.26.191.172","5000","23.756040000","48","1","48192","23.812608000"
"9894","14:42:50.836690","100","390673","172.26.191.172","5000","23.756050000","48","1","48192","23.812618000"
"9895","14:42:50.836700","100","390721","172.26.191.172","5000","23.756060000","48","1","48192","23.812628000"
"9896","14:42:50.836702","100","390769","172.26.191.172","5000","23.756062000","48","1","48192","23.812630000"
"9897","14:42:50.836708","100","390817","172.26.191.172","5000","23.756068000","48","1","48192","23.812636000"
"9898","14:42:50.836709","100","390865","172.26.191.172","5000","23.756069000","48","1","48192","23.812637000"
"9899","14:42:50.836721","52","1","100.64.0.5","48192","23.756081000","0","389761","5000","23.812649000"
"9900","14:42:50.836732","100","390913","172.26.191.172","5000","23.756092000","48","1","48192","23.812660000"
"9901","14:42:50.836733","100","390961","172.26.191.172","5000","23.756093000","48","1","48192","23.812661000"
"9902","14:42:50.836740","100","391009","172.26.191.172","5000","23.756100000","48","1","48192","23.812668000"
"9903","14:42:50.836742","100","391057","172.26.191.172","5000","23.756102000","48","1","48192","23.812670000"
"9904","14:42:50.836749","100","391105","172.26.191.172","5000","23.756109000","48","1","48192","23.812677000"
"9905","14:42:50.836751","100","391153","172.26.191.172","5000","23.756111000","48","1","48192","23.812679000"
"9906","14:42:50.867544","52","1","100.64.0.5","48192","23.786904000","0","389953","5000","23.843472000"
"9907","14:42:50.867579","100","391201","172.26.191.172","5000","23.786939000","48","1","48192","23.843507000"
"9908","14:42:50.867589","100","391249","172.26.191.172","5000","23.786949000","48","1","48192","23.843517000"
"9909","14:42:50.867601","100","391297","172.26.191.172","5000","23.786961000","48","1","48192","23.843529000"
"9910","14:42:50.867602","100","391345","172.26.191.172","5000","23.786962000","48","1","48192","23.843530000"
"9911","14:42:50.898389","52","1","100.64.0.5","48192","23.817749000","0","390241","5000","23.874317000"
"9912","14:42:50.898429","100","391393","172.26.191.172","5000","23.817789000","48","1","48192","23.874357000"
"9913","14:42:50.898438","100","391441","172.26.191.172","5000","23.817798000","48","1","48192","23.874366000"
"9914","14:42:50.898448","100","391489","172.26.191.172","5000","23.817808000","48","1","48192","23.874376000"
"9915","14:42:50.898450","100","391537","172.26.191.172","5000","23.817810000","48","1","48192","23.874378000"
"9916","14:42:50.898456","100","391585","172.26.191.172","5000","23.817816000","48","1","48192","23.874384000"
"9917","14:42:50.898457","100","391633","172.26.191.172","5000","23.817817000","48","1","48192","23.874385000"
"9918","14:42:50.898469","52","1","100.64.0.5","48192","23.817829000","0","390289","5000","23.874397000"
"9919","14:42:50.898479","100","391681","172.26.191.172","5000","23.817839000","48","1","48192","23.874407000"
"9920","14:42:50.898480","100","391729","172.26.191.172","5000","23.817840000","48","1","48192","23.874408000"
"9921","14:42:50.898487","52","1","100.64.0.5","48192","23.817847000","0","390625","5000","23.874415000"
"9922","14:42:50.898500","100","391777","172.26.191.172","5000","23.817860000","48","1","48192","23.874428000"
"9923","14:42:50.898501","100","391825","172.26.191.172","5000","23.817861000","48","1","48192","23.874429000"
"9924","14:42:50.898507","100","391873","172.26.191.172","5000","23.817867000","48","1","48192","23.874435000"
"9925","14:42:50.898508","100","391921","172.26.191.172","5000","23.817868000","48","1","48192","23.874436000"
"9926","14:42:50.898516","100","391969","172.26.191.172","5000","23.817876000","48","1","48192","23.874444000"
"9927","14:42:50.898518","100","392017","172.26.191.172","5000","23.817878000","48","1","48192","23.874446000"
"9928","14:42:50.928069","52","1","100.64.0.5","48192","23.847429000","0","390913","5000","23.903997000"
"9929","14:42:50.928114","100","392065","172.26.191.172","5000","23.847474000","48","1","48192","23.904042000"
"9930","14:42:50.928125","100","392113","172.26.191.172","5000","23.847485000","48","1","48192","23.904053000"
"9931","14:42:50.928139","100","392161","172.26.191.172","5000","23.847499000","48","1","48192","23.904067000"
"9932","14:42:50.928140","100","392209","172.26.191.172","5000","23.847500000","48","1","48192","23.904068000"
"9933","14:42:50.928147","100","392257","172.26.191.172","5000","23.847507000","48","1","48192","23.904075000"
"9934","14:42:50.928149","100","392305","172.26.191.172","5000","23.847509000","48","1","48192","23.904077000"
"9935","14:42:50.928161","52","1","100.64.0.5","48192","23.847521000","0","391201","5000","23.904089000"
"9936","14:42:50.928173","100","392353","172.26.191.172","5000","23.847533000","48","1","48192","23.904101000"
"9937","14:42:50.928175","100","392401","172.26.191.172","5000","23.847535000","48","1","48192","23.904103000"
"9938","14:42:50.928182","100","392449","172.26.191.172","5000","23.847542000","48","1","48192","23.904110000"
"9939","14:42:50.928184","100","392497","172.26.191.172","5000","23.847544000","48","1","48192","23.904112000"
"9940","14:42:50.928190","100","392545","172.26.191.172","5000","23.847550000","48","1","48192","23.904118000"
"9941","14:42:50.928191","100","392593","172.26.191.172","5000","23.847551000","48","1","48192","23.904119000"
"9942","14:42:50.958514","52","1","100.64.0.5","48192","23.877874000","0","391393","5000","23.934442000"
"9943","14:42:50.958551","100","392641","172.26.191.172","5000","23.877911000","48","1","48192","23.934479000"
"9944","14:42:50.958563","100","392689","172.26.191.172","5000","23.877923000","48","1","48192","23.934491000"
"9945","14:42:50.958575","100","392737","172.26.191.172","5000","23.877935000","48","1","48192","23.934503000"
"9946","14:42:50.958576","100","392785","172.26.191.172","5000","23.877936000","48","1","48192","23.934504000"
"9947","14:42:50.988641","52","1","100.64.0.5","48192","23.908001000","0","391681","5000","23.964569000"
"9948","14:42:50.988681","100","392833","172.26.191.172","5000","23.908041000","48","1","48192","23.964609000"
"9949","14:42:50.988693","100","392881","172.26.191.172","5000","23.908053000","48","1","48192","23.964621000"
"9950","14:42:50.988705","100","392929","172.26.191.172","5000","23.908065000","48","1","48192","23.964633000"
"9951","14:42:50.988706","100","392977","172.26.191.172","5000","23.908066000","48","1","48192","23.964634000"
"9952","14:42:50.988712","100","393025","172.26.191.172","5000","23.908072000","48","1","48192","23.964640000"
"9953","14:42:50.988713","100","393073","172.26.191.172","5000","23.908073000","48","1","48192","23.964641000"
"9954","14:42:50.988719","100","393121","172.26.191.172","5000","23.908079000","48","1","48192","23.964647000"
"9955","14:42:50.988721","100","393169","172.26.191.172","5000","23.908081000","48","1","48192","23.964649000"
"9956","14:42:50.988733","52","1","100.64.0.5","48192","23.908093000","0","391969","5000","23.964661000"
"9957","14:42:50.988746","100","393217","172.26.191.172","5000","23.908106000","48","1","48192","23.964674000"
"9958","14:42:50.988747","100","393265","172.26.191.172","5000","23.908107000","48","1","48192","23.964675000"
"9959","14:42:50.988753","100","393313","172.26.191.172","5000","23.908113000","48","1","48192","23.964681000"
"9960","14:42:50.988755","100","393361","172.26.191.172","5000","23.908115000","48","1","48192","23.964683000"
"9961","14:42:50.988760","100","393409","172.26.191.172","5000","23.908120000","48","1","48192","23.964688000"
"9962","14:42:50.988761","100","393457","172.26.191.172","5000","23.908121000","48","1","48192","23.964689000"
"9963","14:42:50.988767","52","1","100.64.0.5","48192","23.908127000","0","392065","5000","23.964695000"
"9964","14:42:50.988776","100","393505","172.26.191.172","5000","23.908136000","48","1","48192","23.964704000"
"9965","14:42:50.988777","100","393553","172.26.191.172","5000","23.908137000","48","1","48192","23.964705000"
"9966","14:42:51.018835","52","1","100.64.0.5","48192","23.938195000","0","392353","5000","23.994763000"
"9967","14:42:51.018877","100","393601","172.26.191.172","5000","23.938237000","48","1","48192","23.994805000"
"9968","14:42:51.018886","100","393649","172.26.191.172","5000","23.938246000","48","1","48192","23.994814000"
"9969","14:42:51.018896","100","393697","172.26.191.172","5000","23.938256000","48","1","48192","23.994824000"
"9970","14:42:51.018898","100","393745","172.26.191.172","5000","23.938258000","48","1","48192","23.994826000"
"9971","14:42:51.018904","100","393793","172.26.191.172","5000","23.938264000","48","1","48192","23.994832000"
"9972","14:42:51.018905","100","393841","172.26.191.172","5000","23.938265000","48","1","48192","23.994833000"
"9973","14:42:51.018917","52","1","100.64.0.5","48192","23.938277000","0","392641","5000","23.994845000"
"9974","14:42:51.018929","100","393889","172.26.191.172","5000","23.938289000","48","1","48192","23.994857000"
"9975","14:42:51.018931","100","393937","172.26.191.172","5000","23.938291000","48","1","48192","23.994859000"
"9976","14:42:51.018938","100","393985","172.26.191.172","5000","23.938298000","48","1","48192","23.994866000"
"9977","14:42:51.018939","100","394033","172.26.191.172","5000","23.938299000","48","1","48192","23.994867000"
"9978","14:42:51.018946","100","394081","172.26.191.172","5000","23.938306000","48","1","48192","23.994874000"
"9979","14:42:51.018947","100","394129","172.26.191.172","5000","23.938307000","48","1","48192","23.994875000"
"9980","14:42:51.048488","52","1","100.64.0.5","48192","23.967848000","0","392833","5000","24.024416000"
"9981","14:42:51.048528","100","394177","172.26.191.172","5000","23.967888000","48","1","48192","24.024456000"
"9982","14:42:51.048538","100","394225","172.26.191.172","5000","23.967898000","48","1","48192","24.024466000"
"9983","14:42:51.048550","100","394273","172.26.191.172","5000","23.967910000","48","1","48192","24.024478000"
"9984","14:42:51.048551","100","394321","172.26.191.172","5000","23.967911000","48","1","48192","24.024479000"
"9985","14:42:51.080415","52","1","100.64.0.5","48192","23.999775000","0","393121","5000","24.056343000"
"9986","14:42:51.080455","100","394369","172.26.191.172","5000","23.999815000","48","1","48192","24.056383000"
"9987","14:42:51.080464","100","394417","172.26.191.172","5000","23.999824000","48","1","48192","24.056392000"
"9988","14:42:51.080475","100","394465","172.26.191.172","5000","23.999835000","48","1","48192","24.056403000"
"9989","14:42:51.080476","100","394513","172.26.191.172","5000","23.999836000","48","1","48192","24.056404000"
"9990","14:42:51.080482","100","394561","172.26.191.172","5000","23.999842000","48","1","48192","24.056410000"
"9991","14:42:51.080483","100","394609","172.26.191.172","5000","23.999843000","48","1","48192","24.056411000"
"9992","14:42:51.080495","52","1","100.64.0.5","48192","23.999855000","0","393409","5000","24.056423000"
"9993","14:42:51.080509","100","394657","172.26.191.172","5000","23.999869000","48","1","48192","24.056437000"
"9994","14:42:51.080511","100","394705","172.26.191.172","5000","23.999871000","48","1","48192","24.056439000"
"9995","14:42:51.080518","100","394753","172.26.191.172","5000","23.999878000","48","1","48192","24.056446000"
"9996","14:42:51.080520","100","394801","172.26.191.172","5000","23.999880000","48","1","48192","24.056448000"
"9997","14:42:51.080525","100","394849","172.26.191.172","5000","23.999885000","48","1","48192","24.056453000"
"9998","14:42:51.080526","100","394897","172.26.191.172","5000","23.999886000","48","1","48192","24.056454000"
"9999","14:42:51.080533","52","1","100.64.0.5","48192","23.999893000","0","393505","5000","24.056461000"
"10000","14:42:51.080542","100","394945","172.26.191.172","5000","23.999902000","48","1","48192","24.056470000"
"10001","14:42:51.080543","100","394993","172.26.191.172","5000","23.999903000","48","1","48192","24.056471000"
"10002","14:42:51.110302","52","1","100.64.0.5","48192","24.029662000","0","393793","5000","24.086230000"
"10003","14:42:51.110341","100","395041","172.26.191.172","5000","24.029701000","48","1","48192","24.086269000"
"10004","14:42:51.110350","100","395089","172.26.191.172","5000","24.029710000","48","1","48192","24.086278000"
"10005","14:42:51.110360","100","395137","172.26.191.172","5000","24.029720000","48","1","48192","24.086288000"
"10006","14:42:51.110362","100","395185","172.26.191.172","5000","24.029722000","48","1","48192","24.086290000"
"10007","14:42:51.110368","100","395233","172.26.191.172","5000","24.029728000","48","1","48192","24.086296000"
"10008","14:42:51.110369","100","395281","172.26.191.172","5000","24.029729000","48","1","48192","24.086297000"
"10009","14:42:51.110380","52","1","100.64.0.5","48192","24.029740000","0","394081","5000","24.086308000"
"10010","14:42:51.110391","100","395329","172.26.191.172","5000","24.029751000","48","1","48192","24.086319000"
"10011","14:42:51.110392","100","395377","172.26.191.172","5000","24.029752000","48","1","48192","24.086320000"
"10012","14:42:51.110399","100","395425","172.26.191.172","5000","24.029759000","48","1","48192","24.086327000"
"10013","14:42:51.110400","100","395473","172.26.191.172","5000","24.029760000","48","1","48192","24.086328000"
"10014","14:42:51.110408","100","395521","172.26.191.172","5000","24.029768000","48","1","48192","24.086336000"
"10015","14:42:51.110409","100","395569","172.26.191.172","5000","24.029769000","48","1","48192","24.086337000"
"10016","14:42:51.110416","52","1","100.64.0.5","48192","24.029776000","0","394177","5000","24.086344000"
"10017","14:42:51.110425","100","395617","172.26.191.172","5000","24.029785000","48","1","48192","24.086353000"
"10018","14:42:51.110426","100","395665","172.26.191.172","5000","24.029786000","48","1","48192","24.086354000"
"10019","14:42:51.140465","52","1","100.64.0.5","48192","24.059825000","0","394369","5000","24.116393000"
"10020","14:42:51.140505","100","395713","172.26.191.172","5000","24.059865000","48","1","48192","24.116433000"
"10021","14:42:51.140514","100","395761","172.26.191.172","5000","24.059874000","48","1","48192","24.116442000"
"10022","14:42:51.140525","100","395809","172.26.191.172","5000","24.059885000","48","1","48192","24.116453000"
"10023","14:42:51.140527","100","395857","172.26.191.172","5000","24.059887000","48","1","48192","24.116455000"
"10024","14:42:51.171546","52","1","100.64.0.5","48192","24.090906000","0","394657","5000","24.147474000"
"10025","14:42:51.171586","100","395905","172.26.191.172","5000","24.090946000","48","1","48192","24.147514000"
"10026","14:42:51.171595","100","395953","172.26.191.172","5000","24.090955000","48","1","48192","24.147523000"
"10027","14:42:51.171606","100","396001","172.26.191.172","5000","24.090966000","48","1","48192","24.147534000"
"10028","14:42:51.171607","100","396049","172.26.191.172","5000","24.090967000","48","1","48192","24.147535000"
"10029","14:42:51.171615","100","396097","172.26.191.172","5000","24.090975000","48","1","48192","24.147543000"
"10030","14:42:51.171617","100","396145","172.26.191.172","5000","24.090977000","48","1","48192","24.147545000"
"10031","14:42:51.171628","52","1","100.64.0.5","48192","24.090988000","0","394945","5000","24.147556000"
"10032","14:42:51.171640","100","396193","172.26.191.172","5000","24.091000000","48","1","48192","24.147568000"
"10033","14:42:51.171642","100","396241","172.26.191.172","5000","24.091002000","48","1","48192","24.147570000"
"10034","14:42:51.171648","100","396289","172.26.191.172","5000","24.091008000","48","1","48192","24.147576000"
"10035","14:42:51.171649","100","396337","172.26.191.172","5000","24.091009000","48","1","48192","24.147577000"
"10036","14:42:51.171656","100","396385","172.26.191.172","5000","24.091016000","48","1","48192","24.147584000"
"10037","14:42:51.171657","100","396433","172.26.191.172","5000","24.091017000","48","1","48192","24.147585000"
"10038","14:42:51.171663","100","396481","172.26.191.172","5000","24.091023000","48","1","48192","24.147591000"
"10039","14:42:51.171665","100","396529","172.26.191.172","5000","24.091025000","48","1","48192","24.147593000"
"10040","14:42:51.171671","52","1","100.64.0.5","48192","24.091031000","0","395041","5000","24.147599000"
"10041","14:42:51.171680","100","396577","172.26.191.172","5000","24.091040000","48","1","48192","24.147608000"
"10042","14:42:51.171681","100","396625","172.26.191.172","5000","24.091041000","48","1","48192","24.147609000"
"10043","14:42:51.201661","52","1","100.64.0.5","48192","24.121021000","0","395329","5000","24.177589000"
"10044","14:42:51.201702","100","396673","172.26.191.172","5000","24.121062000","48","1","48192","24.177630000"
"10045","14:42:51.201710","100","396721","172.26.191.172","5000","24.121070000","48","1","48192","24.177638000"
"10046","14:42:51.201723","100","396769","172.26.191.172","5000","24.121083000","48","1","48192","24.177651000"
"10047","14:42:51.201724","100","396817","172.26.191.172","5000","24.121084000","48","1","48192","24.177652000"
"10048","14:42:51.201730","100","396865","172.26.191.172","5000","24.121090000","48","1","48192","24.177658000"
"10049","14:42:51.201732","100","396913","172.26.191.172","5000","24.121092000","48","1","48192","24.177660000"
"10050","14:42:51.201744","52","1","100.64.0.5","48192","24.121104000","0","395617","5000","24.177672000"
"10051","14:42:51.201755","100","396961","172.26.191.172","5000","24.121115000","48","1","48192","24.177683000"
"10052","14:42:51.201756","100","397009","172.26.191.172","5000","24.121116000","48","1","48192","24.177684000"
"10053","14:42:51.201763","100","397057","172.26.191.172","5000","24.121123000","48","1","48192","24.177691000"
"10054","14:42:51.201764","100","397105","172.26.191.172","5000","24.121124000","48","1","48192","24.177692000"
"10055","14:42:51.201770","100","397153","172.26.191.172","5000","24.121130000","48","1","48192","24.177698000"
"10056","14:42:51.201771","100","397201","172.26.191.172","5000","24.121131000","48","1","48192","24.177699000"
"10057","14:42:51.201777","52","1","100.64.0.5","48192","24.121137000","0","395713","5000","24.177705000"
"10058","14:42:51.201785","100","397249","172.26.191.172","5000","24.121145000","48","1","48192","24.177713000"
"10059","14:42:51.201787","100","397297","172.26.191.172","5000","24.121147000","48","1","48192","24.177715000"
"10060","14:42:51.231086","52","1","100.64.0.5","48192","24.150446000","0","395905","5000","24.207014000"
"10061","14:42:51.231126","100","397345","172.26.191.172","5000","24.150486000","48","1","48192","24.207054000"
"10062","14:42:51.231135","100","397393","172.26.191.172","5000","24.150495000","48","1","48192","24.207063000"
"10063","14:42:51.231146","100","397441","172.26.191.172","5000","24.150506000","48","1","48192","24.207074000"
"10064","14:42:51.231147","100","397489","172.26.191.172","5000","24.150507000","48","1","48192","24.207075000"
"10065","14:42:51.260635","52","1","100.64.0.5","48192","24.179995000","0","396193","5000","24.236563000"
"10066","14:42:51.260674","100","397537","172.26.191.172","5000","24.180034000","48","1","48192","24.236602000"
"10067","14:42:51.260683","100","397585","172.26.191.172","5000","24.180043000","48","1","48192","24.236611000"
"10068","14:42:51.260693","100","397633","172.26.191.172","5000","24.180053000","48","1","48192","24.236621000"
"10069","14:42:51.260695","100","397681","172.26.191.172","5000","24.180055000","48","1","48192","24.236623000"
"10070","14:42:51.260701","100","397729","172.26.191.172","5000","24.180061000","48","1","48192","24.236629000"
"10071","14:42:51.260703","100","397777","172.26.191.172","5000","24.180063000","48","1","48192","24.236631000"
"10072","14:42:51.260714","52","1","100.64.0.5","48192","24.180074000","0","396481","5000","24.236642000"
"10073","14:42:51.260728","100","397825","172.26.191.172","5000","24.180088000","48","1","48192","24.236656000"
"10074","14:42:51.260730","100","397873","172.26.191.172","5000","24.180090000","48","1","48192","24.236658000"
"10075","14:42:51.260736","100","397921","172.26.191.172","5000","24.180096000","48","1","48192","24.236664000"
"10076","14:42:51.260738","100","397969","172.26.191.172","5000","24.180098000","48","1","48192","24.236666000"
"10077","14:42:51.260743","100","398017","172.26.191.172","5000","24.180103000","48","1","48192","24.236671000"
"10078","14:42:51.260744","100","398065","172.26.191.172","5000","24.180104000","48","1","48192","24.236672000"
"10079","14:42:51.260751","52","1","100.64.0.5","48192","24.180111000","0","396577","5000","24.236679000"
"10080","14:42:51.260759","100","398113","172.26.191.172","5000","24.180119000","48","1","48192","24.236687000"
"10081","14:42:51.260761","100","398161","172.26.191.172","5000","24.180121000","48","1","48192","24.236689000"
"10082","14:42:51.292323","52","1","100.64.0.5","48192","24.211683000","0","396865","5000","24.268251000"
"10083","14:42:51.292375","100","398209","172.26.191.172","5000","24.211735000","48","1","48192","24.268303000"
"10084","14:42:51.292384","100","398257","172.26.191.172","5000","24.211744000","48","1","48192","24.268312000"
"10085","14:42:51.292395","100","398305","172.26.191.172","5000","24.211755000","48","1","48192","24.268323000"
"10086","14:42:51.292396","100","398353","172.26.191.172","5000","24.211756000","48","1","48192","24.268324000"
"10087","14:42:51.292402","100","398401","172.26.191.172","5000","24.211762000","48","1","48192","24.268330000"
"10088","14:42:51.292404","100","398449","172.26.191.172","5000","24.211764000","48","1","48192","24.268332000"
"10089","14:42:51.292424","52","1","100.64.0.5","48192","24.211784000","0","397153","5000","24.268352000"
"10090","14:42:51.292437","100","398497","172.26.191.172","5000","24.211797000","48","1","48192","24.268365000"
"10091","14:42:51.292439","100","398545","172.26.191.172","5000","24.211799000","48","1","48192","24.268367000"
"10092","14:42:51.292446","100","398593","172.26.191.172","5000","24.211806000","48","1","48192","24.268374000"
"10093","14:42:51.292447","100","398641","172.26.191.172","5000","24.211807000","48","1","48192","24.268375000"
"10094","14:42:51.292453","100","398689","172.26.191.172","5000","24.211813000","48","1","48192","24.268381000"
"10095","14:42:51.292454","100","398737","172.26.191.172","5000","24.211814000","48","1","48192","24.268382000"
"10096","14:42:51.292460","52","1","100.64.0.5","48192","24.211820000","0","397249","5000","24.268388000"
"10097","14:42:51.292469","100","398785","172.26.191.172","5000","24.211829000","48","1","48192","24.268397000"
"10098","14:42:51.292470","100","398833","172.26.191.172","5000","24.211830000","48","1","48192","24.268398000"
"10099","14:42:51.322487","52","1","100.64.0.5","48192","24.241847000","0","397537","5000","24.298415000"
"10100","14:42:51.322531","100","398881","172.26.191.172","5000","24.241891000","48","1","48192","24.298459000"
"10101","14:42:51.322541","100","398929","172.26.191.172","5000","24.241901000","48","1","48192","24.298469000"
"10102","14:42:51.322553","100","398977","172.26.191.172","5000","24.241913000","48","1","48192","24.298481000"
"10103","14:42:51.322555","100","399025","172.26.191.172","5000","24.241915000","48","1","48192","24.298483000"
"10104","14:42:51.322562","100","399073","172.26.191.172","5000","24.241922000","48","1","48192","24.298490000"
"10105","14:42:51.322564","100","399121","172.26.191.172","5000","24.241924000","48","1","48192","24.298492000"
"10106","14:42:51.352163","52","1","100.64.0.5","48192","24.271523000","0","397825","5000","24.328091000"
"10107","14:42:51.352202","100","399169","172.26.191.172","5000","24.271562000","48","1","48192","24.328130000"
"10108","14:42:51.352211","100","399217","172.26.191.172","5000","24.271571000","48","1","48192","24.328139000"
"10109","14:42:51.352222","100","399265","172.26.191.172","5000","24.271582000","48","1","48192","24.328150000"
"10110","14:42:51.352223","100","399313","172.26.191.172","5000","24.271583000","48","1","48192","24.328151000"
"10111","14:42:51.352229","100","399361","172.26.191.172","5000","24.271589000","48","1","48192","24.328157000"
"10112","14:42:51.352230","100","399409","172.26.191.172","5000","24.271590000","48","1","48192","24.328158000"
"10113","14:42:51.352243","52","1","100.64.0.5","48192","24.271603000","0","398113","5000","24.328171000"
"10114","14:42:51.352253","100","399457","172.26.191.172","5000","24.271613000","48","1","48192","24.328181000"
"10115","14:42:51.352255","100","399505","172.26.191.172","5000","24.271615000","48","1","48192","24.328183000"
"10116","14:42:51.352264","100","399553","172.26.191.172","5000","24.271624000","48","1","48192","24.328192000"
"10117","14:42:51.352265","100","399601","172.26.191.172","5000","24.271625000","48","1","48192","24.328193000"
"10118","14:42:51.352271","100","399649","172.26.191.172","5000","24.271631000","48","1","48192","24.328199000"
"10119","14:42:51.352272","100","399697","172.26.191.172","5000","24.271632000","48","1","48192","24.328200000"
"10120","14:42:51.352278","100","399745","172.26.191.172","5000","24.271638000","48","1","48192","24.328206000"
"10121","14:42:51.352279","100","399793","172.26.191.172","5000","24.271639000","48","1","48192","24.328207000"
"10122","14:42:51.352285","52","1","100.64.0.5","48192","24.271645000","0","398209","5000","24.328213000"
"10123","14:42:51.352293","100","399841","172.26.191.172","5000","24.271653000","48","1","48192","24.328221000"
"10124","14:42:51.352295","100","399889","172.26.191.172","5000","24.271655000","48","1","48192","24.328223000"
"10125","14:42:51.382890","52","1","100.64.0.5","48192","24.302250000","0","398497","5000","24.358818000"
"10126","14:42:51.382929","100","399937","172.26.191.172","5000","24.302289000","48","1","48192","24.358857000"
"10127","14:42:51.382937","100","399985","172.26.191.172","5000","24.302297000","48","1","48192","24.358865000"
"10128","14:42:51.382948","100","400033","172.26.191.172","5000","24.302308000","48","1","48192","24.358876000"
"10129","14:42:51.382950","100","400081","172.26.191.172","5000","24.302310000","48","1","48192","24.358878000"
"10130","14:42:51.382956","100","400129","172.26.191.172","5000","24.302316000","48","1","48192","24.358884000"
"10131","14:42:51.382958","100","400177","172.26.191.172","5000","24.302318000","48","1","48192","24.358886000"
"10132","14:42:51.382970","52","1","100.64.0.5","48192","24.302330000","0","398785","5000","24.358898000"
"10133","14:42:51.382980","100","400225","172.26.191.172","5000","24.302340000","48","1","48192","24.358908000"
"10134","14:42:51.382982","100","400273","172.26.191.172","5000","24.302342000","48","1","48192","24.358910000"
"10135","14:42:51.382991","100","400321","172.26.191.172","5000","24.302351000","48","1","48192","24.358919000"
"10136","14:42:51.382992","100","400369","172.26.191.172","5000","24.302352000","48","1","48192","24.358920000"
"10137","14:42:51.382999","100","400417","172.26.191.172","5000","24.302359000","48","1","48192","24.358927000"
"10138","14:42:51.383000","100","400465","172.26.191.172","5000","24.302360000","48","1","48192","24.358928000"
"10139","14:42:51.383006","52","1","100.64.0.5","48192","24.302366000","0","398881","5000","24.358934000"
"10140","14:42:51.383016","100","400513","172.26.191.172","5000","24.302376000","48","1","48192","24.358944000"
"10141","14:42:51.383017","100","400561","172.26.191.172","5000","24.302377000","48","1","48192","24.358945000"
"10142","14:42:51.413420","52","1","100.64.0.5","48192","24.332780000","0","399169","5000","24.389348000"
"10143","14:42:51.413459","100","400609","172.26.191.172","5000","24.332819000","48","1","48192","24.389387000"
"10144","14:42:51.413468","100","400657","172.26.191.172","5000","24.332828000","48","1","48192","24.389396000"
"10145","14:42:51.413479","100","400705","172.26.191.172","5000","24.332839000","48","1","48192","24.389407000"
"10146","14:42:51.413480","100","400753","172.26.191.172","5000","24.332840000","48","1","48192","24.389408000"
"10147","14:42:51.413486","100","400801","172.26.191.172","5000","24.332846000","48","1","48192","24.389414000"
"10148","14:42:51.413488","100","400849","172.26.191.172","5000","24.332848000","48","1","48192","24.389416000"
"10149","14:42:51.443252","52","1","100.64.0.5","48192","24.362612000","0","399457","5000","24.419180000"
"10150","14:42:51.443292","100","400897","172.26.191.172","5000","24.362652000","48","1","48192","24.419220000"
"10151","14:42:51.443300","100","400945","172.26.191.172","5000","24.362660000","48","1","48192","24.419228000"
"10152","14:42:51.443312","100","400993","172.26.191.172","5000","24.362672000","48","1","48192","24.419240000"
"10153","14:42:51.443313","100","401041","172.26.191.172","5000","24.362673000","48","1","48192","24.419241000"
"10154","14:42:51.443319","100","401089","172.26.191.172","5000","24.362679000","48","1","48192","24.419247000"
"10155","14:42:51.443321","100","401137","172.26.191.172","5000","24.362681000","48","1","48192","24.419249000"
"10156","14:42:51.443332","52","1","100.64.0.5","48192","24.362692000","0","399745","5000","24.419260000"
"10157","14:42:51.443344","100","401185","172.26.191.172","5000","24.362704000","48","1","48192","24.419272000"
"10158","14:42:51.443346","100","401233","172.26.191.172","5000","24.362706000","48","1","48192","24.419274000"
"10159","14:42:51.443356","100","401281","172.26.191.172","5000","24.362716000","48","1","48192","24.419284000"
"10160","14:42:51.443357","100","401329","172.26.191.172","5000","24.362717000","48","1","48192","24.419285000"
"10161","14:42:51.443364","100","401377","172.26.191.172","5000","24.362724000","48","1","48192","24.419292000"
"10162","14:42:51.443365","100","401425","172.26.191.172","5000","24.362725000","48","1","48192","24.419293000"
"10163","14:42:51.443372","52","1","100.64.0.5","48192","24.362732000","0","399841","5000","24.419300000"
"10164","14:42:51.443380","100","401473","172.26.191.172","5000","24.362740000","48","1","48192","24.419308000"
"10165","14:42:51.443382","100","401521","172.26.191.172","5000","24.362742000","48","1","48192","24.419310000"
"10166","14:42:51.474094","52","1","100.64.0.5","48192","24.393454000","0","400129","5000","24.450022000"
"10167","14:42:51.474134","100","401569","172.26.191.172","5000","24.393494000","48","1","48192","24.450062000"
"10168","14:42:51.474143","100","401617","172.26.191.172","5000","24.393503000","48","1","48192","24.450071000"
"10169","14:42:51.474155","100","401665","172.26.191.172","5000","24.393515000","48","1","48192","24.450083000"
"10170","14:42:51.474157","100","401713","172.26.191.172","5000","24.393517000","48","1","48192","24.450085000"
"10171","14:42:51.474163","100","401761","172.26.191.172","5000","24.393523000","48","1","48192","24.450091000"
"10172","14:42:51.474164","100","401809","172.26.191.172","5000","24.393524000","48","1","48192","24.450092000"
"10173","14:42:51.474176","52","1","100.64.0.5","48192","24.393536000","0","400417","5000","24.450104000"
"10174","14:42:51.474187","100","401857","172.26.191.172","5000","24.393547000","48","1","48192","24.450115000"
"10175","14:42:51.474188","100","401905","172.26.191.172","5000","24.393548000","48","1","48192","24.450116000"
"10176","14:42:51.474195","100","401953","172.26.191.172","5000","24.393555000","48","1","48192","24.450123000"
"10177","14:42:51.474197","100","402001","172.26.191.172","5000","24.393557000","48","1","48192","24.450125000"
"10178","14:42:51.474202","100","402049","172.26.191.172","5000","24.393562000","48","1","48192","24.450130000"
"10179","14:42:51.474203","100","402097","172.26.191.172","5000","24.393563000","48","1","48192","24.450131000"
"10180","14:42:51.474209","52","1","100.64.0.5","48192","24.393569000","0","400513","5000","24.450137000"
"10181","14:42:51.474218","100","402145","172.26.191.172","5000","24.393578000","48","1","48192","24.450146000"
"10182","14:42:51.474219","100","402193","172.26.191.172","5000","24.393579000","48","1","48192","24.450147000"
"10183","14:42:51.504022","52","1","100.64.0.5","48192","24.423382000","0","400801","5000","24.479950000"
"10184","14:42:51.504062","100","402241","172.26.191.172","5000","24.423422000","48","1","48192","24.479990000"
"10185","14:42:51.504071","100","402289","172.26.191.172","5000","24.423431000","48","1","48192","24.479999000"
"10186","14:42:51.504082","100","402337","172.26.191.172","5000","24.423442000","48","1","48192","24.480010000"
"10187","14:42:51.504083","100","402385","172.26.191.172","5000","24.423443000","48","1","48192","24.480011000"
"10188","14:42:51.504090","100","402433","172.26.191.172","5000","24.423450000","48","1","48192","24.480018000"
"10189","14:42:51.504091","100","402481","172.26.191.172","5000","24.423451000","48","1","48192","24.480019000"
"10190","14:42:51.504103","52","1","100.64.0.5","48192","24.423463000","0","400897","5000","24.480031000"
"10191","14:42:51.504112","100","402529","172.26.191.172","5000","24.423472000","48","1","48192","24.480040000"
"10192","14:42:51.504114","100","402577","172.26.191.172","5000","24.423474000","48","1","48192","24.480042000"
"10193","14:42:51.534549","52","1","100.64.0.5","48192","24.453909000","0","401185","5000","24.510477000"
"10194","14:42:51.534590","100","402625","172.26.191.172","5000","24.453950000","48","1","48192","24.510518000"
"10195","14:42:51.534598","100","402673","172.26.191.172","5000","24.453958000","48","1","48192","24.510526000"
"10196","14:42:51.534609","100","402721","172.26.191.172","5000","24.453969000","48","1","48192","24.510537000"
"10197","14:42:51.534611","100","402769","172.26.191.172","5000","24.453971000","48","1","48192","24.510539000"
"10198","14:42:51.534616","100","402817","172.26.191.172","5000","24.453976000","48","1","48192","24.510544000"
"10199","14:42:51.534618","100","402865","172.26.191.172","5000","24.453978000","48","1","48192","24.510546000"
"10200","14:42:51.534629","52","1","100.64.0.5","48192","24.453989000","0","401473","5000","24.510557000"
"10201","14:42:51.534642","100","402913","172.26.191.172","5000","24.454002000","48","1","48192","24.510570000"
"10202","14:42:51.534644","100","402961","172.26.191.172","5000","24.454004000","48","1","48192","24.510572000"
"10203","14:42:51.534650","100","403009","172.26.191.172","5000","24.454010000","48","1","48192","24.510578000"
"10204","14:42:51.534652","100","403057","172.26.191.172","5000","24.454012000","48","1","48192","24.510580000"
"10205","14:42:51.534658","100","403105","172.26.191.172","5000","24.454018000","48","1","48192","24.510586000"
"10206","14:42:51.534659","100","403153","172.26.191.172","5000","24.454019000","48","1","48192","24.510587000"
"10207","14:42:51.534666","52","1","100.64.0.5","48192","24.454026000","0","401569","5000","24.510594000"
"10208","14:42:51.534674","100","403201","172.26.191.172","5000","24.454034000","48","1","48192","24.510602000"
"10209","14:42:51.534675","100","403249","172.26.191.172","5000","24.454035000","48","1","48192","24.510603000"
"10210","14:42:51.534681","100","403297","172.26.191.172","5000","24.454041000","48","1","48192","24.510609000"
"10211","14:42:51.534682","100","403345","172.26.191.172","5000","24.454042000","48","1","48192","24.510610000"
"10212","14:42:51.564203","52","1","100.64.0.5","48192","24.483563000","0","401857","5000","24.540131000"
"10213","14:42:51.564244","100","403393","172.26.191.172","5000","24.483604000","48","1","48192","24.540172000"
"10214","14:42:51.564253","100","403441","172.26.191.172","5000","24.483613000","48","1","48192","24.540181000"
"10215","14:42:51.564263","100","403489","172.26.191.172","5000","24.483623000","48","1","48192","24.540191000"
"10216","14:42:51.564265","100","403537","172.26.191.172","5000","24.483625000","48","1","48192","24.540193000"
"10217","14:42:51.564271","100","403585","172.26.191.172","5000","24.483631000","48","1","48192","24.540199000"
"10218","14:42:51.564272","100","403633","172.26.191.172","5000","24.483632000","48","1","48192","24.540200000"
"10219","14:42:51.564284","52","1","100.64.0.5","48192","24.483644000","0","401953","5000","24.540212000"
"10220","14:42:51.564294","100","403681","172.26.191.172","5000","24.483654000","48","1","48192","24.540222000"
"10221","14:42:51.564296","100","403729","172.26.191.172","5000","24.483656000","48","1","48192","24.540224000"
"10222","14:42:51.564303","52","1","100.64.0.5","48192","24.483663000","0","402241","5000","24.540231000"
"10223","14:42:51.564315","100","403777","172.26.191.172","5000","24.483675000","48","1","48192","24.540243000"
"10224","14:42:51.564316","100","403825","172.26.191.172","5000","24.483676000","48","1","48192","24.540244000"
"10225","14:42:51.564323","100","403873","172.26.191.172","5000","24.483683000","48","1","48192","24.540251000"
"10226","14:42:51.564324","100","403921","172.26.191.172","5000","24.483684000","48","1","48192","24.540252000"
"10227","14:42:51.564332","100","403969","172.26.191.172","5000","24.483692000","48","1","48192","24.540260000"
"10228","14:42:51.564352","100","404017","172.26.191.172","5000","24.483712000","48","1","48192","24.540280000"
"10229","14:42:51.595595","52","1","100.64.0.5","48192","24.514955000","0","402529","5000","24.571523000"
"10230","14:42:51.595634","100","404065","172.26.191.172","5000","24.514994000","48","1","48192","24.571562000"
"10231","14:42:51.595643","100","404113","172.26.191.172","5000","24.515003000","48","1","48192","24.571571000"
"10232","14:42:51.595653","100","404161","172.26.191.172","5000","24.515013000","48","1","48192","24.571581000"
"10233","14:42:51.595655","100","404209","172.26.191.172","5000","24.515015000","48","1","48192","24.571583000"
"10234","14:42:51.595661","100","404257","172.26.191.172","5000","24.515021000","48","1","48192","24.571589000"
"10235","14:42:51.595662","100","404305","172.26.191.172","5000","24.515022000","48","1","48192","24.571590000"
"10236","14:42:51.595674","52","1","100.64.0.5","48192","24.515034000","0","402625","5000","24.571602000"
"10237","14:42:51.595684","100","404353","172.26.191.172","5000","24.515044000","48","1","48192","24.571612000"
"10238","14:42:51.595686","100","404401","172.26.191.172","5000","24.515046000","48","1","48192","24.571614000"
"10239","14:42:51.625411","52","1","100.64.0.5","48192","24.544771000","0","402913","5000","24.601339000"
"10240","14:42:51.625446","100","404449","172.26.191.172","5000","24.544806000","48","1","48192","24.601374000"
"10241","14:42:51.625454","100","404497","172.26.191.172","5000","24.544814000","48","1","48192","24.601382000"
"10242","14:42:51.625464","100","404545","172.26.191.172","5000","24.544824000","48","1","48192","24.601392000"
"10243","14:42:51.625466","100","404593","172.26.191.172","5000","24.544826000","48","1","48192","24.601394000"
"10244","14:42:51.625473","100","404641","172.26.191.172","5000","24.544833000","48","1","48192","24.601401000"
"10245","14:42:51.625475","100","404689","172.26.191.172","5000","24.544835000","48","1","48192","24.601403000"
"10246","14:42:51.625486","52","1","100.64.0.5","48192","24.544846000","0","403201","5000","24.601414000"
"10247","14:42:51.625498","100","404737","172.26.191.172","5000","24.544858000","48","1","48192","24.601426000"
"10248","14:42:51.625499","100","404785","172.26.191.172","5000","24.544859000","48","1","48192","24.601427000"
"10249","14:42:51.625507","100","404833","172.26.191.172","5000","24.544867000","48","1","48192","24.601435000"
"10250","14:42:51.625508","100","404881","172.26.191.172","5000","24.544868000","48","1","48192","24.601436000"
"10251","14:42:51.625514","100","404929","172.26.191.172","5000","24.544874000","48","1","48192","24.601442000"
"10252","14:42:51.625515","100","404977","172.26.191.172","5000","24.544875000","48","1","48192","24.601443000"
"10253","14:42:51.625522","52","1","100.64.0.5","48192","24.544882000","0","403297","5000","24.601450000"
"10254","14:42:51.625530","100","405025","172.26.191.172","5000","24.544890000","48","1","48192","24.601458000"
"10255","14:42:51.625531","100","405073","172.26.191.172","5000","24.544891000","48","1","48192","24.601459000"
"10256","14:42:51.655126","52","1","100.64.0.5","48192","24.574486000","0","403585","5000","24.631054000"
"10257","14:42:51.655166","100","405121","172.26.191.172","5000","24.574526000","48","1","48192","24.631094000"
"10258","14:42:51.655175","100","405169","172.26.191.172","5000","24.574535000","48","1","48192","24.631103000"
"10259","14:42:51.655186","100","405217","172.26.191.172","5000","24.574546000","48","1","48192","24.631114000"
"10260","14:42:51.655187","100","405265","172.26.191.172","5000","24.574547000","48","1","48192","24.631115000"
"10261","14:42:51.655194","100","405313","172.26.191.172","5000","24.574554000","48","1","48192","24.631122000"
"10262","14:42:51.655195","100","405361","172.26.191.172","5000","24.574555000","48","1","48192","24.631123000"
"10263","14:42:51.655206","52","1","100.64.0.5","48192","24.574566000","0","403873","5000","24.631134000"
"10264","14:42:51.655217","100","405409","172.26.191.172","5000","24.574577000","48","1","48192","24.631145000"
"10265","14:42:51.655219","100","405457","172.26.191.172","5000","24.574579000","48","1","48192","24.631147000"
"10266","14:42:51.655225","100","405505","172.26.191.172","5000","24.574585000","48","1","48192","24.631153000"
"10267","14:42:51.655226","100","405553","172.26.191.172","5000","24.574586000","48","1","48192","24.631154000"
"10268","14:42:51.655234","100","405601","172.26.191.172","5000","24.574594000","48","1","48192","24.631162000"
"10269","14:42:51.655236","100","405649","172.26.191.172","5000","24.574596000","48","1","48192","24.631164000"
"10270","14:42:51.655242","52","1","100.64.0.5","48192","24.574602000","0","403969","5000","24.631170000"
"10271","14:42:51.655251","100","405697","172.26.191.172","5000","24.574611000","48","1","48192","24.631179000"
"10272","14:42:51.655252","100","405745","172.26.191.172","5000","24.574612000","48","1","48192","24.631180000"
"10273","14:42:51.685647","52","1","100.64.0.5","48192","24.605007000","0","404257","5000","24.661575000"
"10274","14:42:51.685686","100","405793","172.26.191.172","5000","24.605046000","48","1","48192","24.661614000"
"10275","14:42:51.685695","100","405841","172.26.191.172","5000","24.605055000","48","1","48192","24.661623000"
"10276","14:42:51.685706","100","405889","172.26.191.172","5000","24.605066000","48","1","48192","24.661634000"
"10277","14:42:51.685708","100","405937","172.26.191.172","5000","24.605068000","48","1","48192","24.661636000"
"10278","14:42:51.685714","100","405985","172.26.191.172","5000","24.605074000","48","1","48192","24.661642000"
"10279","14:42:51.685715","100","406033","172.26.191.172","5000","24.605075000","48","1","48192","24.661643000"
"10280","14:42:51.685726","52","1","100.64.0.5","48192","24.605086000","0","404449","5000","24.661654000"
"10281","14:42:51.685737","100","406081","172.26.191.172","5000","24.605097000","48","1","48192","24.661665000"
"10282","14:42:51.685738","100","406129","172.26.191.172","5000","24.605098000","48","1","48192","24.661666000"
"10283","14:42:51.685746","100","406177","172.26.191.172","5000","24.605106000","48","1","48192","24.661674000"
"10284","14:42:51.685748","100","406225","172.26.191.172","5000","24.605108000","48","1","48192","24.661676000"
"10285","14:42:51.715249","52","1","100.64.0.5","48192","24.634609000","0","404737","5000","24.691177000"
"10286","14:42:51.715289","100","406273","172.26.191.172","5000","24.634649000","48","1","48192","24.691217000"
"10287","14:42:51.715300","100","406321","172.26.191.172","5000","24.634660000","48","1","48192","24.691228000"
"10288","14:42:51.715311","100","406369","172.26.191.172","5000","24.634671000","48","1","48192","24.691239000"
"10289","14:42:51.715313","100","406417","172.26.191.172","5000","24.634673000","48","1","48192","24.691241000"
"10290","14:42:51.715319","100","406465","172.26.191.172","5000","24.634679000","48","1","48192","24.691247000"
"10291","14:42:51.715320","100","406513","172.26.191.172","5000","24.634680000","48","1","48192","24.691248000"
"10292","14:42:51.715332","52","1","100.64.0.5","48192","24.634692000","0","405025","5000","24.691260000"
"10293","14:42:51.715343","100","406561","172.26.191.172","5000","24.634703000","48","1","48192","24.691271000"
"10294","14:42:51.715345","100","406609","172.26.191.172","5000","24.634705000","48","1","48192","24.691273000"
"10295","14:42:51.715352","100","406657","172.26.191.172","5000","24.634712000","48","1","48192","24.691280000"
"10296","14:42:51.715353","100","406705","172.26.191.172","5000","24.634713000","48","1","48192","24.691281000"
"10297","14:42:51.715360","100","406753","172.26.191.172","5000","24.634720000","48","1","48192","24.691288000"
"10298","14:42:51.715361","100","406801","172.26.191.172","5000","24.634721000","48","1","48192","24.691289000"
"10299","14:42:51.716457","52","1","100.64.0.5","48192","24.635817000","0","405121","5000","24.692385000"
"10300","14:42:51.716483","100","406849","172.26.191.172","5000","24.635843000","48","1","48192","24.692411000"
"10301","14:42:51.716490","100","406897","172.26.191.172","5000","24.635850000","48","1","48192","24.692418000"
"10302","14:42:51.745918","52","1","100.64.0.5","48192","24.665278000","0","405217","5000","24.721846000"
"10303","14:42:51.745955","100","406945","172.26.191.172","5000","24.665315000","48","1","48192","24.721883000"
"10304","14:42:51.745963","100","406993","172.26.191.172","5000","24.665323000","48","1","48192","24.721891000"
"10305","14:42:51.745974","100","407041","172.26.191.172","5000","24.665334000","48","1","48192","24.721902000"
"10306","14:42:51.745976","100","407089","172.26.191.172","5000","24.665336000","48","1","48192","24.721904000"
"10307","14:42:51.745987","52","1","100.64.0.5","48192","24.665347000","0","405505","5000","24.721915000"
"10308","14:42:51.745999","100","407137","172.26.191.172","5000","24.665359000","48","1","48192","24.721927000"
"10309","14:42:51.746001","100","407185","172.26.191.172","5000","24.665361000","48","1","48192","24.721929000"
"10310","14:42:51.746009","100","407233","172.26.191.172","5000","24.665369000","48","1","48192","24.721937000"
"10311","14:42:51.746010","100","407281","172.26.191.172","5000","24.665370000","48","1","48192","24.721938000"
"10312","14:42:51.746017","100","407329","172.26.191.172","5000","24.665377000","48","1","48192","24.721945000"
"10313","14:42:51.746018","100","407377","172.26.191.172","5000","24.665378000","48","1","48192","24.721946000"
"10314","14:42:51.746024","52","1","100.64.0.5","48192","24.665384000","0","405601","5000","24.721952000"
"10315","14:42:51.746033","100","407425","172.26.191.172","5000","24.665393000","48","1","48192","24.721961000"
"10316","14:42:51.746034","100","407473","172.26.191.172","5000","24.665394000","48","1","48192","24.721962000"
"10317","14:42:51.746040","52","1","100.64.0.5","48192","24.665400000","0","405793","5000","24.721968000"
"10318","14:42:51.746051","100","407521","172.26.191.172","5000","24.665411000","48","1","48192","24.721979000"
"10319","14:42:51.746052","100","407569","172.26.191.172","5000","24.665412000","48","1","48192","24.721980000"
"10320","14:42:51.746058","100","407617","172.26.191.172","5000","24.665418000","48","1","48192","24.721986000"
"10321","14:42:51.746060","100","407665","172.26.191.172","5000","24.665420000","48","1","48192","24.721988000"
"10322","14:42:51.776919","52","1","100.64.0.5","48192","24.696279000","0","406081","5000","24.752847000"
"10323","14:42:51.776959","100","407713","172.26.191.172","5000","24.696319000","48","1","48192","24.752887000"
"10324","14:42:51.776967","100","407761","172.26.191.172","5000","24.696327000","48","1","48192","24.752895000"
"10325","14:42:51.776979","100","407809","172.26.191.172","5000","24.696339000","48","1","48192","24.752907000"
"10326","14:42:51.776980","100","407857","172.26.191.172","5000","24.696340000","48","1","48192","24.752908000"
"10327","14:42:51.776986","100","407905","172.26.191.172","5000","24.696346000","48","1","48192","24.752914000"
"10328","14:42:51.776988","100","407953","172.26.191.172","5000","24.696348000","48","1","48192","24.752916000"
"10329","14:42:51.776999","52","1","100.64.0.5","48192","24.696359000","0","406273","5000","24.752927000"
"10330","14:42:51.777010","100","408001","172.26.191.172","5000","24.696370000","48","1","48192","24.752938000"
"10331","14:42:51.777011","100","408049","172.26.191.172","5000","24.696371000","48","1","48192","24.752939000"
"10332","14:42:51.777018","100","408097","172.26.191.172","5000","24.696378000","48","1","48192","24.752946000"
"10333","14:42:51.777020","100","408145","172.26.191.172","5000","24.696380000","48","1","48192","24.752948000"
"10334","14:42:51.806819","52","1","100.64.0.5","48192","24.726179000","0","406561","5000","24.782747000"
"10335","14:42:51.806859","100","408193","172.26.191.172","5000","24.726219000","48","1","48192","24.782787000"
"10336","14:42:51.806867","100","408241","172.26.191.172","5000","24.726227000","48","1","48192","24.782795000"
"10337","14:42:51.806878","100","408289","172.26.191.172","5000","24.726238000","48","1","48192","24.782806000"
"10338","14:42:51.806880","100","408337","172.26.191.172","5000","24.726240000","48","1","48192","24.782808000"
"10339","14:42:51.806888","100","408385","172.26.191.172","5000","24.726248000","48","1","48192","24.782816000"
"10340","14:42:51.806889","100","408433","172.26.191.172","5000","24.726249000","48","1","48192","24.782817000"
"10341","14:42:51.806901","52","1","100.64.0.5","48192","24.726261000","0","406849","5000","24.782829000"
"10342","14:42:51.806911","100","408481","172.26.191.172","5000","24.726271000","48","1","48192","24.782839000"
"10343","14:42:51.806913","100","408529","172.26.191.172","5000","24.726273000","48","1","48192","24.782841000"
"10344","14:42:51.806920","100","408577","172.26.191.172","5000","24.726280000","48","1","48192","24.782848000"
"10345","14:42:51.806921","100","408625","172.26.191.172","5000","24.726281000","48","1","48192","24.782849000"
"10346","14:42:51.806927","100","408673","172.26.191.172","5000","24.726287000","48","1","48192","24.782855000"
"10347","14:42:51.806928","100","408721","172.26.191.172","5000","24.726288000","48","1","48192","24.782856000"
"10348","14:42:51.806934","52","1","100.64.0.5","48192","24.726294000","0","406945","5000","24.782862000"
"10349","14:42:51.806942","100","408769","172.26.191.172","5000","24.726302000","48","1","48192","24.782870000"
"10350","14:42:51.806943","100","408817","172.26.191.172","5000","24.726303000","48","1","48192","24.782871000"
"10351","14:42:51.836986","52","1","100.64.0.5","48192","24.756346000","0","407233","5000","24.812914000"
"10352","14:42:51.837025","100","408865","172.26.191.172","5000","24.756385000","48","1","48192","24.812953000"
"10353","14:42:51.837034","100","408913","172.26.191.172","5000","24.756394000","48","1","48192","24.812962000"
"10354","14:42:51.837045","100","408961","172.26.191.172","5000","24.756405000","48","1","48192","24.812973000"
"10355","14:42:51.837046","100","409009","172.26.191.172","5000","24.756406000","48","1","48192","24.812974000"
"10356","14:42:51.837052","100","409057","172.26.191.172","5000","24.756412000","48","1","48192","24.812980000"
"10357","14:42:51.837054","100","409105","172.26.191.172","5000","24.756414000","48","1","48192","24.812982000"
"10358","14:42:51.837065","52","1","100.64.0.5","48192","24.756425000","0","407521","5000","24.812993000"
"10359","14:42:51.837076","100","409153","172.26.191.172","5000","24.756436000","48","1","48192","24.813004000"
"10360","14:42:51.837078","100","409201","172.26.191.172","5000","24.756438000","48","1","48192","24.813006000"
"10361","14:42:51.837085","100","409249","172.26.191.172","5000","24.756445000","48","1","48192","24.813013000"
"10362","14:42:51.837086","100","409297","172.26.191.172","5000","24.756446000","48","1","48192","24.813014000"
"10363","14:42:51.837092","100","409345","172.26.191.172","5000","24.756452000","48","1","48192","24.813020000"
"10364","14:42:51.837093","100","409393","172.26.191.172","5000","24.756453000","48","1","48192","24.813021000"
"10365","14:42:51.837099","52","1","100.64.0.5","48192","24.756459000","0","407617","5000","24.813027000"
"10366","14:42:51.837110","100","409441","172.26.191.172","5000","24.756470000","48","1","48192","24.813038000"
"10367","14:42:51.837111","100","409489","172.26.191.172","5000","24.756471000","48","1","48192","24.813039000"
"10368","14:42:51.868137","52","1","100.64.0.5","48192","24.787497000","0","407905","5000","24.844065000"
"10369","14:42:51.868174","100","409537","172.26.191.172","5000","24.787534000","48","1","48192","24.844102000"
"10370","14:42:51.868182","100","409585","172.26.191.172","5000","24.787542000","48","1","48192","24.844110000"
"10371","14:42:51.868194","100","409633","172.26.191.172","5000","24.787554000","48","1","48192","24.844122000"
"10372","14:42:51.868195","100","409681","172.26.191.172","5000","24.787555000","48","1","48192","24.844123000"
"10373","14:42:51.868201","100","409729","172.26.191.172","5000","24.787561000","48","1","48192","24.844129000"
"10374","14:42:51.868203","100","409777","172.26.191.172","5000","24.787563000","48","1","48192","24.844131000"
"10375","14:42:51.868214","52","1","100.64.0.5","48192","24.787574000","0","408193","5000","24.844142000"
"10376","14:42:51.868225","100","409825","172.26.191.172","5000","24.787585000","48","1","48192","24.844153000"
"10377","14:42:51.868226","100","409873","172.26.191.172","5000","24.787586000","48","1","48192","24.844154000"
"10378","14:42:51.868233","100","409921","172.26.191.172","5000","24.787593000","48","1","48192","24.844161000"
"10379","14:42:51.868234","100","409969","172.26.191.172","5000","24.787594000","48","1","48192","24.844162000"
"10380","14:42:51.868242","100","410017","172.26.191.172","5000","24.787602000","48","1","48192","24.844170000"
"10381","14:42:51.868243","100","410065","172.26.191.172","5000","24.787603000","48","1","48192","24.844171000"
"10382","14:42:51.898070","52","1","100.64.0.5","48192","24.817430000","0","408481","5000","24.873998000"
"10383","14:42:51.898109","100","410113","172.26.191.172","5000","24.817469000","48","1","48192","24.874037000"
"10384","14:42:51.898118","100","410161","172.26.191.172","5000","24.817478000","48","1","48192","24.874046000"
"10385","14:42:51.898128","100","410209","172.26.191.172","5000","24.817488000","48","1","48192","24.874056000"
"10386","14:42:51.898130","100","410257","172.26.191.172","5000","24.817490000","48","1","48192","24.874058000"
"10387","14:42:51.898136","100","410305","172.26.191.172","5000","24.817496000","48","1","48192","24.874064000"
"10388","14:42:51.898137","100","410353","172.26.191.172","5000","24.817497000","48","1","48192","24.874065000"
"10389","14:42:51.898148","52","1","100.64.0.5","48192","24.817508000","0","408769","5000","24.874076000"
"10390","14:42:51.898160","100","410401","172.26.191.172","5000","24.817520000","48","1","48192","24.874088000"
"10391","14:42:51.898162","100","410449","172.26.191.172","5000","24.817522000","48","1","48192","24.874090000"
"10392","14:42:51.898168","100","410497","172.26.191.172","5000","24.817528000","48","1","48192","24.874096000"
"10393","14:42:51.898170","100","410545","172.26.191.172","5000","24.817530000","48","1","48192","24.874098000"
"10394","14:42:51.898176","100","410593","172.26.191.172","5000","24.817536000","48","1","48192","24.874104000"
"10395","14:42:51.898177","100","410641","172.26.191.172","5000","24.817537000","48","1","48192","24.874105000"
"10396","14:42:51.898184","52","1","100.64.0.5","48192","24.817544000","0","408865","5000","24.874112000"
"10397","14:42:51.898192","100","410689","172.26.191.172","5000","24.817552000","48","1","48192","24.874120000"
"10398","14:42:51.898193","100","410737","172.26.191.172","5000","24.817553000","48","1","48192","24.874121000"
"10399","14:42:51.928275","52","1","100.64.0.5","48192","24.847635000","0","409153","5000","24.904203000"
"10400","14:42:51.928315","100","410785","172.26.191.172","5000","24.847675000","48","1","48192","24.904243000"
"10401","14:42:51.928324","100","410833","172.26.191.172","5000","24.847684000","48","1","48192","24.904252000"
"10402","14:42:51.928352","100","410881","172.26.191.172","5000","24.847712000","48","1","48192","24.904280000"
"10403","14:42:51.928354","100","410929","172.26.191.172","5000","24.847714000","48","1","48192","24.904282000"
"10404","14:42:51.928363","100","410977","172.26.191.172","5000","24.847723000","48","1","48192","24.904291000"
"10405","14:42:51.928365","100","411025","172.26.191.172","5000","24.847725000","48","1","48192","24.904293000"
"10406","14:42:51.928373","100","411073","172.26.191.172","5000","24.847733000","48","1","48192","24.904301000"
"10407","14:42:51.928375","100","411121","172.26.191.172","5000","24.847735000","48","1","48192","24.904303000"
"10408","14:42:51.928406","52","1","100.64.0.5","48192","24.847766000","0","409441","5000","24.904334000"
"10409","14:42:51.928425","100","411169","172.26.191.172","5000","24.847785000","48","1","48192","24.904353000"
"10410","14:42:51.928427","100","411217","172.26.191.172","5000","24.847787000","48","1","48192","24.904355000"
"10411","14:42:51.928438","100","411265","172.26.191.172","5000","24.847798000","48","1","48192","24.904366000"
"10412","14:42:51.928440","100","411313","172.26.191.172","5000","24.847800000","48","1","48192","24.904368000"
"10413","14:42:51.928459","100","411361","172.26.191.172","5000","24.847819000","48","1","48192","24.904387000"
"10414","14:42:51.928461","100","411409","172.26.191.172","5000","24.847821000","48","1","48192","24.904389000"
"10415","14:42:51.928479","52","1","100.64.0.5","48192","24.847839000","0","409537","5000","24.904407000"
"10416","14:42:51.928498","100","411457","172.26.191.172","5000","24.847858000","48","1","48192","24.904426000"
"10417","14:42:51.928500","100","411505","172.26.191.172","5000","24.847860000","48","1","48192","24.904428000"
"10418","14:42:51.958273","52","1","100.64.0.5","48192","24.877633000","0","409825","5000","24.934201000"
"10419","14:42:51.958314","100","411553","172.26.191.172","5000","24.877674000","48","1","48192","24.934242000"
"10420","14:42:51.958323","100","411601","172.26.191.172","5000","24.877683000","48","1","48192","24.934251000"
"10421","14:42:51.958334","100","411649","172.26.191.172","5000","24.877694000","48","1","48192","24.934262000"
"10422","14:42:51.958335","100","411697","172.26.191.172","5000","24.877695000","48","1","48192","24.934263000"
"10423","14:42:51.958342","100","411745","172.26.191.172","5000","24.877702000","48","1","48192","24.934270000"
"10424","14:42:51.958344","100","411793","172.26.191.172","5000","24.877704000","48","1","48192","24.934272000"
"10425","14:42:51.958355","52","1","100.64.0.5","48192","24.877715000","0","410113","5000","24.934283000"
"10426","14:42:51.958366","100","411841","172.26.191.172","5000","24.877726000","48","1","48192","24.934294000"
"10427","14:42:51.958367","100","411889","172.26.191.172","5000","24.877727000","48","1","48192","24.934295000"
"10428","14:42:51.958374","100","411937","172.26.191.172","5000","24.877734000","48","1","48192","24.934302000"
"10429","14:42:51.958376","100","411985","172.26.191.172","5000","24.877736000","48","1","48192","24.934304000"
"10430","14:42:51.958382","100","412033","172.26.191.172","5000","24.877742000","48","1","48192","24.934310000"
"10431","14:42:51.958383","100","412081","172.26.191.172","5000","24.877743000","48","1","48192","24.934311000"
"10432","14:42:51.988986","52","1","100.64.0.5","48192","24.908346000","0","410401","5000","24.964914000"
"10433","14:42:51.989023","100","412129","172.26.191.172","5000","24.908383000","48","1","48192","24.964951000"
"10434","14:42:51.989032","100","412177","172.26.191.172","5000","24.908392000","48","1","48192","24.964960000"
"10435","14:42:51.989044","100","412225","172.26.191.172","5000","24.908404000","48","1","48192","24.964972000"
"10436","14:42:51.989045","100","412273","172.26.191.172","5000","24.908405000","48","1","48192","24.964973000"
"10437","14:42:51.989051","100","412321","172.26.191.172","5000","24.908411000","48","1","48192","24.964979000"
"10438","14:42:51.989053","100","412369","172.26.191.172","5000","24.908413000","48","1","48192","24.964981000"
"10439","14:42:51.989064","52","1","100.64.0.5","48192","24.908424000","0","410497","5000","24.964992000"
"10440","14:42:51.989074","100","412417","172.26.191.172","5000","24.908434000","48","1","48192","24.965002000"
"10441","14:42:51.989076","100","412465","172.26.191.172","5000","24.908436000","48","1","48192","24.965004000"
"10442","14:42:51.989083","52","1","100.64.0.5","48192","24.908443000","0","410785","5000","24.965011000"
"10443","14:42:51.989094","100","412513","172.26.191.172","5000","24.908454000","48","1","48192","24.965022000"
"10444","14:42:51.989095","100","412561","172.26.191.172","5000","24.908455000","48","1","48192","24.965023000"
"10445","14:42:51.989103","100","412609","172.26.191.172","5000","24.908463000","48","1","48192","24.965031000"
"10446","14:42:51.989104","100","412657","172.26.191.172","5000","24.908464000","48","1","48192","24.965032000"
"10447","14:42:51.989110","100","412705","172.26.191.172","5000","24.908470000","48","1","48192","24.965038000"
"10448","14:42:51.989111","100","412753","172.26.191.172","5000","24.908471000","48","1","48192","24.965039000"
"10449","14:42:52.019580","52","1","100.64.0.5","48192","24.938940000","0","411073","5000","24.995508000"
"10450","14:42:52.019620","100","412801","172.26.191.172","5000","24.938980000","48","1","48192","24.995548000"
"10451","14:42:52.019629","100","412849","172.26.191.172","5000","24.938989000","48","1","48192","24.995557000"
"10452","14:42:52.019640","100","412897","172.26.191.172","5000","24.939000000","48","1","48192","24.995568000"
"10453","14:42:52.019642","100","412945","172.26.191.172","5000","24.939002000","48","1","48192","24.995570000"
"10454","14:42:52.019651","100","412993","172.26.191.172","5000","24.939011000","48","1","48192","24.995579000"
"10455","14:42:52.019652","100","413041","172.26.191.172","5000","24.939012000","48","1","48192","24.995580000"
"10456","14:42:52.019664","52","1","100.64.0.5","48192","24.939024000","0","411361","5000","24.995592000"
"10457","14:42:52.019675","100","413089","172.26.191.172","5000","24.939035000","48","1","48192","24.995603000"
"10458","14:42:52.019676","100","413137","172.26.191.172","5000","24.939036000","48","1","48192","24.995604000"
"10459","14:42:52.019683","100","413185","172.26.191.172","5000","24.939043000","48","1","48192","24.995611000"
"10460","14:42:52.019684","100","413233","172.26.191.172","5000","24.939044000","48","1","48192","24.995612000"
"10461","14:42:52.019690","100","413281","172.26.191.172","5000","24.939050000","48","1","48192","24.995618000"
"10462","14:42:52.019691","100","413329","172.26.191.172","5000","24.939051000","48","1","48192","24.995619000"
"10463","14:42:52.019697","52","1","100.64.0.5","48192","24.939057000","0","411457","5000","24.995625000"
"10464","14:42:52.019706","100","413377","172.26.191.172","5000","24.939066000","48","1","48192","24.995634000"
"10465","14:42:52.019707","100","413425","172.26.191.172","5000","24.939067000","48","1","48192","24.995635000"
"10466","14:42:52.049234","52","1","100.64.0.5","48192","24.968594000","0","411745","5000","25.025162000"
"10467","14:42:52.049277","100","413473","172.26.191.172","5000","24.968637000","48","1","48192","25.025205000"
"10468","14:42:52.049287","100","413521","172.26.191.172","5000","24.968647000","48","1","48192","25.025215000"
"10469","14:42:52.049299","100","413569","172.26.191.172","5000","24.968659000","48","1","48192","25.025227000"
"10470","14:42:52.049301","100","413617","172.26.191.172","5000","24.968661000","48","1","48192","25.025229000"
"10471","14:42:52.049308","100","413665","172.26.191.172","5000","24.968668000","48","1","48192","25.025236000"
"10472","14:42:52.049310","100","413713","172.26.191.172","5000","24.968670000","48","1","48192","25.025238000"
"10473","14:42:52.049322","52","1","100.64.0.5","48192","24.968682000","0","412033","5000","25.025250000"
"10474","14:42:52.049337","100","413761","172.26.191.172","5000","24.968697000","48","1","48192","25.025265000"
"10475","14:42:52.049339","100","413809","172.26.191.172","5000","24.968699000","48","1","48192","25.025267000"
"10476","14:42:52.049346","100","413857","172.26.191.172","5000","24.968706000","48","1","48192","25.025274000"
"10477","14:42:52.049347","100","413905","172.26.191.172","5000","24.968707000","48","1","48192","25.025275000"
"10478","14:42:52.049353","100","413953","172.26.191.172","5000","24.968713000","48","1","48192","25.025281000"
"10479","14:42:52.049354","100","414001","172.26.191.172","5000","24.968714000","48","1","48192","25.025282000"
"10480","14:42:52.049362","52","1","100.64.0.5","48192","24.968722000","0","412129","5000","25.025290000"
"10481","14:42:52.049371","100","414049","172.26.191.172","5000","24.968731000","48","1","48192","25.025299000"
"10482","14:42:52.049372","100","414097","172.26.191.172","5000","24.968732000","48","1","48192","25.025300000"
"10483","14:42:52.080250","52","1","100.64.0.5","48192","24.999610000","0","412417","5000","25.056178000"
"10484","14:42:52.080291","100","414145","172.26.191.172","5000","24.999651000","48","1","48192","25.056219000"
"10485","14:42:52.080301","100","414193","172.26.191.172","5000","24.999661000","48","1","48192","25.056229000"
"10486","14:42:52.080313","100","414241","172.26.191.172","5000","24.999673000","48","1","48192","25.056241000"
"10487","14:42:52.080315","100","414289","172.26.191.172","5000","24.999675000","48","1","48192","25.056243000"
"10488","14:42:52.080324","100","414337","172.26.191.172","5000","24.999684000","48","1","48192","25.056252000"
"10489","14:42:52.080326","100","414385","172.26.191.172","5000","24.999686000","48","1","48192","25.056254000"
"10490","14:42:52.080370","52","1","100.64.0.5","48192","24.999730000","0","412705","5000","25.056298000"
"10491","14:42:52.080390","100","414433","172.26.191.172","5000","24.999750000","48","1","48192","25.056318000"
"10492","14:42:52.080392","100","414481","172.26.191.172","5000","24.999752000","48","1","48192","25.056320000"
"10493","14:42:52.080399","100","414529","172.26.191.172","5000","24.999759000","48","1","48192","25.056327000"
"10494","14:42:52.080401","100","414577","172.26.191.172","5000","24.999761000","48","1","48192","25.056329000"
"10495","14:42:52.080407","100","414625","172.26.191.172","5000","24.999767000","48","1","48192","25.056335000"
"10496","14:42:52.080408","100","414673","172.26.191.172","5000","24.999768000","48","1","48192","25.056336000"
"10497","14:42:52.080418","52","1","100.64.0.5","48192","24.999778000","0","412753","5000","25.056346000"
"10498","14:42:52.080429","100","414721","172.26.191.172","5000","24.999789000","48","1","48192","25.056357000"
"10499","14:42:52.080431","100","414769","172.26.191.172","5000","24.999791000","48","1","48192","25.056359000"
"10500","14:42:52.080438","52","1","100.64.0.5","48192","24.999798000","0","412801","5000","25.056366000"
"10501","14:42:52.110058","52","1","100.64.0.5","48192","25.029418000","0","413089","5000","25.085986000"
"10502","14:42:52.110098","100","414817","172.26.191.172","5000","25.029458000","48","1","48192","25.086026000"
"10503","14:42:52.110107","100","414865","172.26.191.172","5000","25.029467000","48","1","48192","25.086035000"
"10504","14:42:52.110119","100","414913","172.26.191.172","5000","25.029479000","48","1","48192","25.086047000"
"10505","14:42:52.110120","100","414961","172.26.191.172","5000","25.029480000","48","1","48192","25.086048000"
"10506","14:42:52.110126","100","415009","172.26.191.172","5000","25.029486000","48","1","48192","25.086054000"
"10507","14:42:52.110128","100","415057","172.26.191.172","5000","25.029488000","48","1","48192","25.086056000"
"10508","14:42:52.110140","52","1","100.64.0.5","48192","25.029500000","0","413377","5000","25.086068000"
"10509","14:42:52.110152","100","415105","172.26.191.172","5000","25.029512000","48","1","48192","25.086080000"
"10510","14:42:52.110154","100","415153","172.26.191.172","5000","25.029514000","48","1","48192","25.086082000"
"10511","14:42:52.110162","100","415201","172.26.191.172","5000","25.029522000","48","1","48192","25.086090000"
"10512","14:42:52.110163","100","415249","172.26.191.172","5000","25.029523000","48","1","48192","25.086091000"
"10513","14:42:52.110168","100","415297","172.26.191.172","5000","25.029528000","48","1","48192","25.086096000"
"10514","14:42:52.110170","100","415345","172.26.191.172","5000","25.029530000","48","1","48192","25.086098000"
"10515","14:42:52.110176","100","415393","172.26.191.172","5000","25.029536000","48","1","48192","25.086104000"
"10516","14:42:52.110177","100","415441","172.26.191.172","5000","25.029537000","48","1","48192","25.086105000"
"10517","14:42:52.110184","52","1","100.64.0.5","48192","25.029544000","0","413473","5000","25.086112000"
"10518","14:42:52.110192","100","415489","172.26.191.172","5000","25.029552000","48","1","48192","25.086120000"
"10519","14:42:52.110193","100","415537","172.26.191.172","5000","25.029553000","48","1","48192","25.086121000"
"10520","14:42:52.140491","52","1","100.64.0.5","48192","25.059851000","0","413761","5000","25.116419000"
"10521","14:42:52.140530","100","415585","172.26.191.172","5000","25.059890000","48","1","48192","25.116458000"
"10522","14:42:52.140539","100","415633","172.26.191.172","5000","25.059899000","48","1","48192","25.116467000"
"10523","14:42:52.140551","100","415681","172.26.191.172","5000","25.059911000","48","1","48192","25.116479000"
"10524","14:42:52.140552","100","415729","172.26.191.172","5000","25.059912000","48","1","48192","25.116480000"
"10525","14:42:52.140560","100","415777","172.26.191.172","5000","25.059920000","48","1","48192","25.116488000"
"10526","14:42:52.140561","100","415825","172.26.191.172","5000","25.059921000","48","1","48192","25.116489000"
"10527","14:42:52.140573","52","1","100.64.0.5","48192","25.059933000","0","414049","5000","25.116501000"
"10528","14:42:52.140584","100","415873","172.26.191.172","5000","25.059944000","48","1","48192","25.116512000"
"10529","14:42:52.140585","100","415921","172.26.191.172","5000","25.059945000","48","1","48192","25.116513000"
"10530","14:42:52.140593","100","415969","172.26.191.172","5000","25.059953000","48","1","48192","25.116521000"
"10531","14:42:52.140594","100","416017","172.26.191.172","5000","25.059954000","48","1","48192","25.116522000"
"10532","14:42:52.140600","100","416065","172.26.191.172","5000","25.059960000","48","1","48192","25.116528000"
"10533","14:42:52.140602","100","416113","172.26.191.172","5000","25.059962000","48","1","48192","25.116530000"
"10534","14:42:52.140608","52","1","100.64.0.5","48192","25.059968000","0","414145","5000","25.116536000"
"10535","14:42:52.140616","100","416161","172.26.191.172","5000","25.059976000","48","1","48192","25.116544000"
"10536","14:42:52.140618","100","416209","172.26.191.172","5000","25.059978000","48","1","48192","25.116546000"
"10537","14:42:52.171395","52","1","100.64.0.5","48192","25.090755000","0","414433","5000","25.147323000"
"10538","14:42:52.171435","100","416257","172.26.191.172","5000","25.090795000","48","1","48192","25.147363000"
"10539","14:42:52.171443","100","416305","172.26.191.172","5000","25.090803000","48","1","48192","25.147371000"
"10540","14:42:52.171454","100","416353","172.26.191.172","5000","25.090814000","48","1","48192","25.147382000"
"10541","14:42:52.171455","100","416401","172.26.191.172","5000","25.090815000","48","1","48192","25.147383000"
"10542","14:42:52.171461","100","416449","172.26.191.172","5000","25.090821000","48","1","48192","25.147389000"
"10543","14:42:52.171463","100","416497","172.26.191.172","5000","25.090823000","48","1","48192","25.147391000"
"10544","14:42:52.171474","52","1","100.64.0.5","48192","25.090834000","0","414721","5000","25.147402000"
"10545","14:42:52.171486","100","416545","172.26.191.172","5000","25.090846000","48","1","48192","25.147414000"
"10546","14:42:52.171488","100","416593","172.26.191.172","5000","25.090848000","48","1","48192","25.147416000"
"10547","14:42:52.171494","100","416641","172.26.191.172","5000","25.090854000","48","1","48192","25.147422000"
"10548","14:42:52.171495","100","416689","172.26.191.172","5000","25.090855000","48","1","48192","25.147423000"
"10549","14:42:52.171502","100","416737","172.26.191.172","5000","25.090862000","48","1","48192","25.147430000"
"10550","14:42:52.171503","100","416785","172.26.191.172","5000","25.090863000","48","1","48192","25.147431000"
"10551","14:42:52.171510","52","1","100.64.0.5","48192","25.090870000","0","414817","5000","25.147438000"
"10552","14:42:52.171518","100","416833","172.26.191.172","5000","25.090878000","48","1","48192","25.147446000"
"10553","14:42:52.171519","100","416881","172.26.191.172","5000","25.090879000","48","1","48192","25.147447000"
"10554","14:42:52.201195","52","1","100.64.0.5","48192","25.120555000","0","415105","5000","25.177123000"
"10555","14:42:52.201234","100","416929","172.26.191.172","5000","25.120594000","48","1","48192","25.177162000"
"10556","14:42:52.201245","100","416977","172.26.191.172","5000","25.120605000","48","1","48192","25.177173000"
"10557","14:42:52.201257","100","417025","172.26.191.172","5000","25.120617000","48","1","48192","25.177185000"
"10558","14:42:52.201258","100","417073","172.26.191.172","5000","25.120618000","48","1","48192","25.177186000"
"10559","14:42:52.201266","100","417121","172.26.191.172","5000","25.120626000","48","1","48192","25.177194000"
"10560","14:42:52.201267","100","417169","172.26.191.172","5000","25.120627000","48","1","48192","25.177195000"
"10561","14:42:52.201279","52","1","100.64.0.5","48192","25.120639000","0","415153","5000","25.177207000"
"10562","14:42:52.201288","52","1","100.64.0.5","48192","25.120648000","0","415489","5000","25.177216000"
"10563","14:42:52.201301","100","417217","172.26.191.172","5000","25.120661000","48","1","48192","25.177229000"
"10564","14:42:52.201303","100","417265","172.26.191.172","5000","25.120663000","48","1","48192","25.177231000"
"10565","14:42:52.201309","100","417313","172.26.191.172","5000","25.120669000","48","1","48192","25.177237000"
"10566","14:42:52.201310","100","417361","172.26.191.172","5000","25.120670000","48","1","48192","25.177238000"
"10567","14:42:52.201316","100","417409","172.26.191.172","5000","25.120676000","48","1","48192","25.177244000"
"10568","14:42:52.201317","100","417457","172.26.191.172","5000","25.120677000","48","1","48192","25.177245000"
"10569","14:42:52.201323","100","417505","172.26.191.172","5000","25.120683000","48","1","48192","25.177251000"
"10570","14:42:52.201324","100","417553","172.26.191.172","5000","25.120684000","48","1","48192","25.177252000"
"10571","14:42:52.231567","52","1","100.64.0.5","48192","25.150927000","0","415777","5000","25.207495000"
"10572","14:42:52.231607","100","417601","172.26.191.172","5000","25.150967000","48","1","48192","25.207535000"
"10573","14:42:52.231616","100","417649","172.26.191.172","5000","25.150976000","48","1","48192","25.207544000"
"10574","14:42:52.231628","100","417697","172.26.191.172","5000","25.150988000","48","1","48192","25.207556000"
"10575","14:42:52.231629","100","417745","172.26.191.172","5000","25.150989000","48","1","48192","25.207557000"
"10576","14:42:52.231635","100","417793","172.26.191.172","5000","25.150995000","48","1","48192","25.207563000"
"10577","14:42:52.231637","100","417841","172.26.191.172","5000","25.150997000","48","1","48192","25.207565000"
"10578","14:42:52.231649","52","1","100.64.0.5","48192","25.151009000","0","416065","5000","25.207577000"
"10579","14:42:52.231660","100","417889","172.26.191.172","5000","25.151020000","48","1","48192","25.207588000"
"10580","14:42:52.231662","100","417937","172.26.191.172","5000","25.151022000","48","1","48192","25.207590000"
"10581","14:42:52.231670","100","417985","172.26.191.172","5000","25.151030000","48","1","48192","25.207598000"
"10582","14:42:52.231671","100","418033","172.26.191.172","5000","25.151031000","48","1","48192","25.207599000"
"10583","14:42:52.231677","100","418081","172.26.191.172","5000","25.151037000","48","1","48192","25.207605000"
"10584","14:42:52.231678","100","418129","172.26.191.172","5000","25.151038000","48","1","48192","25.207606000"
"10585","14:42:52.231685","52","1","100.64.0.5","48192","25.151045000","0","416161","5000","25.207613000"
"10586","14:42:52.231693","100","418177","172.26.191.172","5000","25.151053000","48","1","48192","25.207621000"
"10587","14:42:52.231694","100","418225","172.26.191.172","5000","25.151054000","48","1","48192","25.207622000"
"10588","14:42:52.261410","52","1","100.64.0.5","48192","25.180770000","0","416449","5000","25.237338000"
"10589","14:42:52.261462","100","418273","172.26.191.172","5000","25.180822000","48","1","48192","25.237390000"
"10590","14:42:52.261482","100","418321","172.26.191.172","5000","25.180842000","48","1","48192","25.237410000"
"10591","14:42:52.261499","100","418369","172.26.191.172","5000","25.180859000","48","1","48192","25.237427000"
"10592","14:42:52.261501","100","418417","172.26.191.172","5000","25.180861000","48","1","48192","25.237429000"
"10593","14:42:52.261509","100","418465","172.26.191.172","5000","25.180869000","48","1","48192","25.237437000"
"10594","14:42:52.261511","100","418513","172.26.191.172","5000","25.180871000","48","1","48192","25.237439000"
"10595","14:42:52.261533","52","1","100.64.0.5","48192","25.180893000","0","416497","5000","25.237461000"
"10596","14:42:52.261550","100","418561","172.26.191.172","5000","25.180910000","48","1","48192","25.237478000"
"10597","14:42:52.261552","100","418609","172.26.191.172","5000","25.180912000","48","1","48192","25.237480000"
"10598","14:42:52.261563","52","1","100.64.0.5","48192","25.180923000","0","416881","5000","25.237491000"
"10599","14:42:52.261583","100","418657","172.26.191.172","5000","25.180943000","48","1","48192","25.237511000"
"10600","14:42:52.261585","100","418705","172.26.191.172","5000","25.180945000","48","1","48192","25.237513000"
"10601","14:42:52.261595","100","418753","172.26.191.172","5000","25.180955000","48","1","48192","25.237523000"
"10602","14:42:52.261598","100","418801","172.26.191.172","5000","25.180958000","48","1","48192","25.237526000"
"10603","14:42:52.261608","100","418849","172.26.191.172","5000","25.180968000","48","1","48192","25.237536000"
"10604","14:42:52.261610","100","418897","172.26.191.172","5000","25.180970000","48","1","48192","25.237538000"
"10605","14:42:52.261620","100","418945","172.26.191.172","5000","25.180980000","48","1","48192","25.237548000"
"10606","14:42:52.261622","100","418993","172.26.191.172","5000","25.180982000","48","1","48192","25.237550000"
"10607","14:42:52.292028","52","1","100.64.0.5","48192","25.211388000","0","417217","5000","25.267956000"
"10608","14:42:52.292070","100","419041","172.26.191.172","5000","25.211430000","48","1","48192","25.267998000"
"10609","14:42:52.292078","100","419089","172.26.191.172","5000","25.211438000","48","1","48192","25.268006000"
"10610","14:42:52.292089","100","419137","172.26.191.172","5000","25.211449000","48","1","48192","25.268017000"
"10611","14:42:52.292091","100","419185","172.26.191.172","5000","25.211451000","48","1","48192","25.268019000"
"10612","14:42:52.292097","100","419233","172.26.191.172","5000","25.211457000","48","1","48192","25.268025000"
"10613","14:42:52.292098","100","419281","172.26.191.172","5000","25.211458000","48","1","48192","25.268026000"
"10614","14:42:52.292110","52","1","100.64.0.5","48192","25.211470000","0","417505","5000","25.268038000"
"10615","14:42:52.292121","100","419329","172.26.191.172","5000","25.211481000","48","1","48192","25.268049000"
"10616","14:42:52.292123","100","419377","172.26.191.172","5000","25.211483000","48","1","48192","25.268051000"
"10617","14:42:52.292131","100","419425","172.26.191.172","5000","25.211491000","48","1","48192","25.268059000"
"10618","14:42:52.292133","100","419473","172.26.191.172","5000","25.211493000","48","1","48192","25.268061000"
"10619","14:42:52.292138","100","419521","172.26.191.172","5000","25.211498000","48","1","48192","25.268066000"
"10620","14:42:52.292139","100","419569","172.26.191.172","5000","25.211499000","48","1","48192","25.268067000"
"10621","14:42:52.292146","100","419617","172.26.191.172","5000","25.211506000","48","1","48192","25.268074000"
"10622","14:42:52.292147","100","419665","172.26.191.172","5000","25.211507000","48","1","48192","25.268075000"
"10623","14:42:52.292154","52","1","100.64.0.5","48192","25.211514000","0","417553","5000","25.268082000"
"10624","14:42:52.322579","52","1","100.64.0.5","48192","25.241939000","0","417889","5000","25.298507000"
"10625","14:42:52.322620","100","419713","172.26.191.172","5000","25.241980000","48","1","48192","25.298548000"
"10626","14:42:52.322629","100","419761","172.26.191.172","5000","25.241989000","48","1","48192","25.298557000"
"10627","14:42:52.322640","100","419809","172.26.191.172","5000","25.242000000","48","1","48192","25.298568000"
"10628","14:42:52.322641","100","419857","172.26.191.172","5000","25.242001000","48","1","48192","25.298569000"
"10629","14:42:52.322647","100","419905","172.26.191.172","5000","25.242007000","48","1","48192","25.298575000"
"10630","14:42:52.322648","100","419953","172.26.191.172","5000","25.242008000","48","1","48192","25.298576000"
"10631","14:42:52.322654","100","420001","172.26.191.172","5000","25.242014000","48","1","48192","25.298582000"
"10632","14:42:52.322655","100","420049","172.26.191.172","5000","25.242015000","48","1","48192","25.298583000"
"10633","14:42:52.322667","52","1","100.64.0.5","48192","25.242027000","0","418177","5000","25.298595000"
"10634","14:42:52.322678","100","420097","172.26.191.172","5000","25.242038000","48","1","48192","25.298606000"
"10635","14:42:52.322679","100","420145","172.26.191.172","5000","25.242039000","48","1","48192","25.298607000"
"10636","14:42:52.322687","100","420193","172.26.191.172","5000","25.242047000","48","1","48192","25.298615000"
"10637","14:42:52.322688","100","420241","172.26.191.172","5000","25.242048000","48","1","48192","25.298616000"
"10638","14:42:52.322696","100","420289","172.26.191.172","5000","25.242056000","48","1","48192","25.298624000"
"10639","14:42:52.322697","100","420337","172.26.191.172","5000","25.242057000","48","1","48192","25.298625000"
"10640","14:42:52.322703","52","1","100.64.0.5","48192","25.242063000","0","418273","5000","25.298631000"
"10641","14:42:52.322713","100","420385","172.26.191.172","5000","25.242073000","48","1","48192","25.298641000"
"10642","14:42:52.322714","100","420433","172.26.191.172","5000","25.242074000","48","1","48192","25.298642000"
"10643","14:42:52.351888","52","1","100.64.0.5","48192","25.271248000","0","418561","5000","25.327816000"
"10644","14:42:52.351929","100","420481","172.26.191.172","5000","25.271289000","48","1","48192","25.327857000"
"10645","14:42:52.351938","100","420529","172.26.191.172","5000","25.271298000","48","1","48192","25.327866000"
"10646","14:42:52.351950","100","420577","172.26.191.172","5000","25.271310000","48","1","48192","25.327878000"
"10647","14:42:52.351952","100","420625","172.26.191.172","5000","25.271312000","48","1","48192","25.327880000"
"10648","14:42:52.351958","100","420673","172.26.191.172","5000","25.271318000","48","1","48192","25.327886000"
"10649","14:42:52.351959","100","420721","172.26.191.172","5000","25.271319000","48","1","48192","25.327887000"
"10650","14:42:52.351971","52","1","100.64.0.5","48192","25.271331000","0","418849","5000","25.327899000"
"10651","14:42:52.351982","100","420769","172.26.191.172","5000","25.271342000","48","1","48192","25.327910000"
"10652","14:42:52.351984","100","420817","172.26.191.172","5000","25.271344000","48","1","48192","25.327912000"
"10653","14:42:52.351990","100","420865","172.26.191.172","5000","25.271350000","48","1","48192","25.327918000"
"10654","14:42:52.351992","100","420913","172.26.191.172","5000","25.271352000","48","1","48192","25.327920000"
"10655","14:42:52.351997","100","420961","172.26.191.172","5000","25.271357000","48","1","48192","25.327925000"
"10656","14:42:52.351998","100","421009","172.26.191.172","5000","25.271358000","48","1","48192","25.327926000"
"10657","14:42:52.352005","52","1","100.64.0.5","48192","25.271365000","0","418945","5000","25.327933000"
"10658","14:42:52.352013","100","421057","172.26.191.172","5000","25.271373000","48","1","48192","25.327941000"
"10659","14:42:52.352014","100","421105","172.26.191.172","5000","25.271374000","48","1","48192","25.327942000"
"10660","14:42:52.383564","52","1","100.64.0.5","48192","25.302924000","0","419233","5000","25.359492000"
"10661","14:42:52.383604","100","421153","172.26.191.172","5000","25.302964000","48","1","48192","25.359532000"
"10662","14:42:52.383613","100","421201","172.26.191.172","5000","25.302973000","48","1","48192","25.359541000"
"10663","14:42:52.383624","100","421249","172.26.191.172","5000","25.302984000","48","1","48192","25.359552000"
"10664","14:42:52.383626","100","421297","172.26.191.172","5000","25.302986000","48","1","48192","25.359554000"
"10665","14:42:52.383632","100","421345","172.26.191.172","5000","25.302992000","48","1","48192","25.359560000"
"10666","14:42:52.383633","100","421393","172.26.191.172","5000","25.302993000","48","1","48192","25.359561000"
"10667","14:42:52.383645","52","1","100.64.0.5","48192","25.303005000","0","419473","5000","25.359573000"
"10668","14:42:52.383656","100","421441","172.26.191.172","5000","25.303016000","48","1","48192","25.359584000"
"10669","14:42:52.383658","100","421489","172.26.191.172","5000","25.303018000","48","1","48192","25.359586000"
"10670","14:42:52.383664","100","421537","172.26.191.172","5000","25.303024000","48","1","48192","25.359592000"
"10671","14:42:52.383666","100","421585","172.26.191.172","5000","25.303026000","48","1","48192","25.359594000"
"10672","14:42:52.383673","52","1","100.64.0.5","48192","25.303033000","0","419617","5000","25.359601000"
"10673","14:42:52.383681","100","421633","172.26.191.172","5000","25.303041000","48","1","48192","25.359609000"
"10674","14:42:52.383682","100","421681","172.26.191.172","5000","25.303042000","48","1","48192","25.359610000"
"10675","14:42:52.383690","100","421729","172.26.191.172","5000","25.303050000","48","1","48192","25.359618000"
"10676","14:42:52.383691","100","421777","172.26.191.172","5000","25.303051000","48","1","48192","25.359619000"
"10677","14:42:52.413546","52","1","100.64.0.5","48192","25.332906000","0","419905","5000","25.389474000"
"10678","14:42:52.413586","100","421825","172.26.191.172","5000","25.332946000","48","1","48192","25.389514000"
"10679","14:42:52.413595","100","421873","172.26.191.172","5000","25.332955000","48","1","48192","25.389523000"
"10680","14:42:52.413606","100","421921","172.26.191.172","5000","25.332966000","48","1","48192","25.389534000"
"10681","14:42:52.413607","100","421969","172.26.191.172","5000","25.332967000","48","1","48192","25.389535000"
"10682","14:42:52.413613","100","422017","172.26.191.172","5000","25.332973000","48","1","48192","25.389541000"
"10683","14:42:52.413614","100","422065","172.26.191.172","5000","25.332974000","48","1","48192","25.389542000"
"10684","14:42:52.413626","52","1","100.64.0.5","48192","25.332986000","0","420193","5000","25.389554000"
"10685","14:42:52.413637","100","422113","172.26.191.172","5000","25.332997000","48","1","48192","25.389565000"
"10686","14:42:52.413639","100","422161","172.26.191.172","5000","25.332999000","48","1","48192","25.389567000"
"10687","14:42:52.413645","100","422209","172.26.191.172","5000","25.333005000","48","1","48192","25.389573000"
"10688","14:42:52.413647","100","422257","172.26.191.172","5000","25.333007000","48","1","48192","25.389575000"
"10689","14:42:52.413653","100","422305","172.26.191.172","5000","25.333013000","48","1","48192","25.389581000"
"10690","14:42:52.413654","100","422353","172.26.191.172","5000","25.333014000","48","1","48192","25.389582000"
"10691","14:42:52.413660","52","1","100.64.0.5","48192","25.333020000","0","420337","5000","25.389588000"
"10692","14:42:52.413673","100","422401","172.26.191.172","5000","25.333033000","48","1","48192","25.389601000"
"10693","14:42:52.413674","100","422449","172.26.191.172","5000","25.333034000","48","1","48192","25.389602000"
"10694","14:42:52.413680","100","422497","172.26.191.172","5000","25.333040000","48","1","48192","25.389608000"
"10695","14:42:52.413682","100","422545","172.26.191.172","5000","25.333042000","48","1","48192","25.389610000"
"10696","14:42:52.442281","52","1","100.64.0.5","48192","25.361641000","0","420673","5000","25.418209000"
"10697","14:42:52.442325","100","422593","172.26.191.172","5000","25.361685000","48","1","48192","25.418253000"
"10698","14:42:52.442334","100","422641","172.26.191.172","5000","25.361694000","48","1","48192","25.418262000"
"10699","14:42:52.442346","100","422689","172.26.191.172","5000","25.361706000","48","1","48192","25.418274000"
"10700","14:42:52.442347","100","422737","172.26.191.172","5000","25.361707000","48","1","48192","25.418275000"
"10701","14:42:52.442354","100","422785","172.26.191.172","5000","25.361714000","48","1","48192","25.418282000"
"10702","14:42:52.442355","100","422833","172.26.191.172","5000","25.361715000","48","1","48192","25.418283000"
"10703","14:42:52.443656","52","1","100.64.0.5","48192","25.363016000","0","420961","5000","25.419584000"
"10704","14:42:52.443699","100","422881","172.26.191.172","5000","25.363059000","48","1","48192","25.419627000"
"10705","14:42:52.443708","100","422929","172.26.191.172","5000","25.363068000","48","1","48192","25.419636000"
"10706","14:42:52.443719","100","422977","172.26.191.172","5000","25.363079000","48","1","48192","25.419647000"
"10707","14:42:52.443721","100","423025","172.26.191.172","5000","25.363081000","48","1","48192","25.419649000"
"10708","14:42:52.443727","100","423073","172.26.191.172","5000","25.363087000","48","1","48192","25.419655000"
"10709","14:42:52.443728","100","423121","172.26.191.172","5000","25.363088000","48","1","48192","25.419656000"
"10710","14:42:52.443740","52","1","100.64.0.5","48192","25.363100000","0","421009","5000","25.419668000"
"10711","14:42:52.443750","100","423169","172.26.191.172","5000","25.363110000","48","1","48192","25.419678000"
"10712","14:42:52.443751","100","423217","172.26.191.172","5000","25.363111000","48","1","48192","25.419679000"
"10713","14:42:52.473740","52","1","100.64.0.5","48192","25.393100000","0","421345","5000","25.449668000"
"10714","14:42:52.473782","100","423265","172.26.191.172","5000","25.393142000","48","1","48192","25.449710000"
"10715","14:42:52.473790","100","423313","172.26.191.172","5000","25.393150000","48","1","48192","25.449718000"
"10716","14:42:52.473801","100","423361","172.26.191.172","5000","25.393161000","48","1","48192","25.449729000"
"10717","14:42:52.473803","100","423409","172.26.191.172","5000","25.393163000","48","1","48192","25.449731000"
"10718","14:42:52.473810","100","423457","172.26.191.172","5000","25.393170000","48","1","48192","25.449738000"
"10719","14:42:52.473812","100","423505","172.26.191.172","5000","25.393172000","48","1","48192","25.449740000"
"10720","14:42:52.473824","52","1","100.64.0.5","48192","25.393184000","0","421633","5000","25.449752000"
"10721","14:42:52.473836","100","423553","172.26.191.172","5000","25.393196000","48","1","48192","25.449764000"
"10722","14:42:52.473838","100","423601","172.26.191.172","5000","25.393198000","48","1","48192","25.449766000"
"10723","14:42:52.473845","100","423649","172.26.191.172","5000","25.393205000","48","1","48192","25.449773000"
"10724","14:42:52.473847","100","423697","172.26.191.172","5000","25.393207000","48","1","48192","25.449775000"
"10725","14:42:52.473853","100","423745","172.26.191.172","5000","25.393213000","48","1","48192","25.449781000"
"10726","14:42:52.473854","100","423793","172.26.191.172","5000","25.393214000","48","1","48192","25.449782000"
"10727","14:42:52.473860","52","1","100.64.0.5","48192","25.393220000","0","421729","5000","25.449788000"
"10728","14:42:52.473869","100","423841","172.26.191.172","5000","25.393229000","48","1","48192","25.449797000"
"10729","14:42:52.473870","100","423889","172.26.191.172","5000","25.393230000","48","1","48192","25.449798000"
"10730","14:42:52.504197","52","1","100.64.0.5","48192","25.423557000","0","422017","5000","25.480125000"
"10731","14:42:52.504239","100","423937","172.26.191.172","5000","25.423599000","48","1","48192","25.480167000"
"10732","14:42:52.504248","100","423985","172.26.191.172","5000","25.423608000","48","1","48192","25.480176000"
"10733","14:42:52.504259","100","424033","172.26.191.172","5000","25.423619000","48","1","48192","25.480187000"
"10734","14:42:52.504260","100","424081","172.26.191.172","5000","25.423620000","48","1","48192","25.480188000"
"10735","14:42:52.504268","100","424129","172.26.191.172","5000","25.423628000","48","1","48192","25.480196000"
"10736","14:42:52.504269","100","424177","172.26.191.172","5000","25.423629000","48","1","48192","25.480197000"
"10737","14:42:52.504275","100","424225","172.26.191.172","5000","25.423635000","48","1","48192","25.480203000"
"10738","14:42:52.504276","100","424273","172.26.191.172","5000","25.423636000","48","1","48192","25.480204000"
"10739","14:42:52.504288","52","1","100.64.0.5","48192","25.423648000","0","422113","5000","25.480216000"
"10740","14:42:52.504297","100","424321","172.26.191.172","5000","25.423657000","48","1","48192","25.480225000"
"10741","14:42:52.504299","100","424369","172.26.191.172","5000","25.423659000","48","1","48192","25.480227000"
"10742","14:42:52.504306","52","1","100.64.0.5","48192","25.423666000","0","422401","5000","25.480234000"
"10743","14:42:52.504317","100","424417","172.26.191.172","5000","25.423677000","48","1","48192","25.480245000"
"10744","14:42:52.504319","100","424465","172.26.191.172","5000","25.423679000","48","1","48192","25.480247000"
"10745","14:42:52.504325","100","424513","172.26.191.172","5000","25.423685000","48","1","48192","25.480253000"
"10746","14:42:52.504326","100","424561","172.26.191.172","5000","25.423686000","48","1","48192","25.480254000"
"10747","14:42:52.504331","100","424609","172.26.191.172","5000","25.423691000","48","1","48192","25.480259000"
"10748","14:42:52.504348","100","424657","172.26.191.172","5000","25.423708000","48","1","48192","25.480276000"
"10749","14:42:52.534171","52","1","100.64.0.5","48192","25.453531000","0","422689","5000","25.510099000"
"10750","14:42:52.534213","100","424705","172.26.191.172","5000","25.453573000","48","1","48192","25.510141000"
"10751","14:42:52.534223","100","424753","172.26.191.172","5000","25.453583000","48","1","48192","25.510151000"
"10752","14:42:52.534234","100","424801","172.26.191.172","5000","25.453594000","48","1","48192","25.510162000"
"10753","14:42:52.534236","100","424849","172.26.191.172","5000","25.453596000","48","1","48192","25.510164000"
"10754","14:42:52.534241","100","424897","172.26.191.172","5000","25.453601000","48","1","48192","25.510169000"
"10755","14:42:52.534243","100","424945","172.26.191.172","5000","25.453603000","48","1","48192","25.510171000"
"10756","14:42:52.534256","52","1","100.64.0.5","48192","25.453616000","0","422977","5000","25.510184000"
"10757","14:42:52.534269","100","424993","172.26.191.172","5000","25.453629000","48","1","48192","25.510197000"
"10758","14:42:52.534270","100","425041","172.26.191.172","5000","25.453630000","48","1","48192","25.510198000"
"10759","14:42:52.534278","100","425089","172.26.191.172","5000","25.453638000","48","1","48192","25.510206000"
"10760","14:42:52.534279","100","425137","172.26.191.172","5000","25.453639000","48","1","48192","25.510207000"
"10761","14:42:52.534285","100","425185","172.26.191.172","5000","25.453645000","48","1","48192","25.510213000"
"10762","14:42:52.534286","100","425233","172.26.191.172","5000","25.453646000","48","1","48192","25.510214000"
"10763","14:42:52.534292","52","1","100.64.0.5","48192","25.453652000","0","423121","5000","25.510220000"
"10764","14:42:52.534304","100","425281","172.26.191.172","5000","25.453664000","48","1","48192","25.510232000"
"10765","14:42:52.534305","100","425329","172.26.191.172","5000","25.453665000","48","1","48192","25.510233000"
"10766","14:42:52.563859","52","1","100.64.0.5","48192","25.483219000","0","423457","5000","25.539787000"
"10767","14:42:52.563900","100","425377","172.26.191.172","5000","25.483260000","48","1","48192","25.539828000"
"10768","14:42:52.563908","100","425425","172.26.191.172","5000","25.483268000","48","1","48192","25.539836000"
"10769","14:42:52.563919","100","425473","172.26.191.172","5000","25.483279000","48","1","48192","25.539847000"
"10770","14:42:52.563921","100","425521","172.26.191.172","5000","25.483281000","48","1","48192","25.539849000"
"10771","14:42:52.563929","100","425569","172.26.191.172","5000","25.483289000","48","1","48192","25.539857000"
"10772","14:42:52.563930","100","425617","172.26.191.172","5000","25.483290000","48","1","48192","25.539858000"
"10773","14:42:52.563936","100","425665","172.26.191.172","5000","25.483296000","48","1","48192","25.539864000"
"10774","14:42:52.563937","100","425713","172.26.191.172","5000","25.483297000","48","1","48192","25.539865000"
"10775","14:42:52.563949","52","1","100.64.0.5","48192","25.483309000","0","423649","5000","25.539877000"
"10776","14:42:52.563960","100","425761","172.26.191.172","5000","25.483320000","48","1","48192","25.539888000"
"10777","14:42:52.563961","100","425809","172.26.191.172","5000","25.483321000","48","1","48192","25.539889000"
"10778","14:42:52.563968","100","425857","172.26.191.172","5000","25.483328000","48","1","48192","25.539896000"
"10779","14:42:52.563969","100","425905","172.26.191.172","5000","25.483329000","48","1","48192","25.539897000"
"10780","14:42:52.563975","52","1","100.64.0.5","48192","25.483335000","0","423793","5000","25.539903000"
"10781","14:42:52.563987","100","425953","172.26.191.172","5000","25.483347000","48","1","48192","25.539915000"
"10782","14:42:52.563989","100","426001","172.26.191.172","5000","25.483349000","48","1","48192","25.539917000"
"10783","14:42:52.595455","52","1","100.64.0.5","48192","25.514815000","0","424129","5000","25.571383000"
"10784","14:42:52.595496","100","426049","172.26.191.172","5000","25.514856000","48","1","48192","25.571424000"
"10785","14:42:52.595507","100","426097","172.26.191.172","5000","25.514867000","48","1","48192","25.571435000"
"10786","14:42:52.595517","100","426145","172.26.191.172","5000","25.514877000","48","1","48192","25.571445000"
"10787","14:42:52.595519","100","426193","172.26.191.172","5000","25.514879000","48","1","48192","25.571447000"
"10788","14:42:52.595525","100","426241","172.26.191.172","5000","25.514885000","48","1","48192","25.571453000"
"10789","14:42:52.595526","100","426289","172.26.191.172","5000","25.514886000","48","1","48192","25.571454000"
"10790","14:42:52.595532","100","426337","172.26.191.172","5000","25.514892000","48","1","48192","25.571460000"
"10791","14:42:52.595533","100","426385","172.26.191.172","5000","25.514893000","48","1","48192","25.571461000"
"10792","14:42:52.595547","52","1","100.64.0.5","48192","25.514907000","0","424417","5000","25.571475000"
"10793","14:42:52.595559","100","426433","172.26.191.172","5000","25.514919000","48","1","48192","25.571487000"
"10794","14:42:52.595561","100","426481","172.26.191.172","5000","25.514921000","48","1","48192","25.571489000"
"10795","14:42:52.595569","100","426529","172.26.191.172","5000","25.514929000","48","1","48192","25.571497000"
"10796","14:42:52.595570","100","426577","172.26.191.172","5000","25.514930000","48","1","48192","25.571498000"
"10797","14:42:52.595575","100","426625","172.26.191.172","5000","25.514935000","48","1","48192","25.571503000"
"10798","14:42:52.595577","100","426673","172.26.191.172","5000","25.514937000","48","1","48192","25.571505000"
"10799","14:42:52.595583","52","1","100.64.0.5","48192","25.514943000","0","424513","5000","25.571511000"
"10800","14:42:52.595592","100","426721","172.26.191.172","5000","25.514952000","48","1","48192","25.571520000"
"10801","14:42:52.595595","100","426769","172.26.191.172","5000","25.514955000","48","1","48192","25.571523000"
"10802","14:42:52.624685","52","1","100.64.0.5","48192","25.544045000","0","424801","5000","25.600613000"
"10803","14:42:52.624724","100","426817","172.26.191.172","5000","25.544084000","48","1","48192","25.600652000"
"10804","14:42:52.624733","100","426865","172.26.191.172","5000","25.544093000","48","1","48192","25.600661000"
"10805","14:42:52.624744","100","426913","172.26.191.172","5000","25.544104000","48","1","48192","25.600672000"
"10806","14:42:52.624746","100","426961","172.26.191.172","5000","25.544106000","48","1","48192","25.600674000"
"10807","14:42:52.624752","100","427009","172.26.191.172","5000","25.544112000","48","1","48192","25.600680000"
"10808","14:42:52.624753","100","427057","172.26.191.172","5000","25.544113000","48","1","48192","25.600681000"
"10809","14:42:52.624765","52","1","100.64.0.5","48192","25.544125000","0","425089","5000","25.600693000"
"10810","14:42:52.624778","100","427105","172.26.191.172","5000","25.544138000","48","1","48192","25.600706000"
"10811","14:42:52.624780","100","427153","172.26.191.172","5000","25.544140000","48","1","48192","25.600708000"
"10812","14:42:52.624786","100","427201","172.26.191.172","5000","25.544146000","48","1","48192","25.600714000"
"10813","14:42:52.624788","100","427249","172.26.191.172","5000","25.544148000","48","1","48192","25.600716000"
"10814","14:42:52.624794","100","427297","172.26.191.172","5000","25.544154000","48","1","48192","25.600722000"
"10815","14:42:52.624795","100","427345","172.26.191.172","5000","25.544155000","48","1","48192","25.600723000"
"10816","14:42:52.624801","52","1","100.64.0.5","48192","25.544161000","0","425185","5000","25.600729000"
"10817","14:42:52.624810","100","427393","172.26.191.172","5000","25.544170000","48","1","48192","25.600738000"
"10818","14:42:52.624811","100","427441","172.26.191.172","5000","25.544171000","48","1","48192","25.600739000"
"10819","14:42:52.655334","52","1","100.64.0.5","48192","25.574694000","0","425473","5000","25.631262000"
"10820","14:42:52.655375","100","427489","172.26.191.172","5000","25.574735000","48","1","48192","25.631303000"
"10821","14:42:52.655384","100","427537","172.26.191.172","5000","25.574744000","48","1","48192","25.631312000"
"10822","14:42:52.655395","100","427585","172.26.191.172","5000","25.574755000","48","1","48192","25.631323000"
"10823","14:42:52.655396","100","427633","172.26.191.172","5000","25.574756000","48","1","48192","25.631324000"
"10824","14:42:52.655404","100","427681","172.26.191.172","5000","25.574764000","48","1","48192","25.631332000"
"10825","14:42:52.655406","100","427729","172.26.191.172","5000","25.574766000","48","1","48192","25.631334000"
"10826","14:42:52.655418","52","1","100.64.0.5","48192","25.574778000","0","425665","5000","25.631346000"
"10827","14:42:52.655429","100","427777","172.26.191.172","5000","25.574789000","48","1","48192","25.631357000"
"10828","14:42:52.655431","100","427825","172.26.191.172","5000","25.574791000","48","1","48192","25.631359000"
"10829","14:42:52.655438","100","427873","172.26.191.172","5000","25.574798000","48","1","48192","25.631366000"
"10830","14:42:52.655439","100","427921","172.26.191.172","5000","25.574799000","48","1","48192","25.631367000"
"10831","14:42:52.655445","52","1","100.64.0.5","48192","25.574805000","0","425905","5000","25.631373000"
"10832","14:42:52.655458","100","427969","172.26.191.172","5000","25.574818000","48","1","48192","25.631386000"
"10833","14:42:52.655459","100","428017","172.26.191.172","5000","25.574819000","48","1","48192","25.631387000"
"10834","14:42:52.655466","100","428065","172.26.191.172","5000","25.574826000","48","1","48192","25.631394000"
"10835","14:42:52.655467","100","428113","172.26.191.172","5000","25.574827000","48","1","48192","25.631395000"
"10836","14:42:52.655473","100","428161","172.26.191.172","5000","25.574833000","48","1","48192","25.631401000"
"10837","14:42:52.655474","100","428209","172.26.191.172","5000","25.574834000","48","1","48192","25.631402000"
"10838","14:42:52.686457","52","1","100.64.0.5","48192","25.605817000","0","426241","5000","25.662385000"
"10839","14:42:52.686501","100","428257","172.26.191.172","5000","25.605861000","48","1","48192","25.662429000"
"10840","14:42:52.686510","100","428305","172.26.191.172","5000","25.605870000","48","1","48192","25.662438000"
"10841","14:42:52.686521","100","428353","172.26.191.172","5000","25.605881000","48","1","48192","25.662449000"
"10842","14:42:52.686523","100","428401","172.26.191.172","5000","25.605883000","48","1","48192","25.662451000"
"10843","14:42:52.686530","100","428449","172.26.191.172","5000","25.605890000","48","1","48192","25.662458000"
"10844","14:42:52.686531","100","428497","172.26.191.172","5000","25.605891000","48","1","48192","25.662459000"
"10845","14:42:52.686543","52","1","100.64.0.5","48192","25.605903000","0","426337","5000","25.662471000"
"10846","14:42:52.686553","100","428545","172.26.191.172","5000","25.605913000","48","1","48192","25.662481000"
"10847","14:42:52.686554","100","428593","172.26.191.172","5000","25.605914000","48","1","48192","25.662482000"
"10848","14:42:52.686562","52","1","100.64.0.5","48192","25.605922000","0","426577","5000","25.662490000"
"10849","14:42:52.686572","100","428641","172.26.191.172","5000","25.605932000","48","1","48192","25.662500000"
"10850","14:42:52.686573","100","428689","172.26.191.172","5000","25.605933000","48","1","48192","25.662501000"
"10851","14:42:52.686579","100","428737","172.26.191.172","5000","25.605939000","48","1","48192","25.662507000"
"10852","14:42:52.686581","100","428785","172.26.191.172","5000","25.605941000","48","1","48192","25.662509000"
"10853","14:42:52.686588","100","428833","172.26.191.172","5000","25.605948000","48","1","48192","25.662516000"
"10854","14:42:52.686589","100","428881","172.26.191.172","5000","25.605949000","48","1","48192","25.662517000"
"10855","14:42:52.715347","52","1","100.64.0.5","48192","25.634707000","0","426913","5000","25.691275000"
"10856","14:42:52.715389","100","428929","172.26.191.172","5000","25.634749000","48","1","48192","25.691317000"
"10857","14:42:52.715400","100","428977","172.26.191.172","5000","25.634760000","48","1","48192","25.691328000"
"10858","14:42:52.715410","100","429025","172.26.191.172","5000","25.634770000","48","1","48192","25.691338000"
"10859","14:42:52.715412","100","429073","172.26.191.172","5000","25.634772000","48","1","48192","25.691340000"
"10860","14:42:52.715418","100","429121","172.26.191.172","5000","25.634778000","48","1","48192","25.691346000"
"10861","14:42:52.715419","100","429169","172.26.191.172","5000","25.634779000","48","1","48192","25.691347000"
"10862","14:42:52.715425","100","429217","172.26.191.172","5000","25.634785000","48","1","48192","25.691353000"
"10863","14:42:52.715427","100","429265","172.26.191.172","5000","25.634787000","48","1","48192","25.691355000"
"10864","14:42:52.716536","52","1","100.64.0.5","48192","25.635896000","0","427201","5000","25.692464000"
"10865","14:42:52.716564","100","429313","172.26.191.172","5000","25.635924000","48","1","48192","25.692492000"
"10866","14:42:52.716571","100","429361","172.26.191.172","5000","25.635931000","48","1","48192","25.692499000"
"10867","14:42:52.716582","100","429409","172.26.191.172","5000","25.635942000","48","1","48192","25.692510000"
"10868","14:42:52.716583","100","429457","172.26.191.172","5000","25.635943000","48","1","48192","25.692511000"
"10869","14:42:52.716589","100","429505","172.26.191.172","5000","25.635949000","48","1","48192","25.692517000"
"10870","14:42:52.716590","100","429553","172.26.191.172","5000","25.635950000","48","1","48192","25.692518000"
"10871","14:42:52.716601","52","1","100.64.0.5","48192","25.635961000","0","427297","5000","25.692529000"
"10872","14:42:52.716612","100","429601","172.26.191.172","5000","25.635972000","48","1","48192","25.692540000"
"10873","14:42:52.716614","100","429649","172.26.191.172","5000","25.635974000","48","1","48192","25.692542000"
"10874","14:42:52.746162","52","1","100.64.0.5","48192","25.665522000","0","427585","5000","25.722090000"
"10875","14:42:52.746203","100","429697","172.26.191.172","5000","25.665563000","48","1","48192","25.722131000"
"10876","14:42:52.746211","100","429745","172.26.191.172","5000","25.665571000","48","1","48192","25.722139000"
"10877","14:42:52.746223","100","429793","172.26.191.172","5000","25.665583000","48","1","48192","25.722151000"
"10878","14:42:52.746224","100","429841","172.26.191.172","5000","25.665584000","48","1","48192","25.722152000"
"10879","14:42:52.746231","100","429889","172.26.191.172","5000","25.665591000","48","1","48192","25.722159000"
"10880","14:42:52.746233","100","429937","172.26.191.172","5000","25.665593000","48","1","48192","25.722161000"
"10881","14:42:52.746245","52","1","100.64.0.5","48192","25.665605000","0","427681","5000","25.722173000"
"10882","14:42:52.746254","100","429985","172.26.191.172","5000","25.665614000","48","1","48192","25.722182000"
"10883","14:42:52.746256","100","430033","172.26.191.172","5000","25.665616000","48","1","48192","25.722184000"
"10884","14:42:52.746263","52","1","100.64.0.5","48192","25.665623000","0","427873","5000","25.722191000"
"10885","14:42:52.746274","100","430081","172.26.191.172","5000","25.665634000","48","1","48192","25.722202000"
"10886","14:42:52.746275","100","430129","172.26.191.172","5000","25.665635000","48","1","48192","25.722203000"
"10887","14:42:52.746281","100","430177","172.26.191.172","5000","25.665641000","48","1","48192","25.722209000"
"10888","14:42:52.746283","100","430225","172.26.191.172","5000","25.665643000","48","1","48192","25.722211000"
"10889","14:42:52.746289","52","1","100.64.0.5","48192","25.665649000","0","427969","5000","25.722217000"
"10890","14:42:52.746297","100","430273","172.26.191.172","5000","25.665657000","48","1","48192","25.722225000"
"10891","14:42:52.746299","100","430321","172.26.191.172","5000","25.665659000","48","1","48192","25.722227000"
"10892","14:42:52.776900","64","1","100.64.0.5","48192","25.696260000","0","428209","5000","25.752828000"
"10893","14:42:52.776946","100","430369","172.26.191.172","5000","25.696306000","48","1","48192","25.752874000"
"10894","14:42:52.776955","100","430417","172.26.191.172","5000","25.696315000","48","1","48192","25.752883000"
"10895","14:42:52.776965","100","430465","172.26.191.172","5000","25.696325000","48","1","48192","25.752893000"
"10896","14:42:52.776967","100","430513","172.26.191.172","5000","25.696327000","48","1","48192","25.752895000"
"10897","14:42:52.776973","100","430561","172.26.191.172","5000","25.696333000","48","1","48192","25.752901000"
"10898","14:42:52.776974","100","430609","172.26.191.172","5000","25.696334000","48","1","48192","25.752902000"
"10899","14:42:52.776986","64","1","100.64.0.5","48192","25.696346000","0","428209","5000","25.752914000"
"10900","14:42:52.776999","100","428209","172.26.191.172","5000","25.696359000","48","1","48192","25.752927000"
"10901","14:42:52.777007","64","1","100.64.0.5","48192","25.696367000","0","428209","5000","25.752935000"
"10902","14:42:52.777018","64","1","100.64.0.5","48192","25.696378000","0","428209","5000","25.752946000"
"10903","14:42:52.777030","100","430657","172.26.191.172","5000","25.696390000","48","1","48192","25.752958000"
"10904","14:42:52.777032","100","430705","172.26.191.172","5000","25.696392000","48","1","48192","25.752960000"
"10905","14:42:52.777036","100","430753","172.26.191.172","5000","25.696396000","48","1","48192","25.752964000"
"10906","14:42:52.807093","64","1","100.64.0.5","48192","25.726453000","0","428209","5000","25.783021000"
"10907","14:42:52.807153","100","430801","172.26.191.172","5000","25.726513000","48","1","48192","25.783081000"
"10908","14:42:52.807163","100","430849","172.26.191.172","5000","25.726523000","48","1","48192","25.783091000"
"10909","14:42:52.807175","100","430897","172.26.191.172","5000","25.726535000","48","1","48192","25.783103000"
"10910","14:42:52.807176","100","430945","172.26.191.172","5000","25.726536000","48","1","48192","25.783104000"
"10911","14:42:52.807183","100","430993","172.26.191.172","5000","25.726543000","48","1","48192","25.783111000"
"10912","14:42:52.807185","100","431041","172.26.191.172","5000","25.726545000","48","1","48192","25.783113000"
"10913","14:42:52.807190","100","431089","172.26.191.172","5000","25.726550000","48","1","48192","25.783118000"
"10914","14:42:52.837421","72","1","100.64.0.5","48192","25.756781000","0","428209","5000","25.813349000"
"10915","14:42:52.837465","100","429649","172.26.191.172","5000","25.756825000","48","1","48192","25.813393000"
"10916","14:42:52.837490","100","431137","172.26.191.172","5000","25.756850000","48","1","48192","25.813418000"
"10917","14:42:52.837491","100","431185","172.26.191.172","5000","25.756851000","48","1","48192","25.813419000"
"10918","14:42:52.868564","64","1","100.64.0.5","48192","25.787924000","0","429649","5000","25.844492000"
"10919","14:42:52.868616","100","431233","172.26.191.172","5000","25.787976000","48","1","48192","25.844544000"
"10920","14:42:52.868625","100","431281","172.26.191.172","5000","25.787985000","48","1","48192","25.844553000"
"10921","14:42:52.868636","100","431329","172.26.191.172","5000","25.787996000","48","1","48192","25.844564000"
"10922","14:42:52.868637","100","431377","172.26.191.172","5000","25.787997000","48","1","48192","25.844565000"
"10923","14:42:52.868645","100","431425","172.26.191.172","5000","25.788005000","48","1","48192","25.844573000"
"10924","14:42:52.868646","100","431473","172.26.191.172","5000","25.788006000","48","1","48192","25.844574000"
"10925","14:42:52.868653","100","431521","172.26.191.172","5000","25.788013000","48","1","48192","25.844581000"
"10926","14:42:52.868654","100","431569","172.26.191.172","5000","25.788014000","48","1","48192","25.844582000"
"10927","14:42:52.868660","100","431617","172.26.191.172","5000","25.788020000","48","1","48192","25.844588000"
"10928","14:42:52.868661","100","431665","172.26.191.172","5000","25.788021000","48","1","48192","25.844589000"
"10929","14:42:52.868667","100","431713","172.26.191.172","5000","25.788027000","48","1","48192","25.844595000"
"10930","14:42:52.868668","100","431761","172.26.191.172","5000","25.788028000","48","1","48192","25.844596000"
"10931","14:42:52.868680","64","1","100.64.0.5","48192","25.788040000","0","429649","5000","25.844608000"
"10932","14:42:52.868690","100","431809","172.26.191.172","5000","25.788050000","48","1","48192","25.844618000"
"10933","14:42:52.868697","64","1","100.64.0.5","48192","25.788057000","0","429649","5000","25.844625000"
"10934","14:42:52.868704","100","431857","172.26.191.172","5000","25.788064000","48","1","48192","25.844632000"
"10935","14:42:52.868710","64","1","100.64.0.5","48192","25.788070000","0","429649","5000","25.844638000"
"10936","14:42:52.868717","100","431905","172.26.191.172","5000","25.788077000","48","1","48192","25.844645000"
"10937","14:42:52.898443","64","1","100.64.0.5","48192","25.817803000","0","429649","5000","25.874371000"
"10938","14:42:52.898486","100","431953","172.26.191.172","5000","25.817846000","48","1","48192","25.874414000"
"10939","14:42:52.898495","100","432001","172.26.191.172","5000","25.817855000","48","1","48192","25.874423000"
"10940","14:42:52.898510","64","1","100.64.0.5","48192","25.817870000","0","429649","5000","25.874438000"
"10941","14:42:52.898525","100","432049","172.26.191.172","5000","25.817885000","48","1","48192","25.874453000"
"10942","14:42:52.898527","100","432097","172.26.191.172","5000","25.817887000","48","1","48192","25.874455000"
"10943","14:42:52.898534","100","432145","172.26.191.172","5000","25.817894000","48","1","48192","25.874462000"
"10944","14:42:52.898535","100","432193","172.26.191.172","5000","25.817895000","48","1","48192","25.874463000"
"10945","14:42:52.898540","100","432241","172.26.191.172","5000","25.817900000","48","1","48192","25.874468000"
"10946","14:42:52.927990","52","1","100.64.0.5","48192","25.847350000","0","431137","5000","25.903918000"
"10947","14:42:52.928026","100","432289","172.26.191.172","5000","25.847386000","48","1","48192","25.903954000"
"10948","14:42:52.928048","52","1","100.64.0.5","48192","25.847408000","0","431233","5000","25.903976000"
"10949","14:42:52.928062","100","432337","172.26.191.172","5000","25.847422000","48","1","48192","25.903990000"
"10950","14:42:52.928064","100","432385","172.26.191.172","5000","25.847424000","48","1","48192","25.903992000"
"10951","14:42:52.958652","52","1","100.64.0.5","48192","25.878012000","0","431521","5000","25.934580000"
"10952","14:42:52.958691","100","432433","172.26.191.172","5000","25.878051000","48","1","48192","25.934619000"
"10953","14:42:52.958700","100","432481","172.26.191.172","5000","25.878060000","48","1","48192","25.934628000"
"10954","14:42:52.958712","100","432529","172.26.191.172","5000","25.878072000","48","1","48192","25.934640000"
"10955","14:42:52.958714","100","432577","172.26.191.172","5000","25.878074000","48","1","48192","25.934642000"
"10956","14:42:52.958721","100","432625","172.26.191.172","5000","25.878081000","48","1","48192","25.934649000"
"10957","14:42:52.958723","100","432673","172.26.191.172","5000","25.878083000","48","1","48192","25.934651000"
"10958","14:42:52.958735","52","1","100.64.0.5","48192","25.878095000","0","431665","5000","25.934663000"
"10959","14:42:52.958745","100","432721","172.26.191.172","5000","25.878105000","48","1","48192","25.934673000"
"10960","14:42:52.958747","100","432769","172.26.191.172","5000","25.878107000","48","1","48192","25.934675000"
"10961","14:42:52.958754","52","1","100.64.0.5","48192","25.878114000","0","431857","5000","25.934682000"
"10962","14:42:52.958765","100","432817","172.26.191.172","5000","25.878125000","48","1","48192","25.934693000"
"10963","14:42:52.958766","100","432865","172.26.191.172","5000","25.878126000","48","1","48192","25.934694000"
"10964","14:42:52.958772","100","432913","172.26.191.172","5000","25.878132000","48","1","48192","25.934700000"
"10965","14:42:52.958773","100","432961","172.26.191.172","5000","25.878133000","48","1","48192","25.934701000"
"10966","14:42:52.958779","52","1","100.64.0.5","48192","25.878139000","0","431905","5000","25.934707000"
"10967","14:42:52.958787","100","433009","172.26.191.172","5000","25.878147000","48","1","48192","25.934715000"
"10968","14:42:52.958788","100","433057","172.26.191.172","5000","25.878148000","48","1","48192","25.934716000"
"10969","14:42:52.989520","52","1","100.64.0.5","48192","25.908880000","0","432241","5000","25.965448000"
"10970","14:42:52.989560","100","433105","172.26.191.172","5000","25.908920000","48","1","48192","25.965488000"
"10971","14:42:52.989569","100","433153","172.26.191.172","5000","25.908929000","48","1","48192","25.965497000"
"10972","14:42:52.989580","100","433201","172.26.191.172","5000","25.908940000","48","1","48192","25.965508000"
"10973","14:42:52.989582","100","433249","172.26.191.172","5000","25.908942000","48","1","48192","25.965510000"
"10974","14:42:52.989588","100","433297","172.26.191.172","5000","25.908948000","48","1","48192","25.965516000"
"10975","14:42:52.989589","100","433345","172.26.191.172","5000","25.908949000","48","1","48192","25.965517000"
"10976","14:42:52.989601","52","1","100.64.0.5","48192","25.908961000","0","432289","5000","25.965529000"
"10977","14:42:52.989610","100","433393","172.26.191.172","5000","25.908970000","48","1","48192","25.965538000"
"10978","14:42:52.989612","100","433441","172.26.191.172","5000","25.908972000","48","1","48192","25.965540000"
"10979","14:42:53.019279","52","1","100.64.0.5","48192","25.938639000","0","432433","5000","25.995207000"
"10980","14:42:53.019319","100","433489","172.26.191.172","5000","25.938679000","48","1","48192","25.995247000"
"10981","14:42:53.019328","100","433537","172.26.191.172","5000","25.938688000","48","1","48192","25.995256000"
"10982","14:42:53.019339","100","433585","172.26.191.172","5000","25.938699000","48","1","48192","25.995267000"
"10983","14:42:53.019341","100","433633","172.26.191.172","5000","25.938701000","48","1","48192","25.995269000"
"10984","14:42:53.049539","52","1","100.64.0.5","48192","25.968899000","0","432721","5000","26.025467000"
"10985","14:42:53.049578","100","433681","172.26.191.172","5000","25.968938000","48","1","48192","26.025506000"
"10986","14:42:53.049587","100","433729","172.26.191.172","5000","25.968947000","48","1","48192","26.025515000"
"10987","14:42:53.049598","100","433777","172.26.191.172","5000","25.968958000","48","1","48192","26.025526000"
"10988","14:42:53.049600","100","433825","172.26.191.172","5000","25.968960000","48","1","48192","26.025528000"
"10989","14:42:53.049606","100","433873","172.26.191.172","5000","25.968966000","48","1","48192","26.025534000"
"10990","14:42:53.049608","100","433921","172.26.191.172","5000","25.968968000","48","1","48192","26.025536000"
"10991","14:42:53.049619","52","1","100.64.0.5","48192","25.968979000","0","432865","5000","26.025547000"
"10992","14:42:53.049630","100","433969","172.26.191.172","5000","25.968990000","48","1","48192","26.025558000"
"10993","14:42:53.049632","100","434017","172.26.191.172","5000","25.968992000","48","1","48192","26.025560000"
"10994","14:42:53.049639","52","1","100.64.0.5","48192","25.968999000","0","433009","5000","26.025567000"
"10995","14:42:53.049649","100","434065","172.26.191.172","5000","25.969009000","48","1","48192","26.025577000"
"10996","14:42:53.049651","100","434113","172.26.191.172","5000","25.969011000","48","1","48192","26.025579000"
"10997","14:42:53.049657","100","434161","172.26.191.172","5000","25.969017000","48","1","48192","26.025585000"
"10998","14:42:53.049658","100","434209","172.26.191.172","5000","25.969018000","48","1","48192","26.025586000"
"10999","14:42:53.049664","52","1","100.64.0.5","48192","25.969024000","0","433105","5000","26.025592000"
"11000","14:42:53.049672","100","434257","172.26.191.172","5000","25.969032000","48","1","48192","26.025600000"
"11001","14:42:53.049673","100","434305","172.26.191.172","5000","25.969033000","48","1","48192","26.025601000"
"11002","14:42:53.080432","52","1","100.64.0.5","48192","25.999792000","0","433393","5000","26.056360000"
"11003","14:42:53.080472","100","434353","172.26.191.172","5000","25.999832000","48","1","48192","26.056400000"
"11004","14:42:53.080481","100","434401","172.26.191.172","5000","25.999841000","48","1","48192","26.056409000"
"11005","14:42:53.080491","100","434449","172.26.191.172","5000","25.999851000","48","1","48192","26.056419000"
"11006","14:42:53.080493","100","434497","172.26.191.172","5000","25.999853000","48","1","48192","26.056421000"
"11007","14:42:53.080500","100","434545","172.26.191.172","5000","25.999860000","48","1","48192","26.056428000"
"11008","14:42:53.080501","100","434593","172.26.191.172","5000","25.999861000","48","1","48192","26.056429000"
"11009","14:42:53.080513","52","1","100.64.0.5","48192","25.999873000","0","433489","5000","26.056441000"
"11010","14:42:53.080522","100","434641","172.26.191.172","5000","25.999882000","48","1","48192","26.056450000"
"11011","14:42:53.080524","100","434689","172.26.191.172","5000","25.999884000","48","1","48192","26.056452000"
"11012","14:42:53.109971","52","1","100.64.0.5","48192","26.029331000","0","433681","5000","26.085899000"
"11013","14:42:53.110011","100","434737","172.26.191.172","5000","26.029371000","48","1","48192","26.085939000"
"11014","14:42:53.110020","100","434785","172.26.191.172","5000","26.029380000","48","1","48192","26.085948000"
"11015","14:42:53.110031","100","434833","172.26.191.172","5000","26.029391000","48","1","48192","26.085959000"
"11016","14:42:53.110032","100","434881","172.26.191.172","5000","26.029392000","48","1","48192","26.085960000"
"11017","14:42:53.140512","52","1","100.64.0.5","48192","26.059872000","0","433969","5000","26.116440000"
"11018","14:42:53.140552","100","434929","172.26.191.172","5000","26.059912000","48","1","48192","26.116480000"
"11019","14:42:53.140561","100","434977","172.26.191.172","5000","26.059921000","48","1","48192","26.116489000"
"11020","14:42:53.140572","100","435025","172.26.191.172","5000","26.059932000","48","1","48192","26.116500000"
"11021","14:42:53.140574","100","435073","172.26.191.172","5000","26.059934000","48","1","48192","26.116502000"
"11022","14:42:53.140580","100","435121","172.26.191.172","5000","26.059940000","48","1","48192","26.116508000"
"11023","14:42:53.140582","100","435169","172.26.191.172","5000","26.059942000","48","1","48192","26.116510000"
"11024","14:42:53.140593","52","1","100.64.0.5","48192","26.059953000","0","434113","5000","26.116521000"
"11025","14:42:53.140603","100","435217","172.26.191.172","5000","26.059963000","48","1","48192","26.116531000"
"11026","14:42:53.140605","100","435265","172.26.191.172","5000","26.059965000","48","1","48192","26.116533000"
"11027","14:42:53.140612","100","435313","172.26.191.172","5000","26.059972000","48","1","48192","26.116540000"
"11028","14:42:53.140613","100","435361","172.26.191.172","5000","26.059973000","48","1","48192","26.116541000"
"11029","14:42:53.140620","52","1","100.64.0.5","48192","26.059980000","0","434353","5000","26.116548000"
"11030","14:42:53.140631","100","435409","172.26.191.172","5000","26.059991000","48","1","48192","26.116559000"
"11031","14:42:53.140633","100","435457","172.26.191.172","5000","26.059993000","48","1","48192","26.116561000"
"11032","14:42:53.140638","100","435505","172.26.191.172","5000","26.059998000","48","1","48192","26.116566000"
"11033","14:42:53.140639","100","435553","172.26.191.172","5000","26.059999000","48","1","48192","26.116567000"
"11034","14:42:53.171566","52","1","100.64.0.5","48192","26.090926000","0","434641","5000","26.147494000"
"11035","14:42:53.171607","100","435601","172.26.191.172","5000","26.090967000","48","1","48192","26.147535000"
"11036","14:42:53.171615","100","435649","172.26.191.172","5000","26.090975000","48","1","48192","26.147543000"
"11037","14:42:53.171626","100","435697","172.26.191.172","5000","26.090986000","48","1","48192","26.147554000"
"11038","14:42:53.171628","100","435745","172.26.191.172","5000","26.090988000","48","1","48192","26.147556000"
"11039","14:42:53.171634","100","435793","172.26.191.172","5000","26.090994000","48","1","48192","26.147562000"
"11040","14:42:53.171635","100","435841","172.26.191.172","5000","26.090995000","48","1","48192","26.147563000"
"11041","14:42:53.171647","52","1","100.64.0.5","48192","26.091007000","0","434737","5000","26.147575000"
"11042","14:42:53.171656","100","435889","172.26.191.172","5000","26.091016000","48","1","48192","26.147584000"
"11043","14:42:53.171658","100","435937","172.26.191.172","5000","26.091018000","48","1","48192","26.147586000"
"11044","14:42:53.200630","52","1","100.64.0.5","48192","26.119990000","0","434929","5000","26.176558000"
"11045","14:42:53.200669","100","435985","172.26.191.172","5000","26.120029000","48","1","48192","26.176597000"
"11046","14:42:53.200678","100","436033","172.26.191.172","5000","26.120038000","48","1","48192","26.176606000"
"11047","14:42:53.200689","100","436081","172.26.191.172","5000","26.120049000","48","1","48192","26.176617000"
"11048","14:42:53.200690","100","436129","172.26.191.172","5000","26.120050000","48","1","48192","26.176618000"
"11049","14:42:53.200696","100","436177","172.26.191.172","5000","26.120056000","48","1","48192","26.176624000"
"11050","14:42:53.200697","100","436225","172.26.191.172","5000","26.120057000","48","1","48192","26.176625000"
"11051","14:42:53.231326","52","1","100.64.0.5","48192","26.150686000","0","435217","5000","26.207254000"
"11052","14:42:53.231351","100","436273","172.26.191.172","5000","26.150711000","48","1","48192","26.207279000"
"11053","14:42:53.231357","100","436321","172.26.191.172","5000","26.150717000","48","1","48192","26.207285000"
"11054","14:42:53.231363","100","436369","172.26.191.172","5000","26.150723000","48","1","48192","26.207291000"
"11055","14:42:53.231363","100","436417","172.26.191.172","5000","26.150723000","48","1","48192","26.207291000"
"11056","14:42:53.231367","100","436465","172.26.191.172","5000","26.150727000","48","1","48192","26.207295000"
"11057","14:42:53.231367","100","436513","172.26.191.172","5000","26.150727000","48","1","48192","26.207295000"
"11058","14:42:53.231374","52","1","100.64.0.5","48192","26.150734000","0","435361","5000","26.207302000"
"11059","14:42:53.231379","100","436561","172.26.191.172","5000","26.150739000","48","1","48192","26.207307000"
"11060","14:42:53.231380","100","436609","172.26.191.172","5000","26.150740000","48","1","48192","26.207308000"
"11061","14:42:53.231384","52","1","100.64.0.5","48192","26.150744000","0","435601","5000","26.207312000"
"11062","14:42:53.231390","100","436657","172.26.191.172","5000","26.150750000","48","1","48192","26.207318000"
"11063","14:42:53.231391","100","436705","172.26.191.172","5000","26.150751000","48","1","48192","26.207319000"
"11064","14:42:53.231395","100","436753","172.26.191.172","5000","26.150755000","48","1","48192","26.207323000"
"11065","14:42:53.231396","100","436801","172.26.191.172","5000","26.150756000","48","1","48192","26.207324000"
"11066","14:42:53.231399","100","436849","172.26.191.172","5000","26.150759000","48","1","48192","26.207327000"
"11067","14:42:53.231400","100","436897","172.26.191.172","5000","26.150760000","48","1","48192","26.207328000"
"11068","14:42:53.261358","52","1","100.64.0.5","48192","26.180718000","0","435889","5000","26.237286000"
"11069","14:42:53.261398","100","436945","172.26.191.172","5000","26.180758000","48","1","48192","26.237326000"
"11070","14:42:53.261407","100","436993","172.26.191.172","5000","26.180767000","48","1","48192","26.237335000"
"11071","14:42:53.261418","100","437041","172.26.191.172","5000","26.180778000","48","1","48192","26.237346000"
"11072","14:42:53.261419","100","437089","172.26.191.172","5000","26.180779000","48","1","48192","26.237347000"
"11073","14:42:53.261426","100","437137","172.26.191.172","5000","26.180786000","48","1","48192","26.237354000"
"11074","14:42:53.261427","100","437185","172.26.191.172","5000","26.180787000","48","1","48192","26.237355000"
"11075","14:42:53.261439","52","1","100.64.0.5","48192","26.180799000","0","435985","5000","26.237367000"
"11076","14:42:53.261449","100","437233","172.26.191.172","5000","26.180809000","48","1","48192","26.237377000"
"11077","14:42:53.261451","100","437281","172.26.191.172","5000","26.180811000","48","1","48192","26.237379000"
"11078","14:42:53.292239","52","1","100.64.0.5","48192","26.211599000","0","436273","5000","26.268167000"
"11079","14:42:53.292278","100","437329","172.26.191.172","5000","26.211638000","48","1","48192","26.268206000"
"11080","14:42:53.292286","100","437377","172.26.191.172","5000","26.211646000","48","1","48192","26.268214000"
"11081","14:42:53.292298","100","437425","172.26.191.172","5000","26.211658000","48","1","48192","26.268226000"
"11082","14:42:53.292299","100","437473","172.26.191.172","5000","26.211659000","48","1","48192","26.268227000"
"11083","14:42:53.292307","100","437521","172.26.191.172","5000","26.211667000","48","1","48192","26.268235000"
"11084","14:42:53.292309","100","437569","172.26.191.172","5000","26.211669000","48","1","48192","26.268237000"
"11085","14:42:53.322048","52","1","100.64.0.5","48192","26.241408000","0","436561","5000","26.297976000"
"11086","14:42:53.322089","100","437617","172.26.191.172","5000","26.241449000","48","1","48192","26.298017000"
"11087","14:42:53.322098","100","437665","172.26.191.172","5000","26.241458000","48","1","48192","26.298026000"
"11088","14:42:53.322109","100","437713","172.26.191.172","5000","26.241469000","48","1","48192","26.298037000"
"11089","14:42:53.322110","100","437761","172.26.191.172","5000","26.241470000","48","1","48192","26.298038000"
"11090","14:42:53.322116","100","437809","172.26.191.172","5000","26.241476000","48","1","48192","26.298044000"
"11091","14:42:53.322118","100","437857","172.26.191.172","5000","26.241478000","48","1","48192","26.298046000"
"11092","14:42:53.322129","52","1","100.64.0.5","48192","26.241489000","0","436705","5000","26.298057000"
"11093","14:42:53.322139","100","437905","172.26.191.172","5000","26.241499000","48","1","48192","26.298067000"
"11094","14:42:53.322141","100","437953","172.26.191.172","5000","26.241501000","48","1","48192","26.298069000"
"11095","14:42:53.322150","100","438001","172.26.191.172","5000","26.241510000","48","1","48192","26.298078000"
"11096","14:42:53.322151","100","438049","172.26.191.172","5000","26.241511000","48","1","48192","26.298079000"
"11097","14:42:53.322157","52","1","100.64.0.5","48192","26.241517000","0","436945","5000","26.298085000"
"11098","14:42:53.322168","100","438097","172.26.191.172","5000","26.241528000","48","1","48192","26.298096000"
"11099","14:42:53.322169","100","438145","172.26.191.172","5000","26.241529000","48","1","48192","26.298097000"
"11100","14:42:53.322175","100","438193","172.26.191.172","5000","26.241535000","48","1","48192","26.298103000"
"11101","14:42:53.322177","100","438241","172.26.191.172","5000","26.241537000","48","1","48192","26.298105000"
"11102","14:42:53.352468","52","1","100.64.0.5","48192","26.271828000","0","437233","5000","26.328396000"
"11103","14:42:53.352508","100","438289","172.26.191.172","5000","26.271868000","48","1","48192","26.328436000"
"11104","14:42:53.352517","100","438337","172.26.191.172","5000","26.271877000","48","1","48192","26.328445000"
"11105","14:42:53.352528","100","438385","172.26.191.172","5000","26.271888000","48","1","48192","26.328456000"
"11106","14:42:53.352530","100","438433","172.26.191.172","5000","26.271890000","48","1","48192","26.328458000"
"11107","14:42:53.352537","100","438481","172.26.191.172","5000","26.271897000","48","1","48192","26.328465000"
"11108","14:42:53.352538","100","438529","172.26.191.172","5000","26.271898000","48","1","48192","26.328466000"
"11109","14:42:53.352549","52","1","100.64.0.5","48192","26.271909000","0","437329","5000","26.328477000"
"11110","14:42:53.352559","100","438577","172.26.191.172","5000","26.271919000","48","1","48192","26.328487000"
"11111","14:42:53.352560","100","438625","172.26.191.172","5000","26.271920000","48","1","48192","26.328488000"
"11112","14:42:53.383252","52","1","100.64.0.5","48192","26.302612000","0","437617","5000","26.359180000"
"11113","14:42:53.383293","100","438673","172.26.191.172","5000","26.302653000","48","1","48192","26.359221000"
"11114","14:42:53.383302","100","438721","172.26.191.172","5000","26.302662000","48","1","48192","26.359230000"
"11115","14:42:53.383312","100","438769","172.26.191.172","5000","26.302672000","48","1","48192","26.359240000"
"11116","14:42:53.383314","100","438817","172.26.191.172","5000","26.302674000","48","1","48192","26.359242000"
"11117","14:42:53.383320","100","438865","172.26.191.172","5000","26.302680000","48","1","48192","26.359248000"
"11118","14:42:53.383322","100","438913","172.26.191.172","5000","26.302682000","48","1","48192","26.359250000"
"11119","14:42:53.383329","100","438961","172.26.191.172","5000","26.302689000","48","1","48192","26.359257000"
"11120","14:42:53.383330","100","439009","172.26.191.172","5000","26.302690000","48","1","48192","26.359258000"
"11121","14:42:53.412648","52","1","100.64.0.5","48192","26.332008000","0","437905","5000","26.388576000"
"11122","14:42:53.412687","100","439057","172.26.191.172","5000","26.332047000","48","1","48192","26.388615000"
"11123","14:42:53.412696","100","439105","172.26.191.172","5000","26.332056000","48","1","48192","26.388624000"
"11124","14:42:53.412707","100","439153","172.26.191.172","5000","26.332067000","48","1","48192","26.388635000"
"11125","14:42:53.412709","100","439201","172.26.191.172","5000","26.332069000","48","1","48192","26.388637000"
"11126","14:42:53.412717","100","439249","172.26.191.172","5000","26.332077000","48","1","48192","26.388645000"
"11127","14:42:53.412718","100","439297","172.26.191.172","5000","26.332078000","48","1","48192","26.388646000"
"11128","14:42:53.412730","52","1","100.64.0.5","48192","26.332090000","0","438049","5000","26.388658000"
"11129","14:42:53.412740","100","439345","172.26.191.172","5000","26.332100000","48","1","48192","26.388668000"
"11130","14:42:53.412741","100","439393","172.26.191.172","5000","26.332101000","48","1","48192","26.388669000"
"11131","14:42:53.412749","52","1","100.64.0.5","48192","26.332109000","0","438289","5000","26.388677000"
"11132","14:42:53.412759","100","439441","172.26.191.172","5000","26.332119000","48","1","48192","26.388687000"
"11133","14:42:53.412760","100","439489","172.26.191.172","5000","26.332120000","48","1","48192","26.388688000"
"11134","14:42:53.412767","100","439537","172.26.191.172","5000","26.332127000","48","1","48192","26.388695000"
"11135","14:42:53.412768","100","439585","172.26.191.172","5000","26.332128000","48","1","48192","26.388696000"
"11136","14:42:53.412774","100","439633","172.26.191.172","5000","26.332134000","48","1","48192","26.388702000"
"11137","14:42:53.412775","100","439681","172.26.191.172","5000","26.332135000","48","1","48192","26.388703000"
"11138","14:42:53.443571","52","1","100.64.0.5","48192","26.362931000","0","438577","5000","26.419499000"
"11139","14:42:53.443611","100","439729","172.26.191.172","5000","26.362971000","48","1","48192","26.419539000"
"11140","14:42:53.443619","100","439777","172.26.191.172","5000","26.362979000","48","1","48192","26.419547000"
"11141","14:42:53.443630","100","439825","172.26.191.172","5000","26.362990000","48","1","48192","26.419558000"
"11142","14:42:53.443631","100","439873","172.26.191.172","5000","26.362991000","48","1","48192","26.419559000"
"11143","14:42:53.443637","100","439921","172.26.191.172","5000","26.362997000","48","1","48192","26.419565000"
"11144","14:42:53.443639","100","439969","172.26.191.172","5000","26.362999000","48","1","48192","26.419567000"
"11145","14:42:53.443650","52","1","100.64.0.5","48192","26.363010000","0","438673","5000","26.419578000"
"11146","14:42:53.443659","100","440017","172.26.191.172","5000","26.363019000","48","1","48192","26.419587000"
"11147","14:42:53.443660","100","440065","172.26.191.172","5000","26.363020000","48","1","48192","26.419588000"
"11148","14:42:53.474028","52","1","100.64.0.5","48192","26.393388000","0","438961","5000","26.449956000"
"11149","14:42:53.474064","100","440113","172.26.191.172","5000","26.393424000","48","1","48192","26.449992000"
"11150","14:42:53.474073","100","440161","172.26.191.172","5000","26.393433000","48","1","48192","26.450001000"
"11151","14:42:53.474084","100","440209","172.26.191.172","5000","26.393444000","48","1","48192","26.450012000"
"11152","14:42:53.474085","100","440257","172.26.191.172","5000","26.393445000","48","1","48192","26.450013000"
"11153","14:42:53.474091","100","440305","172.26.191.172","5000","26.393451000","48","1","48192","26.450019000"
"11154","14:42:53.474093","100","440353","172.26.191.172","5000","26.393453000","48","1","48192","26.450021000"
"11155","14:42:53.474104","52","1","100.64.0.5","48192","26.393464000","0","439057","5000","26.450032000"
"11156","14:42:53.474113","100","440401","172.26.191.172","5000","26.393473000","48","1","48192","26.450041000"
"11157","14:42:53.474115","100","440449","172.26.191.172","5000","26.393475000","48","1","48192","26.450043000"
"11158","14:42:53.503846","52","1","100.64.0.5","48192","26.423206000","0","439345","5000","26.479774000"
"11159","14:42:53.503886","100","440497","172.26.191.172","5000","26.423246000","48","1","48192","26.479814000"
"11160","14:42:53.503895","100","440545","172.26.191.172","5000","26.423255000","48","1","48192","26.479823000"
"11161","14:42:53.503906","100","440593","172.26.191.172","5000","26.423266000","48","1","48192","26.479834000"
"11162","14:42:53.503908","100","440641","172.26.191.172","5000","26.423268000","48","1","48192","26.479836000"
"11163","14:42:53.503914","100","440689","172.26.191.172","5000","26.423274000","48","1","48192","26.479842000"
"11164","14:42:53.503915","100","440737","172.26.191.172","5000","26.423275000","48","1","48192","26.479843000"
"11165","14:42:53.503927","52","1","100.64.0.5","48192","26.423287000","0","439537","5000","26.479855000"
"11166","14:42:53.503937","100","440785","172.26.191.172","5000","26.423297000","48","1","48192","26.479865000"
"11167","14:42:53.503939","100","440833","172.26.191.172","5000","26.423299000","48","1","48192","26.479867000"
"11168","14:42:53.503947","100","440881","172.26.191.172","5000","26.423307000","48","1","48192","26.479875000"
"11169","14:42:53.503948","100","440929","172.26.191.172","5000","26.423308000","48","1","48192","26.479876000"
"11170","14:42:53.503955","52","1","100.64.0.5","48192","26.423315000","0","439729","5000","26.479883000"
"11171","14:42:53.503966","100","440977","172.26.191.172","5000","26.423326000","48","1","48192","26.479894000"
"11172","14:42:53.503967","100","441025","172.26.191.172","5000","26.423327000","48","1","48192","26.479895000"
"11173","14:42:53.503973","100","441073","172.26.191.172","5000","26.423333000","48","1","48192","26.479901000"
"11174","14:42:53.503974","100","441121","172.26.191.172","5000","26.423334000","48","1","48192","26.479902000"
"11175","14:42:53.534440","52","1","100.64.0.5","48192","26.453800000","0","440017","5000","26.510368000"
"11176","14:42:53.534480","100","441169","172.26.191.172","5000","26.453840000","48","1","48192","26.510408000"
"11177","14:42:53.534489","100","441217","172.26.191.172","5000","26.453849000","48","1","48192","26.510417000"
"11178","14:42:53.534499","100","441265","172.26.191.172","5000","26.453859000","48","1","48192","26.510427000"
"11179","14:42:53.534501","100","441313","172.26.191.172","5000","26.453861000","48","1","48192","26.510429000"
"11180","14:42:53.534507","100","441361","172.26.191.172","5000","26.453867000","48","1","48192","26.510435000"
"11181","14:42:53.534508","100","441409","172.26.191.172","5000","26.453868000","48","1","48192","26.510436000"
"11182","14:42:53.534520","52","1","100.64.0.5","48192","26.453880000","0","440113","5000","26.510448000"
"11183","14:42:53.534529","100","441457","172.26.191.172","5000","26.453889000","48","1","48192","26.510457000"
"11184","14:42:53.534531","100","441505","172.26.191.172","5000","26.453891000","48","1","48192","26.510459000"
"11185","14:42:53.564485","52","1","100.64.0.5","48192","26.483845000","0","440401","5000","26.540413000"
"11186","14:42:53.564524","100","441553","172.26.191.172","5000","26.483884000","48","1","48192","26.540452000"
"11187","14:42:53.564533","100","441601","172.26.191.172","5000","26.483893000","48","1","48192","26.540461000"
"11188","14:42:53.564543","100","441649","172.26.191.172","5000","26.483903000","48","1","48192","26.540471000"
"11189","14:42:53.564545","100","441697","172.26.191.172","5000","26.483905000","48","1","48192","26.540473000"
"11190","14:42:53.564551","100","441745","172.26.191.172","5000","26.483911000","48","1","48192","26.540479000"
"11191","14:42:53.564552","100","441793","172.26.191.172","5000","26.483912000","48","1","48192","26.540480000"
"11192","14:42:53.564564","52","1","100.64.0.5","48192","26.483924000","0","440497","5000","26.540492000"
"11193","14:42:53.564573","100","441841","172.26.191.172","5000","26.483933000","48","1","48192","26.540501000"
"11194","14:42:53.564575","100","441889","172.26.191.172","5000","26.483935000","48","1","48192","26.540503000"
"11195","14:42:53.564581","100","441937","172.26.191.172","5000","26.483941000","48","1","48192","26.540509000"
"11196","14:42:53.564583","100","441985","172.26.191.172","5000","26.483943000","48","1","48192","26.540511000"
"11197","14:42:53.594334","52","1","100.64.0.5","48192","26.513694000","0","440785","5000","26.570262000"
"11198","14:42:53.594373","100","442033","172.26.191.172","5000","26.513733000","48","1","48192","26.570301000"
"11199","14:42:53.594381","100","442081","172.26.191.172","5000","26.513741000","48","1","48192","26.570309000"
"11200","14:42:53.594393","100","442129","172.26.191.172","5000","26.513753000","48","1","48192","26.570321000"
"11201","14:42:53.594394","100","442177","172.26.191.172","5000","26.513754000","48","1","48192","26.570322000"
"11202","14:42:53.594401","100","442225","172.26.191.172","5000","26.513761000","48","1","48192","26.570329000"
"11203","14:42:53.594402","100","442273","172.26.191.172","5000","26.513762000","48","1","48192","26.570330000"
"11204","14:42:53.595565","52","1","100.64.0.5","48192","26.514925000","0","441073","5000","26.571493000"
"11205","14:42:53.595591","100","442321","172.26.191.172","5000","26.514951000","48","1","48192","26.571519000"
"11206","14:42:53.595598","100","442369","172.26.191.172","5000","26.514958000","48","1","48192","26.571526000"
"11207","14:42:53.595608","100","442417","172.26.191.172","5000","26.514968000","48","1","48192","26.571536000"
"11208","14:42:53.595609","100","442465","172.26.191.172","5000","26.514969000","48","1","48192","26.571537000"
"11209","14:42:53.595615","100","442513","172.26.191.172","5000","26.514975000","48","1","48192","26.571543000"
"11210","14:42:53.595617","100","442561","172.26.191.172","5000","26.514977000","48","1","48192","26.571545000"
"11211","14:42:53.595628","52","1","100.64.0.5","48192","26.514988000","0","441169","5000","26.571556000"
"11212","14:42:53.595636","100","442609","172.26.191.172","5000","26.514996000","48","1","48192","26.571564000"
"11213","14:42:53.595638","100","442657","172.26.191.172","5000","26.514998000","48","1","48192","26.571566000"
"11214","14:42:53.624779","52","1","100.64.0.5","48192","26.544139000","0","441457","5000","26.600707000"
"11215","14:42:53.624827","100","442705","172.26.191.172","5000","26.544187000","48","1","48192","26.600755000"
"11216","14:42:53.624829","100","442753","172.26.191.172","5000","26.544189000","48","1","48192","26.600757000"
"11217","14:42:53.624833","100","442801","172.26.191.172","5000","26.544193000","48","1","48192","26.600761000"
"11218","14:42:53.624834","100","442849","172.26.191.172","5000","26.544194000","48","1","48192","26.600762000"
"11219","14:42:53.624837","100","442897","172.26.191.172","5000","26.544197000","48","1","48192","26.600765000"
"11220","14:42:53.624837","100","442945","172.26.191.172","5000","26.544197000","48","1","48192","26.600765000"
"11221","14:42:53.624841","52","1","100.64.0.5","48192","26.544201000","0","441553","5000","26.600769000"
"11222","14:42:53.624845","100","442993","172.26.191.172","5000","26.544205000","48","1","48192","26.600773000"
"11223","14:42:53.624846","100","443041","172.26.191.172","5000","26.544206000","48","1","48192","26.600774000"
"11224","14:42:53.655152","52","1","100.64.0.5","48192","26.574512000","0","441841","5000","26.631080000"
"11225","14:42:53.655167","100","443089","172.26.191.172","5000","26.574527000","48","1","48192","26.631095000"
"11226","14:42:53.655169","100","443137","172.26.191.172","5000","26.574529000","48","1","48192","26.631097000"
"11227","14:42:53.655173","100","443185","172.26.191.172","5000","26.574533000","48","1","48192","26.631101000"
"11228","14:42:53.655173","100","443233","172.26.191.172","5000","26.574533000","48","1","48192","26.631101000"
"11229","14:42:53.655175","100","443281","172.26.191.172","5000","26.574535000","48","1","48192","26.631103000"
"11230","14:42:53.655175","100","443329","172.26.191.172","5000","26.574535000","48","1","48192","26.631103000"
"11231","14:42:53.655179","52","1","100.64.0.5","48192","26.574539000","0","442033","5000","26.631107000"
"11232","14:42:53.655181","100","443377","172.26.191.172","5000","26.574541000","48","1","48192","26.631109000"
"11233","14:42:53.655182","100","443425","172.26.191.172","5000","26.574542000","48","1","48192","26.631110000"
"11234","14:42:53.655184","100","443473","172.26.191.172","5000","26.574544000","48","1","48192","26.631112000"
"11235","14:42:53.655184","100","443521","172.26.191.172","5000","26.574544000","48","1","48192","26.631112000"
"11236","14:42:53.685573","52","1","100.64.0.5","48192","26.604933000","0","442321","5000","26.661501000"
"11237","14:42:53.685590","100","443569","172.26.191.172","5000","26.604950000","48","1","48192","26.661518000"
"11238","14:42:53.685594","100","443617","172.26.191.172","5000","26.604954000","48","1","48192","26.661522000"
"11239","14:42:53.685597","100","443665","172.26.191.172","5000","26.604957000","48","1","48192","26.661525000"
"11240","14:42:53.685598","100","443713","172.26.191.172","5000","26.604958000","48","1","48192","26.661526000"
"11241","14:42:53.685600","100","443761","172.26.191.172","5000","26.604960000","48","1","48192","26.661528000"
"11242","14:42:53.685600","100","443809","172.26.191.172","5000","26.604960000","48","1","48192","26.661528000"
"11243","14:42:53.685603","52","1","100.64.0.5","48192","26.604963000","0","442609","5000","26.661531000"
"11244","14:42:53.685607","100","443857","172.26.191.172","5000","26.604967000","48","1","48192","26.661535000"
"11245","14:42:53.685607","100","443905","172.26.191.172","5000","26.604967000","48","1","48192","26.661535000"
"11246","14:42:53.685610","100","443953","172.26.191.172","5000","26.604970000","48","1","48192","26.661538000"
"11247","14:42:53.685610","100","444001","172.26.191.172","5000","26.604970000","48","1","48192","26.661538000"
"11248","14:42:53.685612","100","444049","172.26.191.172","5000","26.604972000","48","1","48192","26.661540000"
"11249","14:42:53.685612","100","444097","172.26.191.172","5000","26.604972000","48","1","48192","26.661540000"
"11250","14:42:53.685614","52","1","100.64.0.5","48192","26.604974000","0","442705","5000","26.661542000"
"11251","14:42:53.685617","100","444145","172.26.191.172","5000","26.604977000","48","1","48192","26.661545000"
"11252","14:42:53.685617","100","444193","172.26.191.172","5000","26.604977000","48","1","48192","26.661545000"
"11253","14:42:53.716359","52","1","100.64.0.5","48192","26.635719000","0","442993","5000","26.692287000"
"11254","14:42:53.716382","100","444241","172.26.191.172","5000","26.635742000","48","1","48192","26.692310000"
"11255","14:42:53.716386","100","444289","172.26.191.172","5000","26.635746000","48","1","48192","26.692314000"
"11256","14:42:53.716391","100","444337","172.26.191.172","5000","26.635751000","48","1","48192","26.692319000"
"11257","14:42:53.716392","100","444385","172.26.191.172","5000","26.635752000","48","1","48192","26.692320000"
"11258","14:42:53.716395","100","444433","172.26.191.172","5000","26.635755000","48","1","48192","26.692323000"
"11259","14:42:53.716395","100","444481","172.26.191.172","5000","26.635755000","48","1","48192","26.692323000"
"11260","14:42:53.716400","52","1","100.64.0.5","48192","26.635760000","0","443089","5000","26.692328000"
"11261","14:42:53.716405","100","444529","172.26.191.172","5000","26.635765000","48","1","48192","26.692333000"
"11262","14:42:53.716405","100","444577","172.26.191.172","5000","26.635765000","48","1","48192","26.692333000"
"11263","14:42:53.746378","52","1","100.64.0.5","48192","26.665738000","0","443377","5000","26.722306000"
"11264","14:42:53.746418","100","444625","172.26.191.172","5000","26.665778000","48","1","48192","26.722346000"
"11265","14:42:53.746427","100","444673","172.26.191.172","5000","26.665787000","48","1","48192","26.722355000"
"11266","14:42:53.746438","100","444721","172.26.191.172","5000","26.665798000","48","1","48192","26.722366000"
"11267","14:42:53.746440","100","444769","172.26.191.172","5000","26.665800000","48","1","48192","26.722368000"
"11268","14:42:53.746446","100","444817","172.26.191.172","5000","26.665806000","48","1","48192","26.722374000"
"11269","14:42:53.746447","100","444865","172.26.191.172","5000","26.665807000","48","1","48192","26.722375000"
"11270","14:42:53.746458","52","1","100.64.0.5","48192","26.665818000","0","443569","5000","26.722386000"
"11271","14:42:53.746469","100","444913","172.26.191.172","5000","26.665829000","48","1","48192","26.722397000"
"11272","14:42:53.746471","100","444961","172.26.191.172","5000","26.665831000","48","1","48192","26.722399000"
"11273","14:42:53.746479","100","445009","172.26.191.172","5000","26.665839000","48","1","48192","26.722407000"
"11274","14:42:53.746480","100","445057","172.26.191.172","5000","26.665840000","48","1","48192","26.722408000"
"11275","14:42:53.777102","52","1","100.64.0.5","48192","26.696462000","0","443857","5000","26.753030000"
"11276","14:42:53.777142","100","445105","172.26.191.172","5000","26.696502000","48","1","48192","26.753070000"
"11277","14:42:53.777151","100","445153","172.26.191.172","5000","26.696511000","48","1","48192","26.753079000"
"11278","14:42:53.777162","100","445201","172.26.191.172","5000","26.696522000","48","1","48192","26.753090000"
"11279","14:42:53.777163","100","445249","172.26.191.172","5000","26.696523000","48","1","48192","26.753091000"
"11280","14:42:53.777170","100","445297","172.26.191.172","5000","26.696530000","48","1","48192","26.753098000"
"11281","14:42:53.777171","100","445345","172.26.191.172","5000","26.696531000","48","1","48192","26.753099000"
"11282","14:42:53.777179","100","445393","172.26.191.172","5000","26.696539000","48","1","48192","26.753107000"
"11283","14:42:53.777180","100","445441","172.26.191.172","5000","26.696540000","48","1","48192","26.753108000"
"11284","14:42:53.777192","52","1","100.64.0.5","48192","26.696552000","0","444145","5000","26.753120000"
"11285","14:42:53.777203","100","445489","172.26.191.172","5000","26.696563000","48","1","48192","26.753131000"
"11286","14:42:53.777204","100","445537","172.26.191.172","5000","26.696564000","48","1","48192","26.753132000"
"11287","14:42:53.777210","100","445585","172.26.191.172","5000","26.696570000","48","1","48192","26.753138000"
"11288","14:42:53.777211","100","445633","172.26.191.172","5000","26.696571000","48","1","48192","26.753139000"
"11289","14:42:53.777217","100","445681","172.26.191.172","5000","26.696577000","48","1","48192","26.753145000"
"11290","14:42:53.777218","100","445729","172.26.191.172","5000","26.696578000","48","1","48192","26.753146000"
"11291","14:42:53.777225","52","1","100.64.0.5","48192","26.696585000","0","444241","5000","26.753153000"
"11292","14:42:53.777233","100","445777","172.26.191.172","5000","26.696593000","48","1","48192","26.753161000"
"11293","14:42:53.777234","100","445825","172.26.191.172","5000","26.696594000","48","1","48192","26.753162000"
"11294","14:42:53.807473","52","1","100.64.0.5","48192","26.726833000","0","444385","5000","26.783401000"
"11295","14:42:53.807512","100","445873","172.26.191.172","5000","26.726872000","48","1","48192","26.783440000"
"11296","14:42:53.807521","100","445921","172.26.191.172","5000","26.726881000","48","1","48192","26.783449000"
"11297","14:42:53.807536","52","1","100.64.0.5","48192","26.726896000","0","444625","5000","26.783464000"
"11298","14:42:53.807548","100","445969","172.26.191.172","5000","26.726908000","48","1","48192","26.783476000"
"11299","14:42:53.807550","100","446017","172.26.191.172","5000","26.726910000","48","1","48192","26.783478000"
"11300","14:42:53.807557","100","446065","172.26.191.172","5000","26.726917000","48","1","48192","26.783485000"
"11301","14:42:53.807558","100","446113","172.26.191.172","5000","26.726918000","48","1","48192","26.783486000"
"11302","14:42:53.807564","100","446161","172.26.191.172","5000","26.726924000","48","1","48192","26.783492000"
"11303","14:42:53.807566","100","446209","172.26.191.172","5000","26.726926000","48","1","48192","26.783494000"
"11304","14:42:53.837274","52","1","100.64.0.5","48192","26.756634000","0","444913","5000","26.813202000"
"11305","14:42:53.837313","100","446257","172.26.191.172","5000","26.756673000","48","1","48192","26.813241000"
"11306","14:42:53.837322","100","446305","172.26.191.172","5000","26.756682000","48","1","48192","26.813250000"
"11307","14:42:53.837333","100","446353","172.26.191.172","5000","26.756693000","48","1","48192","26.813261000"
"11308","14:42:53.837334","100","446401","172.26.191.172","5000","26.756694000","48","1","48192","26.813262000"
"11309","14:42:53.837340","100","446449","172.26.191.172","5000","26.756700000","48","1","48192","26.813268000"
"11310","14:42:53.837342","100","446497","172.26.191.172","5000","26.756702000","48","1","48192","26.813270000"
"11311","14:42:53.837353","52","1","100.64.0.5","48192","26.756713000","0","445105","5000","26.813281000"
"11312","14:42:53.837364","100","446545","172.26.191.172","5000","26.756724000","48","1","48192","26.813292000"
"11313","14:42:53.837366","100","446593","172.26.191.172","5000","26.756726000","48","1","48192","26.813294000"
"11314","14:42:53.837373","100","446641","172.26.191.172","5000","26.756733000","48","1","48192","26.813301000"
"11315","14:42:53.837375","100","446689","172.26.191.172","5000","26.756735000","48","1","48192","26.813303000"
"11316","14:42:53.867999","52","1","100.64.0.5","48192","26.787359000","0","445393","5000","26.843927000"
"11317","14:42:53.868039","100","446737","172.26.191.172","5000","26.787399000","48","1","48192","26.843967000"
"11318","14:42:53.868047","100","446785","172.26.191.172","5000","26.787407000","48","1","48192","26.843975000"
"11319","14:42:53.868058","100","446833","172.26.191.172","5000","26.787418000","48","1","48192","26.843986000"
"11320","14:42:53.868060","100","446881","172.26.191.172","5000","26.787420000","48","1","48192","26.843988000"
"11321","14:42:53.868066","100","446929","172.26.191.172","5000","26.787426000","48","1","48192","26.843994000"
"11322","14:42:53.868067","100","446977","172.26.191.172","5000","26.787427000","48","1","48192","26.843995000"
"11323","14:42:53.868079","52","1","100.64.0.5","48192","26.787439000","0","445681","5000","26.844007000"
"11324","14:42:53.868090","100","447025","172.26.191.172","5000","26.787450000","48","1","48192","26.844018000"
"11325","14:42:53.868092","100","447073","172.26.191.172","5000","26.787452000","48","1","48192","26.844020000"
"11326","14:42:53.868099","100","447121","172.26.191.172","5000","26.787459000","48","1","48192","26.844027000"
"11327","14:42:53.868100","100","447169","172.26.191.172","5000","26.787460000","48","1","48192","26.844028000"
"11328","14:42:53.868107","100","447217","172.26.191.172","5000","26.787467000","48","1","48192","26.844035000"
"11329","14:42:53.868108","100","447265","172.26.191.172","5000","26.787468000","48","1","48192","26.844036000"
"11330","14:42:53.868114","52","1","100.64.0.5","48192","26.787474000","0","445777","5000","26.844042000"
"11331","14:42:53.868123","100","447313","172.26.191.172","5000","26.787483000","48","1","48192","26.844051000"
"11332","14:42:53.868124","100","447361","172.26.191.172","5000","26.787484000","48","1","48192","26.844052000"
"11333","14:42:53.898592","52","1","100.64.0.5","48192","26.817952000","0","446065","5000","26.874520000"
"11334","14:42:53.898632","100","447409","172.26.191.172","5000","26.817992000","48","1","48192","26.874560000"
"11335","14:42:53.898641","100","447457","172.26.191.172","5000","26.818001000","48","1","48192","26.874569000"
"11336","14:42:53.898653","100","447505","172.26.191.172","5000","26.818013000","48","1","48192","26.874581000"
"11337","14:42:53.898654","100","447553","172.26.191.172","5000","26.818014000","48","1","48192","26.874582000"
"11338","14:42:53.898660","100","447601","172.26.191.172","5000","26.818020000","48","1","48192","26.874588000"
"11339","14:42:53.898662","100","447649","172.26.191.172","5000","26.818022000","48","1","48192","26.874590000"
"11340","14:42:53.898673","52","1","100.64.0.5","48192","26.818033000","0","446257","5000","26.874601000"
"11341","14:42:53.898683","100","447697","172.26.191.172","5000","26.818043000","48","1","48192","26.874611000"
"11342","14:42:53.898685","100","447745","172.26.191.172","5000","26.818045000","48","1","48192","26.874613000"
"11343","14:42:53.898691","100","447793","172.26.191.172","5000","26.818051000","48","1","48192","26.874619000"
"11344","14:42:53.898693","100","447841","172.26.191.172","5000","26.818053000","48","1","48192","26.874621000"
"11345","14:42:53.928083","52","1","100.64.0.5","48192","26.847443000","0","446545","5000","26.904011000"
"11346","14:42:53.928119","100","447889","172.26.191.172","5000","26.847479000","48","1","48192","26.904047000"
"11347","14:42:53.928127","100","447937","172.26.191.172","5000","26.847487000","48","1","48192","26.904055000"
"11348","14:42:53.928138","100","447985","172.26.191.172","5000","26.847498000","48","1","48192","26.904066000"
"11349","14:42:53.928140","100","448033","172.26.191.172","5000","26.847500000","48","1","48192","26.904068000"
"11350","14:42:53.928146","100","448081","172.26.191.172","5000","26.847506000","48","1","48192","26.904074000"
"11351","14:42:53.928147","100","448129","172.26.191.172","5000","26.847507000","48","1","48192","26.904075000"
"11352","14:42:53.928159","52","1","100.64.0.5","48192","26.847519000","0","446737","5000","26.904087000"
"11353","14:42:53.928169","100","448177","172.26.191.172","5000","26.847529000","48","1","48192","26.904097000"
"11354","14:42:53.928170","100","448225","172.26.191.172","5000","26.847530000","48","1","48192","26.904098000"
"11355","14:42:53.928178","100","448273","172.26.191.172","5000","26.847538000","48","1","48192","26.904106000"
"11356","14:42:53.928180","100","448321","172.26.191.172","5000","26.847540000","48","1","48192","26.904108000"
"11357","14:42:53.957965","52","1","100.64.0.5","48192","26.877325000","0","447025","5000","26.933893000"
"11358","14:42:53.958001","100","448369","172.26.191.172","5000","26.877361000","48","1","48192","26.933929000"
"11359","14:42:53.958010","100","448417","172.26.191.172","5000","26.877370000","48","1","48192","26.933938000"
"11360","14:42:53.958020","100","448465","172.26.191.172","5000","26.877380000","48","1","48192","26.933948000"
"11361","14:42:53.958022","100","448513","172.26.191.172","5000","26.877382000","48","1","48192","26.933950000"
"11362","14:42:53.958028","100","448561","172.26.191.172","5000","26.877388000","48","1","48192","26.933956000"
"11363","14:42:53.958029","100","448609","172.26.191.172","5000","26.877389000","48","1","48192","26.933957000"
"11364","14:42:53.958035","100","448657","172.26.191.172","5000","26.877395000","48","1","48192","26.933963000"
"11365","14:42:53.958037","100","448705","172.26.191.172","5000","26.877397000","48","1","48192","26.933965000"
"11366","14:42:53.958048","52","1","100.64.0.5","48192","26.877408000","0","447313","5000","26.933976000"
"11367","14:42:53.958059","100","448753","172.26.191.172","5000","26.877419000","48","1","48192","26.933987000"
"11368","14:42:53.958060","100","448801","172.26.191.172","5000","26.877420000","48","1","48192","26.933988000"
"11369","14:42:53.958067","100","448849","172.26.191.172","5000","26.877427000","48","1","48192","26.933995000"
"11370","14:42:53.958068","100","448897","172.26.191.172","5000","26.877428000","48","1","48192","26.933996000"
"11371","14:42:53.958076","100","448945","172.26.191.172","5000","26.877436000","48","1","48192","26.934004000"
"11372","14:42:53.958077","100","448993","172.26.191.172","5000","26.877437000","48","1","48192","26.934005000"
"11373","14:42:53.958083","52","1","100.64.0.5","48192","26.877443000","0","447409","5000","26.934011000"
"11374","14:42:53.958092","100","449041","172.26.191.172","5000","26.877452000","48","1","48192","26.934020000"
"11375","14:42:53.958093","100","449089","172.26.191.172","5000","26.877453000","48","1","48192","26.934021000"
"11376","14:42:53.989226","52","1","100.64.0.5","48192","26.908586000","0","447697","5000","26.965154000"
"11377","14:42:53.989265","100","449137","172.26.191.172","5000","26.908625000","48","1","48192","26.965193000"
"11378","14:42:53.989274","100","449185","172.26.191.172","5000","26.908634000","48","1","48192","26.965202000"
"11379","14:42:53.989286","100","449233","172.26.191.172","5000","26.908646000","48","1","48192","26.965214000"
"11380","14:42:53.989288","100","449281","172.26.191.172","5000","26.908648000","48","1","48192","26.965216000"
"11381","14:42:53.989294","100","449329","172.26.191.172","5000","26.908654000","48","1","48192","26.965222000"
"11382","14:42:53.989295","100","449377","172.26.191.172","5000","26.908655000","48","1","48192","26.965223000"
"11383","14:42:53.989306","52","1","100.64.0.5","48192","26.908666000","0","447889","5000","26.965234000"
"11384","14:42:53.989317","100","449425","172.26.191.172","5000","26.908677000","48","1","48192","26.965245000"
"11385","14:42:53.989319","100","449473","172.26.191.172","5000","26.908679000","48","1","48192","26.965247000"
"11386","14:42:53.989326","100","449521","172.26.191.172","5000","26.908686000","48","1","48192","26.965254000"
"11387","14:42:53.989327","100","449569","172.26.191.172","5000","26.908687000","48","1","48192","26.965255000"
"11388","14:42:54.019579","52","1","100.64.0.5","48192","26.938939000","0","448177","5000","26.995507000"
"11389","14:42:54.019620","100","449617","172.26.191.172","5000","26.938980000","48","1","48192","26.995548000"
"11390","14:42:54.019628","100","449665","172.26.191.172","5000","26.938988000","48","1","48192","26.995556000"
"11391","14:42:54.019639","100","449713","172.26.191.172","5000","26.938999000","48","1","48192","26.995567000"
"11392","14:42:54.019641","100","449761","172.26.191.172","5000","26.939001000","48","1","48192","26.995569000"
"11393","14:42:54.019647","100","449809","172.26.191.172","5000","26.939007000","48","1","48192","26.995575000"
"11394","14:42:54.019648","100","449857","172.26.191.172","5000","26.939008000","48","1","48192","26.995576000"
"11395","14:42:54.019659","52","1","100.64.0.5","48192","26.939019000","0","448369","5000","26.995587000"
"11396","14:42:54.019671","100","449905","172.26.191.172","5000","26.939031000","48","1","48192","26.995599000"
"11397","14:42:54.019673","100","449953","172.26.191.172","5000","26.939033000","48","1","48192","26.995601000"
"11398","14:42:54.019680","100","450001","172.26.191.172","5000","26.939040000","48","1","48192","26.995608000"
"11399","14:42:54.019681","100","450049","172.26.191.172","5000","26.939041000","48","1","48192","26.995609000"
"11400","14:42:54.049123","52","1","100.64.0.5","48192","26.968483000","0","448657","5000","27.025051000"
"11401","14:42:54.049139","100","450097","172.26.191.172","5000","26.968499000","48","1","48192","27.025067000"
"11402","14:42:54.049144","100","450145","172.26.191.172","5000","26.968504000","48","1","48192","27.025072000"
"11403","14:42:54.049149","100","450193","172.26.191.172","5000","26.968509000","48","1","48192","27.025077000"
"11404","14:42:54.049149","100","450241","172.26.191.172","5000","26.968509000","48","1","48192","27.025077000"
"11405","14:42:54.049152","100","450289","172.26.191.172","5000","26.968512000","48","1","48192","27.025080000"
"11406","14:42:54.049153","100","450337","172.26.191.172","5000","26.968513000","48","1","48192","27.025081000"
"11407","14:42:54.049158","52","1","100.64.0.5","48192","26.968518000","0","448753","5000","27.025086000"
"11408","14:42:54.049162","100","450385","172.26.191.172","5000","26.968522000","48","1","48192","27.025090000"
"11409","14:42:54.049163","100","450433","172.26.191.172","5000","26.968523000","48","1","48192","27.025091000"
"11410","14:42:54.049166","52","1","100.64.0.5","48192","26.968526000","0","449041","5000","27.025094000"
"11411","14:42:54.049170","100","450481","172.26.191.172","5000","26.968530000","48","1","48192","27.025098000"
"11412","14:42:54.049171","100","450529","172.26.191.172","5000","26.968531000","48","1","48192","27.025099000"
"11413","14:42:54.049174","100","450577","172.26.191.172","5000","26.968534000","48","1","48192","27.025102000"
"11414","14:42:54.049175","100","450625","172.26.191.172","5000","26.968535000","48","1","48192","27.025103000"
"11415","14:42:54.049178","100","450673","172.26.191.172","5000","26.968538000","48","1","48192","27.025106000"
"11416","14:42:54.049178","100","450721","172.26.191.172","5000","26.968538000","48","1","48192","27.025106000"
"11417","14:42:54.080505","52","1","100.64.0.5","48192","26.999865000","0","449281","5000","27.056433000"
"11418","14:42:54.080546","100","450769","172.26.191.172","5000","26.999906000","48","1","48192","27.056474000"
"11419","14:42:54.080556","100","450817","172.26.191.172","5000","26.999916000","48","1","48192","27.056484000"
"11420","14:42:54.080568","100","450865","172.26.191.172","5000","26.999928000","48","1","48192","27.056496000"
"11421","14:42:54.080569","100","450913","172.26.191.172","5000","26.999929000","48","1","48192","27.056497000"
"11422","14:42:54.080576","100","450961","172.26.191.172","5000","26.999936000","48","1","48192","27.056504000"
"11423","14:42:54.080577","100","451009","172.26.191.172","5000","26.999937000","48","1","48192","27.056505000"
"11424","14:42:54.080589","52","1","100.64.0.5","48192","26.999949000","0","449617","5000","27.056517000"
"11425","14:42:54.080601","100","451057","172.26.191.172","5000","26.999961000","48","1","48192","27.056529000"
"11426","14:42:54.080603","100","451105","172.26.191.172","5000","26.999963000","48","1","48192","27.056531000"
"11427","14:42:54.080609","100","451153","172.26.191.172","5000","26.999969000","48","1","48192","27.056537000"
"11428","14:42:54.080610","100","451201","172.26.191.172","5000","26.999970000","48","1","48192","27.056538000"
"11429","14:42:54.080616","100","451249","172.26.191.172","5000","26.999976000","48","1","48192","27.056544000"
"11430","14:42:54.080617","100","451297","172.26.191.172","5000","26.999977000","48","1","48192","27.056545000"
"11431","14:42:54.080621","100","451345","172.26.191.172","5000","26.999981000","48","1","48192","27.056549000"
"11432","14:42:54.110353","52","1","100.64.0.5","48192","27.029713000","0","449905","5000","27.086281000"
"11433","14:42:54.110394","100","451393","172.26.191.172","5000","27.029754000","48","1","48192","27.086322000"
"11434","14:42:54.110402","100","451441","172.26.191.172","5000","27.029762000","48","1","48192","27.086330000"
"11435","14:42:54.110413","100","451489","172.26.191.172","5000","27.029773000","48","1","48192","27.086341000"
"11436","14:42:54.110415","100","451537","172.26.191.172","5000","27.029775000","48","1","48192","27.086343000"
"11437","14:42:54.110421","100","451585","172.26.191.172","5000","27.029781000","48","1","48192","27.086349000"
"11438","14:42:54.110422","100","451633","172.26.191.172","5000","27.029782000","48","1","48192","27.086350000"
"11439","14:42:54.110434","52","1","100.64.0.5","48192","27.029794000","0","450097","5000","27.086362000"
"11440","14:42:54.110445","100","451681","172.26.191.172","5000","27.029805000","48","1","48192","27.086373000"
"11441","14:42:54.110447","100","451729","172.26.191.172","5000","27.029807000","48","1","48192","27.086375000"
"11442","14:42:54.110454","100","451777","172.26.191.172","5000","27.029814000","48","1","48192","27.086382000"
"11443","14:42:54.110455","100","451825","172.26.191.172","5000","27.029815000","48","1","48192","27.086383000"
"11444","14:42:54.139704","52","1","100.64.0.5","48192","27.059064000","0","450385","5000","27.115632000"
"11445","14:42:54.139752","100","451873","172.26.191.172","5000","27.059112000","48","1","48192","27.115680000"
"11446","14:42:54.139761","100","451921","172.26.191.172","5000","27.059121000","48","1","48192","27.115689000"
"11447","14:42:54.139773","100","451969","172.26.191.172","5000","27.059133000","48","1","48192","27.115701000"
"11448","14:42:54.139775","100","452017","172.26.191.172","5000","27.059135000","48","1","48192","27.115703000"
"11449","14:42:54.139781","100","452065","172.26.191.172","5000","27.059141000","48","1","48192","27.115709000"
"11450","14:42:54.139783","100","452113","172.26.191.172","5000","27.059143000","48","1","48192","27.115711000"
"11451","14:42:54.139797","52","1","100.64.0.5","48192","27.059157000","0","450481","5000","27.115725000"
"11452","14:42:54.139806","100","452161","172.26.191.172","5000","27.059166000","48","1","48192","27.115734000"
"11453","14:42:54.139808","100","452209","172.26.191.172","5000","27.059168000","48","1","48192","27.115736000"
"11454","14:42:54.139815","52","1","100.64.0.5","48192","27.059175000","0","450769","5000","27.115743000"
"11455","14:42:54.139828","100","452257","172.26.191.172","5000","27.059188000","48","1","48192","27.115756000"
"11456","14:42:54.139829","100","452305","172.26.191.172","5000","27.059189000","48","1","48192","27.115757000"
"11457","14:42:54.139835","100","452353","172.26.191.172","5000","27.059195000","48","1","48192","27.115763000"
"11458","14:42:54.139837","100","452401","172.26.191.172","5000","27.059197000","48","1","48192","27.115765000"
"11459","14:42:54.139842","100","452449","172.26.191.172","5000","27.059202000","48","1","48192","27.115770000"
"11460","14:42:54.139843","100","452497","172.26.191.172","5000","27.059203000","48","1","48192","27.115771000"
"11461","14:42:54.170754","52","1","100.64.0.5","48192","27.090114000","0","451057","5000","27.146682000"
"11462","14:42:54.170793","100","452545","172.26.191.172","5000","27.090153000","48","1","48192","27.146721000"
"11463","14:42:54.170801","100","452593","172.26.191.172","5000","27.090161000","48","1","48192","27.146729000"
"11464","14:42:54.170812","100","452641","172.26.191.172","5000","27.090172000","48","1","48192","27.146740000"
"11465","14:42:54.170814","100","452689","172.26.191.172","5000","27.090174000","48","1","48192","27.146742000"
"11466","14:42:54.170820","100","452737","172.26.191.172","5000","27.090180000","48","1","48192","27.146748000"
"11467","14:42:54.170821","100","452785","172.26.191.172","5000","27.090181000","48","1","48192","27.146749000"
"11468","14:42:54.170833","52","1","100.64.0.5","48192","27.090193000","0","451345","5000","27.146761000"
"11469","14:42:54.170845","100","452833","172.26.191.172","5000","27.090205000","48","1","48192","27.146773000"
"11470","14:42:54.170846","100","452881","172.26.191.172","5000","27.090206000","48","1","48192","27.146774000"
"11471","14:42:54.170853","100","452929","172.26.191.172","5000","27.090213000","48","1","48192","27.146781000"
"11472","14:42:54.170854","100","452977","172.26.191.172","5000","27.090214000","48","1","48192","27.146782000"
"11473","14:42:54.170862","100","453025","172.26.191.172","5000","27.090222000","48","1","48192","27.146790000"
"11474","14:42:54.170863","100","453073","172.26.191.172","5000","27.090223000","48","1","48192","27.146791000"
"11475","14:42:54.170870","52","1","100.64.0.5","48192","27.090230000","0","451393","5000","27.146798000"
"11476","14:42:54.170878","100","453121","172.26.191.172","5000","27.090238000","48","1","48192","27.146806000"
"11477","14:42:54.170879","100","453169","172.26.191.172","5000","27.090239000","48","1","48192","27.146807000"
"11478","14:42:54.200194","52","1","100.64.0.5","48192","27.119554000","0","451681","5000","27.176122000"
"11479","14:42:54.200235","100","453217","172.26.191.172","5000","27.119595000","48","1","48192","27.176163000"
"11480","14:42:54.200244","100","453265","172.26.191.172","5000","27.119604000","48","1","48192","27.176172000"
"11481","14:42:54.200257","100","453313","172.26.191.172","5000","27.119617000","48","1","48192","27.176185000"
"11482","14:42:54.200258","100","453361","172.26.191.172","5000","27.119618000","48","1","48192","27.176186000"
"11483","14:42:54.200265","100","453409","172.26.191.172","5000","27.119625000","48","1","48192","27.176193000"
"11484","14:42:54.200266","100","453457","172.26.191.172","5000","27.119626000","48","1","48192","27.176194000"
"11485","14:42:54.201429","52","1","100.64.0.5","48192","27.120789000","0","451873","5000","27.177357000"
"11486","14:42:54.201456","100","453505","172.26.191.172","5000","27.120816000","48","1","48192","27.177384000"
"11487","14:42:54.201463","100","453553","172.26.191.172","5000","27.120823000","48","1","48192","27.177391000"
"11488","14:42:54.201474","100","453601","172.26.191.172","5000","27.120834000","48","1","48192","27.177402000"
"11489","14:42:54.201476","100","453649","172.26.191.172","5000","27.120836000","48","1","48192","27.177404000"
"11490","14:42:54.231169","52","1","100.64.0.5","48192","27.150529000","0","451921","5000","27.207097000"
"11491","14:42:54.231202","100","453697","172.26.191.172","5000","27.150562000","48","1","48192","27.207130000"
"11492","14:42:54.231227","52","1","100.64.0.5","48192","27.150587000","0","452257","5000","27.207155000"
"11493","14:42:54.231245","100","453745","172.26.191.172","5000","27.150605000","48","1","48192","27.207173000"
"11494","14:42:54.231247","100","453793","172.26.191.172","5000","27.150607000","48","1","48192","27.207175000"
"11495","14:42:54.231254","100","453841","172.26.191.172","5000","27.150614000","48","1","48192","27.207182000"
"11496","14:42:54.231256","100","453889","172.26.191.172","5000","27.150616000","48","1","48192","27.207184000"
"11497","14:42:54.231262","100","453937","172.26.191.172","5000","27.150622000","48","1","48192","27.207190000"
"11498","14:42:54.231264","100","453985","172.26.191.172","5000","27.150624000","48","1","48192","27.207192000"
"11499","14:42:54.231270","100","454033","172.26.191.172","5000","27.150630000","48","1","48192","27.207198000"
"11500","14:42:54.231272","100","454081","172.26.191.172","5000","27.150632000","48","1","48192","27.207200000"
"11501","14:42:54.231279","52","1","100.64.0.5","48192","27.150639000","0","452545","5000","27.207207000"
"11502","14:42:54.231290","100","454129","172.26.191.172","5000","27.150650000","48","1","48192","27.207218000"
"11503","14:42:54.231291","100","454177","172.26.191.172","5000","27.150651000","48","1","48192","27.207219000"
"11504","14:42:54.231298","100","454225","172.26.191.172","5000","27.150658000","48","1","48192","27.207226000"
"11505","14:42:54.231300","100","454273","172.26.191.172","5000","27.150660000","48","1","48192","27.207228000"
"11506","14:42:54.231306","100","454321","172.26.191.172","5000","27.150666000","48","1","48192","27.207234000"
"11507","14:42:54.231307","100","454369","172.26.191.172","5000","27.150667000","48","1","48192","27.207235000"
"11508","14:42:54.261407","52","1","100.64.0.5","48192","27.180767000","0","452833","5000","27.237335000"
"11509","14:42:54.261447","100","454417","172.26.191.172","5000","27.180807000","48","1","48192","27.237375000"
"11510","14:42:54.261456","100","454465","172.26.191.172","5000","27.180816000","48","1","48192","27.237384000"
"11511","14:42:54.261467","100","454513","172.26.191.172","5000","27.180827000","48","1","48192","27.237395000"
"11512","14:42:54.261469","100","454561","172.26.191.172","5000","27.180829000","48","1","48192","27.237397000"
"11513","14:42:54.261477","100","454609","172.26.191.172","5000","27.180837000","48","1","48192","27.237405000"
"11514","14:42:54.261478","100","454657","172.26.191.172","5000","27.180838000","48","1","48192","27.237406000"
"11515","14:42:54.261491","52","1","100.64.0.5","48192","27.180851000","0","453121","5000","27.237419000"
"11516","14:42:54.261503","100","454705","172.26.191.172","5000","27.180863000","48","1","48192","27.237431000"
"11517","14:42:54.261505","100","454753","172.26.191.172","5000","27.180865000","48","1","48192","27.237433000"
"11518","14:42:54.261512","100","454801","172.26.191.172","5000","27.180872000","48","1","48192","27.237440000"
"11519","14:42:54.261513","100","454849","172.26.191.172","5000","27.180873000","48","1","48192","27.237441000"
"11520","14:42:54.261518","100","454897","172.26.191.172","5000","27.180878000","48","1","48192","27.237446000"
"11521","14:42:54.261520","100","454945","172.26.191.172","5000","27.180880000","48","1","48192","27.237448000"
"11522","14:42:54.261526","52","1","100.64.0.5","48192","27.180886000","0","453217","5000","27.237454000"
"11523","14:42:54.261534","100","454993","172.26.191.172","5000","27.180894000","48","1","48192","27.237462000"
"11524","14:42:54.261535","100","455041","172.26.191.172","5000","27.180895000","48","1","48192","27.237463000"
"11525","14:42:54.292303","52","1","100.64.0.5","48192","27.211663000","0","453505","5000","27.268231000"
"11526","14:42:54.292356","100","455089","172.26.191.172","5000","27.211716000","48","1","48192","27.268284000"
"11527","14:42:54.292364","100","455137","172.26.191.172","5000","27.211724000","48","1","48192","27.268292000"
"11528","14:42:54.292376","100","455185","172.26.191.172","5000","27.211736000","48","1","48192","27.268304000"
"11529","14:42:54.292378","100","455233","172.26.191.172","5000","27.211738000","48","1","48192","27.268306000"
"11530","14:42:54.292386","100","455281","172.26.191.172","5000","27.211746000","48","1","48192","27.268314000"
"11531","14:42:54.292387","100","455329","172.26.191.172","5000","27.211747000","48","1","48192","27.268315000"
"11532","14:42:54.292406","52","1","100.64.0.5","48192","27.211766000","0","453697","5000","27.268334000"
"11533","14:42:54.292419","100","455377","172.26.191.172","5000","27.211779000","48","1","48192","27.268347000"
"11534","14:42:54.292420","100","455425","172.26.191.172","5000","27.211780000","48","1","48192","27.268348000"
"11535","14:42:54.292427","100","455473","172.26.191.172","5000","27.211787000","48","1","48192","27.268355000"
"11536","14:42:54.292428","100","455521","172.26.191.172","5000","27.211788000","48","1","48192","27.268356000"
"11537","14:42:54.322194","52","1","100.64.0.5","48192","27.241554000","0","453985","5000","27.298122000"
"11538","14:42:54.322235","100","455569","172.26.191.172","5000","27.241595000","48","1","48192","27.298163000"
"11539","14:42:54.322243","100","455617","172.26.191.172","5000","27.241603000","48","1","48192","27.298171000"
"11540","14:42:54.322254","100","455665","172.26.191.172","5000","27.241614000","48","1","48192","27.298182000"
"11541","14:42:54.322256","100","455713","172.26.191.172","5000","27.241616000","48","1","48192","27.298184000"
"11542","14:42:54.322261","100","455761","172.26.191.172","5000","27.241621000","48","1","48192","27.298189000"
"11543","14:42:54.322263","100","455809","172.26.191.172","5000","27.241623000","48","1","48192","27.298191000"
"11544","14:42:54.322274","52","1","100.64.0.5","48192","27.241634000","0","454129","5000","27.298202000"
"11545","14:42:54.322285","100","455857","172.26.191.172","5000","27.241645000","48","1","48192","27.298213000"
"11546","14:42:54.322287","100","455905","172.26.191.172","5000","27.241647000","48","1","48192","27.298215000"
"11547","14:42:54.322295","100","455953","172.26.191.172","5000","27.241655000","48","1","48192","27.298223000"
"11548","14:42:54.322296","100","456001","172.26.191.172","5000","27.241656000","48","1","48192","27.298224000"
"11549","14:42:54.322302","52","1","100.64.0.5","48192","27.241662000","0","454369","5000","27.298230000"
"11550","14:42:54.322313","100","456049","172.26.191.172","5000","27.241673000","48","1","48192","27.298241000"
"11551","14:42:54.322315","100","456097","172.26.191.172","5000","27.241675000","48","1","48192","27.298243000"
"11552","14:42:54.322321","100","456145","172.26.191.172","5000","27.241681000","48","1","48192","27.298249000"
"11553","14:42:54.322322","100","456193","172.26.191.172","5000","27.241682000","48","1","48192","27.298250000"
"11554","14:42:54.352643","52","1","100.64.0.5","48192","27.272003000","0","454705","5000","27.328571000"
"11555","14:42:54.352684","100","456241","172.26.191.172","5000","27.272044000","48","1","48192","27.328612000"
"11556","14:42:54.352692","100","456289","172.26.191.172","5000","27.272052000","48","1","48192","27.328620000"
"11557","14:42:54.352704","100","456337","172.26.191.172","5000","27.272064000","48","1","48192","27.328632000"
"11558","14:42:54.352705","100","456385","172.26.191.172","5000","27.272065000","48","1","48192","27.328633000"
"11559","14:42:54.352711","100","456433","172.26.191.172","5000","27.272071000","48","1","48192","27.328639000"
"11560","14:42:54.352713","100","456481","172.26.191.172","5000","27.272073000","48","1","48192","27.328641000"
"11561","14:42:54.352718","100","456529","172.26.191.172","5000","27.272078000","48","1","48192","27.328646000"
"11562","14:42:54.352720","100","456577","172.26.191.172","5000","27.272080000","48","1","48192","27.328648000"
"11563","14:42:54.352731","52","1","100.64.0.5","48192","27.272091000","0","454993","5000","27.328659000"
"11564","14:42:54.352743","100","456625","172.26.191.172","5000","27.272103000","48","1","48192","27.328671000"
"11565","14:42:54.352745","100","456673","172.26.191.172","5000","27.272105000","48","1","48192","27.328673000"
"11566","14:42:54.352751","100","456721","172.26.191.172","5000","27.272111000","48","1","48192","27.328679000"
"11567","14:42:54.352752","100","456769","172.26.191.172","5000","27.272112000","48","1","48192","27.328680000"
"11568","14:42:54.352758","100","456817","172.26.191.172","5000","27.272118000","48","1","48192","27.328686000"
"11569","14:42:54.352759","100","456865","172.26.191.172","5000","27.272119000","48","1","48192","27.328687000"
"11570","14:42:54.352766","52","1","100.64.0.5","48192","27.272126000","0","455041","5000","27.328694000"
"11571","14:42:54.383533","52","1","100.64.0.5","48192","27.302893000","0","455377","5000","27.359461000"
"11572","14:42:54.383575","100","456913","172.26.191.172","5000","27.302935000","48","1","48192","27.359503000"
"11573","14:42:54.383583","100","456961","172.26.191.172","5000","27.302943000","48","1","48192","27.359511000"
"11574","14:42:54.383595","100","457009","172.26.191.172","5000","27.302955000","48","1","48192","27.359523000"
"11575","14:42:54.383597","100","457057","172.26.191.172","5000","27.302957000","48","1","48192","27.359525000"
"11576","14:42:54.383603","100","457105","172.26.191.172","5000","27.302963000","48","1","48192","27.359531000"
"11577","14:42:54.383604","100","457153","172.26.191.172","5000","27.302964000","48","1","48192","27.359532000"
"11578","14:42:54.383610","100","457201","172.26.191.172","5000","27.302970000","48","1","48192","27.359538000"
"11579","14:42:54.383612","100","457249","172.26.191.172","5000","27.302972000","48","1","48192","27.359540000"
"11580","14:42:54.383623","52","1","100.64.0.5","48192","27.302983000","0","455569","5000","27.359551000"
"11581","14:42:54.383634","100","457297","172.26.191.172","5000","27.302994000","48","1","48192","27.359562000"
"11582","14:42:54.383635","100","457345","172.26.191.172","5000","27.302995000","48","1","48192","27.359563000"
"11583","14:42:54.383644","100","457393","172.26.191.172","5000","27.303004000","48","1","48192","27.359572000"
"11584","14:42:54.383645","100","457441","172.26.191.172","5000","27.303005000","48","1","48192","27.359573000"
"11585","14:42:54.413110","52","1","100.64.0.5","48192","27.332470000","0","455857","5000","27.389038000"
"11586","14:42:54.413150","100","457489","172.26.191.172","5000","27.332510000","48","1","48192","27.389078000"
"11587","14:42:54.413158","100","457537","172.26.191.172","5000","27.332518000","48","1","48192","27.389086000"
"11588","14:42:54.413172","100","457585","172.26.191.172","5000","27.332532000","48","1","48192","27.389100000"
"11589","14:42:54.413173","100","457633","172.26.191.172","5000","27.332533000","48","1","48192","27.389101000"
"11590","14:42:54.413180","100","457681","172.26.191.172","5000","27.332540000","48","1","48192","27.389108000"
"11591","14:42:54.413181","100","457729","172.26.191.172","5000","27.332541000","48","1","48192","27.389109000"
"11592","14:42:54.413193","52","1","100.64.0.5","48192","27.332553000","0","456145","5000","27.389121000"
"11593","14:42:54.413204","100","457777","172.26.191.172","5000","27.332564000","48","1","48192","27.389132000"
"11594","14:42:54.413205","100","457825","172.26.191.172","5000","27.332565000","48","1","48192","27.389133000"
"11595","14:42:54.413212","100","457873","172.26.191.172","5000","27.332572000","48","1","48192","27.389140000"
"11596","14:42:54.413213","100","457921","172.26.191.172","5000","27.332573000","48","1","48192","27.389141000"
"11597","14:42:54.413219","100","457969","172.26.191.172","5000","27.332579000","48","1","48192","27.389147000"
"11598","14:42:54.413220","100","458017","172.26.191.172","5000","27.332580000","48","1","48192","27.389148000"
"11599","14:42:54.413226","52","1","100.64.0.5","48192","27.332586000","0","456241","5000","27.389154000"
"11600","14:42:54.413235","100","458065","172.26.191.172","5000","27.332595000","48","1","48192","27.389163000"
"11601","14:42:54.413236","100","458113","172.26.191.172","5000","27.332596000","48","1","48192","27.389164000"
"11602","14:42:54.443059","52","1","100.64.0.5","48192","27.362419000","0","456529","5000","27.418987000"
"11603","14:42:54.443098","100","458161","172.26.191.172","5000","27.362458000","48","1","48192","27.419026000"
"11604","14:42:54.443107","100","458209","172.26.191.172","5000","27.362467000","48","1","48192","27.419035000"
"11605","14:42:54.443118","100","458257","172.26.191.172","5000","27.362478000","48","1","48192","27.419046000"
"11606","14:42:54.443120","100","458305","172.26.191.172","5000","27.362480000","48","1","48192","27.419048000"
"11607","14:42:54.443126","100","458353","172.26.191.172","5000","27.362486000","48","1","48192","27.419054000"
"11608","14:42:54.443128","100","458401","172.26.191.172","5000","27.362488000","48","1","48192","27.419056000"
"11609","14:42:54.443139","52","1","100.64.0.5","48192","27.362499000","0","456577","5000","27.419067000"
"11610","14:42:54.443149","100","458449","172.26.191.172","5000","27.362509000","48","1","48192","27.419077000"
"11611","14:42:54.443150","100","458497","172.26.191.172","5000","27.362510000","48","1","48192","27.419078000"
"11612","14:42:54.443158","52","1","100.64.0.5","48192","27.362518000","0","456913","5000","27.419086000"
"11613","14:42:54.443169","100","458545","172.26.191.172","5000","27.362529000","48","1","48192","27.419097000"
"11614","14:42:54.443170","100","458593","172.26.191.172","5000","27.362530000","48","1","48192","27.419098000"
"11615","14:42:54.443177","100","458641","172.26.191.172","5000","27.362537000","48","1","48192","27.419105000"
"11616","14:42:54.443178","100","458689","172.26.191.172","5000","27.362538000","48","1","48192","27.419106000"
"11617","14:42:54.443187","100","458737","172.26.191.172","5000","27.362547000","48","1","48192","27.419115000"
"11618","14:42:54.443189","100","458785","172.26.191.172","5000","27.362549000","48","1","48192","27.419117000"
"11619","14:42:54.473905","52","1","100.64.0.5","48192","27.393265000","0","457201","5000","27.449833000"
"11620","14:42:54.473944","100","458833","172.26.191.172","5000","27.393304000","48","1","48192","27.449872000"
"11621","14:42:54.473953","100","458881","172.26.191.172","5000","27.393313000","48","1","48192","27.449881000"
"11622","14:42:54.473964","100","458929","172.26.191.172","5000","27.393324000","48","1","48192","27.449892000"
"11623","14:42:54.473966","100","458977","172.26.191.172","5000","27.393326000","48","1","48192","27.449894000"
"11624","14:42:54.473973","100","459025","172.26.191.172","5000","27.393333000","48","1","48192","27.449901000"
"11625","14:42:54.473975","100","459073","172.26.191.172","5000","27.393335000","48","1","48192","27.449903000"
"11626","14:42:54.473986","52","1","100.64.0.5","48192","27.393346000","0","457489","5000","27.449914000"
"11627","14:42:54.473998","100","459121","172.26.191.172","5000","27.393358000","48","1","48192","27.449926000"
"11628","14:42:54.473999","100","459169","172.26.191.172","5000","27.393359000","48","1","48192","27.449927000"
"11629","14:42:54.474006","100","459217","172.26.191.172","5000","27.393366000","48","1","48192","27.449934000"
"11630","14:42:54.474007","100","459265","172.26.191.172","5000","27.393367000","48","1","48192","27.449935000"
"11631","14:42:54.474013","100","459313","172.26.191.172","5000","27.393373000","48","1","48192","27.449941000"
"11632","14:42:54.474014","100","459361","172.26.191.172","5000","27.393374000","48","1","48192","27.449942000"
"11633","14:42:54.503962","52","1","100.64.0.5","48192","27.423322000","0","457777","5000","27.479890000"
"11634","14:42:54.504003","100","459409","172.26.191.172","5000","27.423363000","48","1","48192","27.479931000"
"11635","14:42:54.504012","100","459457","172.26.191.172","5000","27.423372000","48","1","48192","27.479940000"
"11636","14:42:54.504023","100","459505","172.26.191.172","5000","27.423383000","48","1","48192","27.479951000"
"11637","14:42:54.504024","100","459553","172.26.191.172","5000","27.423384000","48","1","48192","27.479952000"
"11638","14:42:54.504030","100","459601","172.26.191.172","5000","27.423390000","48","1","48192","27.479958000"
"11639","14:42:54.504031","100","459649","172.26.191.172","5000","27.423391000","48","1","48192","27.479959000"
"11640","14:42:54.504043","52","1","100.64.0.5","48192","27.423403000","0","457825","5000","27.479971000"
"11641","14:42:54.504054","100","459697","172.26.191.172","5000","27.423414000","48","1","48192","27.479982000"
"11642","14:42:54.504056","100","459745","172.26.191.172","5000","27.423416000","48","1","48192","27.479984000"
"11643","14:42:54.504063","52","1","100.64.0.5","48192","27.423423000","0","458161","5000","27.479991000"
"11644","14:42:54.504075","100","459793","172.26.191.172","5000","27.423435000","48","1","48192","27.480003000"
"11645","14:42:54.504076","100","459841","172.26.191.172","5000","27.423436000","48","1","48192","27.480004000"
"11646","14:42:54.504083","100","459889","172.26.191.172","5000","27.423443000","48","1","48192","27.480011000"
"11647","14:42:54.504084","100","459937","172.26.191.172","5000","27.423444000","48","1","48192","27.480012000"
"11648","14:42:54.504089","100","459985","172.26.191.172","5000","27.423449000","48","1","48192","27.480017000"
"11649","14:42:54.504090","100","460033","172.26.191.172","5000","27.423450000","48","1","48192","27.480018000"
"11650","14:42:54.504096","100","460081","172.26.191.172","5000","27.423456000","48","1","48192","27.480024000"
"11651","14:42:54.504098","100","460129","172.26.191.172","5000","27.423458000","48","1","48192","27.480026000"
"11652","14:42:54.534259","52","1","100.64.0.5","48192","27.453619000","0","458449","5000","27.510187000"
"11653","14:42:54.534299","100","460177","172.26.191.172","5000","27.453659000","48","1","48192","27.510227000"
"11654","14:42:54.534307","100","460225","172.26.191.172","5000","27.453667000","48","1","48192","27.510235000"
"11655","14:42:54.534321","100","460273","172.26.191.172","5000","27.453681000","48","1","48192","27.510249000"
"11656","14:42:54.534322","100","460321","172.26.191.172","5000","27.453682000","48","1","48192","27.510250000"
"11657","14:42:54.534328","100","460369","172.26.191.172","5000","27.453688000","48","1","48192","27.510256000"
"11658","14:42:54.534329","100","460417","172.26.191.172","5000","27.453689000","48","1","48192","27.510257000"
"11659","14:42:54.534341","52","1","100.64.0.5","48192","27.453701000","0","458737","5000","27.510269000"
"11660","14:42:54.534352","100","460465","172.26.191.172","5000","27.453712000","48","1","48192","27.510280000"
"11661","14:42:54.534353","100","460513","172.26.191.172","5000","27.453713000","48","1","48192","27.510281000"
"11662","14:42:54.534360","100","460561","172.26.191.172","5000","27.453720000","48","1","48192","27.510288000"
"11663","14:42:54.534361","100","460609","172.26.191.172","5000","27.453721000","48","1","48192","27.510289000"
"11664","14:42:54.534367","100","460657","172.26.191.172","5000","27.453727000","48","1","48192","27.510295000"
"11665","14:42:54.534368","100","460705","172.26.191.172","5000","27.453728000","48","1","48192","27.510296000"
"11666","14:42:54.534374","52","1","100.64.0.5","48192","27.453734000","0","458833","5000","27.510302000"
"11667","14:42:54.534386","100","460753","172.26.191.172","5000","27.453746000","48","1","48192","27.510314000"
"11668","14:42:54.534387","100","460801","172.26.191.172","5000","27.453747000","48","1","48192","27.510315000"
"11669","14:42:54.563798","52","1","100.64.0.5","48192","27.483158000","0","459121","5000","27.539726000"
"11670","14:42:54.563843","100","460849","172.26.191.172","5000","27.483203000","48","1","48192","27.539771000"
"11671","14:42:54.563853","100","460897","172.26.191.172","5000","27.483213000","48","1","48192","27.539781000"
"11672","14:42:54.563865","100","460945","172.26.191.172","5000","27.483225000","48","1","48192","27.539793000"
"11673","14:42:54.563867","100","460993","172.26.191.172","5000","27.483227000","48","1","48192","27.539795000"
"11674","14:42:54.563874","100","461041","172.26.191.172","5000","27.483234000","48","1","48192","27.539802000"
"11675","14:42:54.563876","100","461089","172.26.191.172","5000","27.483236000","48","1","48192","27.539804000"
"11676","14:42:54.563891","52","1","100.64.0.5","48192","27.483251000","0","459217","5000","27.539819000"
"11677","14:42:54.563902","100","461137","172.26.191.172","5000","27.483262000","48","1","48192","27.539830000"
"11678","14:42:54.563903","100","461185","172.26.191.172","5000","27.483263000","48","1","48192","27.539831000"
"11679","14:42:54.563911","52","1","100.64.0.5","48192","27.483271000","0","459409","5000","27.539839000"
"11680","14:42:54.563923","100","461233","172.26.191.172","5000","27.483283000","48","1","48192","27.539851000"
"11681","14:42:54.563925","100","461281","172.26.191.172","5000","27.483285000","48","1","48192","27.539853000"
"11682","14:42:54.563934","100","461329","172.26.191.172","5000","27.483294000","48","1","48192","27.539862000"
"11683","14:42:54.563935","100","461377","172.26.191.172","5000","27.483295000","48","1","48192","27.539863000"
"11684","14:42:54.595096","52","1","100.64.0.5","48192","27.514456000","0","459697","5000","27.571024000"
"11685","14:42:54.595135","100","461425","172.26.191.172","5000","27.514495000","48","1","48192","27.571063000"
"11686","14:42:54.595144","100","461473","172.26.191.172","5000","27.514504000","48","1","48192","27.571072000"
"11687","14:42:54.595155","100","461521","172.26.191.172","5000","27.514515000","48","1","48192","27.571083000"
"11688","14:42:54.595157","100","461569","172.26.191.172","5000","27.514517000","48","1","48192","27.571085000"
"11689","14:42:54.595163","100","461617","172.26.191.172","5000","27.514523000","48","1","48192","27.571091000"
"11690","14:42:54.595164","100","461665","172.26.191.172","5000","27.514524000","48","1","48192","27.571092000"
"11691","14:42:54.595175","52","1","100.64.0.5","48192","27.514535000","0","459985","5000","27.571103000"
"11692","14:42:54.595187","100","461713","172.26.191.172","5000","27.514547000","48","1","48192","27.571115000"
"11693","14:42:54.595189","100","461761","172.26.191.172","5000","27.514549000","48","1","48192","27.571117000"
"11694","14:42:54.595197","100","461809","172.26.191.172","5000","27.514557000","48","1","48192","27.571125000"
"11695","14:42:54.595199","100","461857","172.26.191.172","5000","27.514559000","48","1","48192","27.571127000"
"11696","14:42:54.595205","100","461905","172.26.191.172","5000","27.514565000","48","1","48192","27.571133000"
"11697","14:42:54.595206","100","461953","172.26.191.172","5000","27.514566000","48","1","48192","27.571134000"
"11698","14:42:54.595212","52","1","100.64.0.5","48192","27.514572000","0","460081","5000","27.571140000"
"11699","14:42:54.595221","100","462001","172.26.191.172","5000","27.514581000","48","1","48192","27.571149000"
"11700","14:42:54.595222","100","462049","172.26.191.172","5000","27.514582000","48","1","48192","27.571150000"
"11701","14:42:54.624637","52","1","100.64.0.5","48192","27.543997000","0","460369","5000","27.600565000"
"11702","14:42:54.624677","100","462097","172.26.191.172","5000","27.544037000","48","1","48192","27.600605000"
"11703","14:42:54.624686","100","462145","172.26.191.172","5000","27.544046000","48","1","48192","27.600614000"
"11704","14:42:54.624697","100","462193","172.26.191.172","5000","27.544057000","48","1","48192","27.600625000"
"11705","14:42:54.624698","100","462241","172.26.191.172","5000","27.544058000","48","1","48192","27.600626000"
"11706","14:42:54.624705","100","462289","172.26.191.172","5000","27.544065000","48","1","48192","27.600633000"
"11707","14:42:54.624707","100","462337","172.26.191.172","5000","27.544067000","48","1","48192","27.600635000"
"11708","14:42:54.624718","52","1","100.64.0.5","48192","27.544078000","0","460657","5000","27.600646000"
"11709","14:42:54.624729","100","462385","172.26.191.172","5000","27.544089000","48","1","48192","27.600657000"
"11710","14:42:54.624731","100","462433","172.26.191.172","5000","27.544091000","48","1","48192","27.600659000"
"11711","14:42:54.624738","100","462481","172.26.191.172","5000","27.544098000","48","1","48192","27.600666000"
"11712","14:42:54.624739","100","462529","172.26.191.172","5000","27.544099000","48","1","48192","27.600667000"
"11713","14:42:54.624747","100","462577","172.26.191.172","5000","27.544107000","48","1","48192","27.600675000"
"11714","14:42:54.624748","100","462625","172.26.191.172","5000","27.544108000","48","1","48192","27.600676000"
"11715","14:42:54.624755","52","1","100.64.0.5","48192","27.544115000","0","460753","5000","27.600683000"
"11716","14:42:54.624764","100","462673","172.26.191.172","5000","27.544124000","48","1","48192","27.600692000"
"11717","14:42:54.624765","100","462721","172.26.191.172","5000","27.544125000","48","1","48192","27.600693000"
"11718","14:42:54.655333","52","1","100.64.0.5","48192","27.574693000","0","461041","5000","27.631261000"
"11719","14:42:54.655373","100","462769","172.26.191.172","5000","27.574733000","48","1","48192","27.631301000"
"11720","14:42:54.655382","100","462817","172.26.191.172","5000","27.574742000","48","1","48192","27.631310000"
"11721","14:42:54.655393","100","462865","172.26.191.172","5000","27.574753000","48","1","48192","27.631321000"
"11722","14:42:54.655394","100","462913","172.26.191.172","5000","27.574754000","48","1","48192","27.631322000"
"11723","14:42:54.655400","100","462961","172.26.191.172","5000","27.574760000","48","1","48192","27.631328000"
"11724","14:42:54.655402","100","463009","172.26.191.172","5000","27.574762000","48","1","48192","27.631330000"
"11725","14:42:54.655413","64","1","100.64.0.5","48192","27.574773000","0","461041","5000","27.631341000"
"11726","14:42:54.655428","100","463057","172.26.191.172","5000","27.574788000","48","1","48192","27.631356000"
"11727","14:42:54.655429","100","463105","172.26.191.172","5000","27.574789000","48","1","48192","27.631357000"
"11728","14:42:54.655436","64","1","100.64.0.5","48192","27.574796000","0","461041","5000","27.631364000"
"11729","14:42:54.655449","100","461041","172.26.191.172","5000","27.574809000","48","1","48192","27.631377000"
"11730","14:42:54.655456","64","1","100.64.0.5","48192","27.574816000","0","461041","5000","27.631384000"
"11731","14:42:54.655464","100","461089","172.26.191.172","5000","27.574824000","48","1","48192","27.631392000"
"11732","14:42:54.686007","64","1","100.64.0.5","48192","27.605367000","0","461041","5000","27.661935000"
"11733","14:42:54.686048","100","463153","172.26.191.172","5000","27.605408000","48","1","48192","27.661976000"
"11734","14:42:54.686071","64","1","100.64.0.5","48192","27.605431000","0","461041","5000","27.661999000"
"11735","14:42:54.686089","100","463201","172.26.191.172","5000","27.605449000","48","1","48192","27.662017000"
"11736","14:42:54.686090","100","463249","172.26.191.172","5000","27.605450000","48","1","48192","27.662018000"
"11737","14:42:54.686097","64","1","100.64.0.5","48192","27.605457000","0","461041","5000","27.662025000"
"11738","14:42:54.686111","100","463297","172.26.191.172","5000","27.605471000","48","1","48192","27.662039000"
"11739","14:42:54.686112","100","463345","172.26.191.172","5000","27.605472000","48","1","48192","27.662040000"
"11740","14:42:54.686118","100","463393","172.26.191.172","5000","27.605478000","48","1","48192","27.662046000"
"11741","14:42:54.686119","100","463441","172.26.191.172","5000","27.605479000","48","1","48192","27.662047000"
"11742","14:42:54.715871","64","1","100.64.0.5","48192","27.635231000","0","461041","5000","27.691799000"
"11743","14:42:54.715922","100","463489","172.26.191.172","5000","27.635282000","48","1","48192","27.691850000"
"11744","14:42:54.715931","100","463537","172.26.191.172","5000","27.635291000","48","1","48192","27.691859000"
"11745","14:42:54.715941","100","463585","172.26.191.172","5000","27.635301000","48","1","48192","27.691869000"
"11746","14:42:54.715942","100","463633","172.26.191.172","5000","27.635302000","48","1","48192","27.691870000"
"11747","14:42:54.745975","52","1","100.64.0.5","48192","27.665335000","0","463153","5000","27.721903000"
"11748","14:42:54.746018","100","463681","172.26.191.172","5000","27.665378000","48","1","48192","27.721946000"
"11749","14:42:54.746029","100","463729","172.26.191.172","5000","27.665389000","48","1","48192","27.721957000"
"11750","14:42:54.746040","100","463777","172.26.191.172","5000","27.665400000","48","1","48192","27.721968000"
"11751","14:42:54.746041","100","463825","172.26.191.172","5000","27.665401000","48","1","48192","27.721969000"
"11752","14:42:54.746047","100","463873","172.26.191.172","5000","27.665407000","48","1","48192","27.721975000"
"11753","14:42:54.746049","100","463921","172.26.191.172","5000","27.665409000","48","1","48192","27.721977000"
"11754","14:42:54.746056","100","463969","172.26.191.172","5000","27.665416000","48","1","48192","27.721984000"
"11755","14:42:54.746058","100","464017","172.26.191.172","5000","27.665418000","48","1","48192","27.721986000"
"11756","14:42:54.746064","100","464065","172.26.191.172","5000","27.665424000","48","1","48192","27.721992000"
"11757","14:42:54.746066","100","464113","172.26.191.172","5000","27.665426000","48","1","48192","27.721994000"
"11758","14:42:54.777441","52","1","100.64.0.5","48192","27.696801000","0","463489","5000","27.753369000"
"11759","14:42:54.777480","100","464161","172.26.191.172","5000","27.696840000","48","1","48192","27.753408000"
"11760","14:42:54.777489","100","464209","172.26.191.172","5000","27.696849000","48","1","48192","27.753417000"
"11761","14:42:54.777500","100","464257","172.26.191.172","5000","27.696860000","48","1","48192","27.753428000"
"11762","14:42:54.777502","100","464305","172.26.191.172","5000","27.696862000","48","1","48192","27.753430000"
"11763","14:42:54.777509","100","464353","172.26.191.172","5000","27.696869000","48","1","48192","27.753437000"
"11764","14:42:54.777510","100","464401","172.26.191.172","5000","27.696870000","48","1","48192","27.753438000"
"11765","14:42:54.807492","52","1","100.64.0.5","48192","27.726852000","0","463681","5000","27.783420000"
"11766","14:42:54.807535","100","464449","172.26.191.172","5000","27.726895000","48","1","48192","27.783463000"
"11767","14:42:54.807544","100","464497","172.26.191.172","5000","27.726904000","48","1","48192","27.783472000"
"11768","14:42:54.807557","100","464545","172.26.191.172","5000","27.726917000","48","1","48192","27.783485000"
"11769","14:42:54.807559","100","464593","172.26.191.172","5000","27.726919000","48","1","48192","27.783487000"
"11770","14:42:54.807566","100","464641","172.26.191.172","5000","27.726926000","48","1","48192","27.783494000"
"11771","14:42:54.807567","100","464689","172.26.191.172","5000","27.726927000","48","1","48192","27.783495000"
"11772","14:42:54.837249","52","1","100.64.0.5","48192","27.756609000","0","463969","5000","27.813177000"
"11773","14:42:54.837291","100","464737","172.26.191.172","5000","27.756651000","48","1","48192","27.813219000"
"11774","14:42:54.837300","100","464785","172.26.191.172","5000","27.756660000","48","1","48192","27.813228000"
"11775","14:42:54.837312","100","464833","172.26.191.172","5000","27.756672000","48","1","48192","27.813240000"
"11776","14:42:54.837314","100","464881","172.26.191.172","5000","27.756674000","48","1","48192","27.813242000"
"11777","14:42:54.837321","100","464929","172.26.191.172","5000","27.756681000","48","1","48192","27.813249000"
"11778","14:42:54.837322","100","464977","172.26.191.172","5000","27.756682000","48","1","48192","27.813250000"
"11779","14:42:54.837335","52","1","100.64.0.5","48192","27.756695000","0","464113","5000","27.813263000"
"11780","14:42:54.837347","100","465025","172.26.191.172","5000","27.756707000","48","1","48192","27.813275000"
"11781","14:42:54.837348","100","465073","172.26.191.172","5000","27.756708000","48","1","48192","27.813276000"
"11782","14:42:54.837357","52","1","100.64.0.5","48192","27.756717000","0","464161","5000","27.813285000"
"11783","14:42:54.837367","100","465121","172.26.191.172","5000","27.756727000","48","1","48192","27.813295000"
"11784","14:42:54.837369","100","465169","172.26.191.172","5000","27.756729000","48","1","48192","27.813297000"
"11785","14:42:54.868030","52","1","100.64.0.5","48192","27.787390000","0","464449","5000","27.843958000"
"11786","14:42:54.868074","100","465217","172.26.191.172","5000","27.787434000","48","1","48192","27.844002000"
"11787","14:42:54.868084","100","465265","172.26.191.172","5000","27.787444000","48","1","48192","27.844012000"
"11788","14:42:54.868095","100","465313","172.26.191.172","5000","27.787455000","48","1","48192","27.844023000"
"11789","14:42:54.868097","100","465361","172.26.191.172","5000","27.787457000","48","1","48192","27.844025000"
"11790","14:42:54.868104","100","465409","172.26.191.172","5000","27.787464000","48","1","48192","27.844032000"
"11791","14:42:54.868105","100","465457","172.26.191.172","5000","27.787465000","48","1","48192","27.844033000"
"11792","14:42:54.898600","52","1","100.64.0.5","48192","27.817960000","0","464737","5000","27.874528000"
"11793","14:42:54.898643","100","465505","172.26.191.172","5000","27.818003000","48","1","48192","27.874571000"
"11794","14:42:54.898653","100","465553","172.26.191.172","5000","27.818013000","48","1","48192","27.874581000"
"11795","14:42:54.898665","100","465601","172.26.191.172","5000","27.818025000","48","1","48192","27.874593000"
"11796","14:42:54.898667","100","465649","172.26.191.172","5000","27.818027000","48","1","48192","27.874595000"
"11797","14:42:54.898674","100","465697","172.26.191.172","5000","27.818034000","48","1","48192","27.874602000"
"11798","14:42:54.898676","100","465745","172.26.191.172","5000","27.818036000","48","1","48192","27.874604000"
"11799","14:42:54.928389","52","1","100.64.0.5","48192","27.847749000","0","465025","5000","27.904317000"
"11800","14:42:54.928432","100","465793","172.26.191.172","5000","27.847792000","48","1","48192","27.904360000"
"11801","14:42:54.928443","100","465841","172.26.191.172","5000","27.847803000","48","1","48192","27.904371000"
"11802","14:42:54.928455","100","465889","172.26.191.172","5000","27.847815000","48","1","48192","27.904383000"
"11803","14:42:54.928457","100","465937","172.26.191.172","5000","27.847817000","48","1","48192","27.904385000"
"11804","14:42:54.928464","100","465985","172.26.191.172","5000","27.847824000","48","1","48192","27.904392000"
"11805","14:42:54.928466","100","466033","172.26.191.172","5000","27.847826000","48","1","48192","27.904394000"
"11806","14:42:54.928479","52","1","100.64.0.5","48192","27.847839000","0","465121","5000","27.904407000"
"11807","14:42:54.928489","100","466081","172.26.191.172","5000","27.847849000","48","1","48192","27.904417000"
"11808","14:42:54.928491","100","466129","172.26.191.172","5000","27.847851000","48","1","48192","27.904419000"
"11809","14:42:54.928499","52","1","100.64.0.5","48192","27.847859000","0","465217","5000","27.904427000"
"11810","14:42:54.928510","100","466177","172.26.191.172","5000","27.847870000","48","1","48192","27.904438000"
"11811","14:42:54.928511","100","466225","172.26.191.172","5000","27.847871000","48","1","48192","27.904439000"
"11812","14:42:54.957870","52","1","100.64.0.5","48192","27.877230000","0","465505","5000","27.933798000"
"11813","14:42:54.957905","100","466273","172.26.191.172","5000","27.877265000","48","1","48192","27.933833000"
"11814","14:42:54.957914","100","466321","172.26.191.172","5000","27.877274000","48","1","48192","27.933842000"
"11815","14:42:54.957925","100","466369","172.26.191.172","5000","27.877285000","48","1","48192","27.933853000"
"11816","14:42:54.957926","100","466417","172.26.191.172","5000","27.877286000","48","1","48192","27.933854000"
"11817","14:42:54.957932","100","466465","172.26.191.172","5000","27.877292000","48","1","48192","27.933860000"
"11818","14:42:54.957933","100","466513","172.26.191.172","5000","27.877293000","48","1","48192","27.933861000"
"11819","14:42:54.989255","52","1","100.64.0.5","48192","27.908615000","0","465793","5000","27.965183000"
"11820","14:42:54.989289","100","466561","172.26.191.172","5000","27.908649000","48","1","48192","27.965217000"
"11821","14:42:54.989299","100","466609","172.26.191.172","5000","27.908659000","48","1","48192","27.965227000"
"11822","14:42:54.989310","100","466657","172.26.191.172","5000","27.908670000","48","1","48192","27.965238000"
"11823","14:42:54.989311","100","466705","172.26.191.172","5000","27.908671000","48","1","48192","27.965239000"
"11824","14:42:54.989318","100","466753","172.26.191.172","5000","27.908678000","48","1","48192","27.965246000"
"11825","14:42:54.989319","100","466801","172.26.191.172","5000","27.908679000","48","1","48192","27.965247000"
"11826","14:42:55.019310","52","1","100.64.0.5","48192","27.938670000","0","466081","5000","27.995238000"
"11827","14:42:55.019346","100","466849","172.26.191.172","5000","27.938706000","48","1","48192","27.995274000"
"11828","14:42:55.019355","100","466897","172.26.191.172","5000","27.938715000","48","1","48192","27.995283000"
"11829","14:42:55.019366","100","466945","172.26.191.172","5000","27.938726000","48","1","48192","27.995294000"
"11830","14:42:55.019368","100","466993","172.26.191.172","5000","27.938728000","48","1","48192","27.995296000"
"11831","14:42:55.019374","100","467041","172.26.191.172","5000","27.938734000","48","1","48192","27.995302000"
"11832","14:42:55.019375","100","467089","172.26.191.172","5000","27.938735000","48","1","48192","27.995303000"
"11833","14:42:55.019382","100","467137","172.26.191.172","5000","27.938742000","48","1","48192","27.995310000"
"11834","14:42:55.019384","100","467185","172.26.191.172","5000","27.938744000","48","1","48192","27.995312000"
"11835","14:42:55.019395","52","1","100.64.0.5","48192","27.938755000","0","466369","5000","27.995323000"
"11836","14:42:55.019406","100","467233","172.26.191.172","5000","27.938766000","48","1","48192","27.995334000"
"11837","14:42:55.019408","100","467281","172.26.191.172","5000","27.938768000","48","1","48192","27.995336000"
"11838","14:42:55.019414","100","467329","172.26.191.172","5000","27.938774000","48","1","48192","27.995342000"
"11839","14:42:55.019415","100","467377","172.26.191.172","5000","27.938775000","48","1","48192","27.995343000"
"11840","14:42:55.019421","100","467425","172.26.191.172","5000","27.938781000","48","1","48192","27.995349000"
"11841","14:42:55.019422","100","467473","172.26.191.172","5000","27.938782000","48","1","48192","27.995350000"
"11842","14:42:55.048967","52","1","100.64.0.5","48192","27.968327000","0","466561","5000","28.024895000"
"11843","14:42:55.049005","100","467521","172.26.191.172","5000","27.968365000","48","1","48192","28.024933000"
"11844","14:42:55.049013","100","467569","172.26.191.172","5000","27.968373000","48","1","48192","28.024941000"
"11845","14:42:55.049024","100","467617","172.26.191.172","5000","27.968384000","48","1","48192","28.024952000"
"11846","14:42:55.049025","100","467665","172.26.191.172","5000","27.968385000","48","1","48192","28.024953000"
"11847","14:42:55.080164","52","1","100.64.0.5","48192","27.999524000","0","466849","5000","28.056092000"
"11848","14:42:55.080204","100","467713","172.26.191.172","5000","27.999564000","48","1","48192","28.056132000"
"11849","14:42:55.080212","100","467761","172.26.191.172","5000","27.999572000","48","1","48192","28.056140000"
"11850","14:42:55.080223","100","467809","172.26.191.172","5000","27.999583000","48","1","48192","28.056151000"
"11851","14:42:55.080224","100","467857","172.26.191.172","5000","27.999584000","48","1","48192","28.056152000"
"11852","14:42:55.080230","100","467905","172.26.191.172","5000","27.999590000","48","1","48192","28.056158000"
"11853","14:42:55.080232","100","467953","172.26.191.172","5000","27.999592000","48","1","48192","28.056160000"
"11854","14:42:55.109614","52","1","100.64.0.5","48192","28.028974000","0","467137","5000","28.085542000"
"11855","14:42:55.109653","100","468001","172.26.191.172","5000","28.029013000","48","1","48192","28.085581000"
"11856","14:42:55.109662","100","468049","172.26.191.172","5000","28.029022000","48","1","48192","28.085590000"
"11857","14:42:55.109672","100","468097","172.26.191.172","5000","28.029032000","48","1","48192","28.085600000"
"11858","14:42:55.109674","100","468145","172.26.191.172","5000","28.029034000","48","1","48192","28.085602000"
"11859","14:42:55.109680","100","468193","172.26.191.172","5000","28.029040000","48","1","48192","28.085608000"
"11860","14:42:55.109682","100","468241","172.26.191.172","5000","28.029042000","48","1","48192","28.085610000"
"11861","14:42:55.109694","52","1","100.64.0.5","48192","28.029054000","0","467281","5000","28.085622000"
"11862","14:42:55.109704","100","468289","172.26.191.172","5000","28.029064000","48","1","48192","28.085632000"
"11863","14:42:55.109705","100","468337","172.26.191.172","5000","28.029065000","48","1","48192","28.085633000"
"11864","14:42:55.109714","100","468385","172.26.191.172","5000","28.029074000","48","1","48192","28.085642000"
"11865","14:42:55.109715","100","468433","172.26.191.172","5000","28.029075000","48","1","48192","28.085643000"
"11866","14:42:55.109721","52","1","100.64.0.5","48192","28.029081000","0","467425","5000","28.085649000"
"11867","14:42:55.109732","100","468481","172.26.191.172","5000","28.029092000","48","1","48192","28.085660000"
"11868","14:42:55.109733","100","468529","172.26.191.172","5000","28.029093000","48","1","48192","28.085661000"
"11869","14:42:55.109740","52","1","100.64.0.5","48192","28.029100000","0","467521","5000","28.085668000"
"11870","14:42:55.109747","100","468577","172.26.191.172","5000","28.029107000","48","1","48192","28.085675000"
"11871","14:42:55.109749","100","468625","172.26.191.172","5000","28.029109000","48","1","48192","28.085677000"
"11872","14:42:55.140050","52","1","100.64.0.5","48192","28.059410000","0","467713","5000","28.115978000"
"11873","14:42:55.140090","100","468673","172.26.191.172","5000","28.059450000","48","1","48192","28.116018000"
"11874","14:42:55.140098","100","468721","172.26.191.172","5000","28.059458000","48","1","48192","28.116026000"
"11875","14:42:55.140109","100","468769","172.26.191.172","5000","28.059469000","48","1","48192","28.116037000"
"11876","14:42:55.140110","100","468817","172.26.191.172","5000","28.059470000","48","1","48192","28.116038000"
"11877","14:42:55.171150","52","1","100.64.0.5","48192","28.090510000","0","468001","5000","28.147078000"
"11878","14:42:55.171190","100","468865","172.26.191.172","5000","28.090550000","48","1","48192","28.147118000"
"11879","14:42:55.171199","100","468913","172.26.191.172","5000","28.090559000","48","1","48192","28.147127000"
"11880","14:42:55.171209","100","468961","172.26.191.172","5000","28.090569000","48","1","48192","28.147137000"
"11881","14:42:55.171210","100","469009","172.26.191.172","5000","28.090570000","48","1","48192","28.147138000"
"11882","14:42:55.171217","100","469057","172.26.191.172","5000","28.090577000","48","1","48192","28.147145000"
"11883","14:42:55.171218","100","469105","172.26.191.172","5000","28.090578000","48","1","48192","28.147146000"
"11884","14:42:55.201376","52","1","100.64.0.5","48192","28.120736000","0","468289","5000","28.177304000"
"11885","14:42:55.201416","100","469153","172.26.191.172","5000","28.120776000","48","1","48192","28.177344000"
"11886","14:42:55.201424","100","469201","172.26.191.172","5000","28.120784000","48","1","48192","28.177352000"
"11887","14:42:55.201435","100","469249","172.26.191.172","5000","28.120795000","48","1","48192","28.177363000"
"11888","14:42:55.201436","100","469297","172.26.191.172","5000","28.120796000","48","1","48192","28.177364000"
"11889","14:42:55.201442","100","469345","172.26.191.172","5000","28.120802000","48","1","48192","28.177370000"
"11890","14:42:55.201444","100","469393","172.26.191.172","5000","28.120804000","48","1","48192","28.177372000"
"11891","14:42:55.201450","100","469441","172.26.191.172","5000","28.120810000","48","1","48192","28.177378000"
"11892","14:42:55.201451","100","469489","172.26.191.172","5000","28.120811000","48","1","48192","28.177379000"
"11893","14:42:55.201463","52","1","100.64.0.5","48192","28.120823000","0","468577","5000","28.177391000"
"11894","14:42:55.201473","100","469537","172.26.191.172","5000","28.120833000","48","1","48192","28.177401000"
"11895","14:42:55.201475","100","469585","172.26.191.172","5000","28.120835000","48","1","48192","28.177403000"
"11896","14:42:55.201482","100","469633","172.26.191.172","5000","28.120842000","48","1","48192","28.177410000"
"11897","14:42:55.201483","100","469681","172.26.191.172","5000","28.120843000","48","1","48192","28.177411000"
"11898","14:42:55.201488","100","469729","172.26.191.172","5000","28.120848000","48","1","48192","28.177416000"
"11899","14:42:55.201489","100","469777","172.26.191.172","5000","28.120849000","48","1","48192","28.177417000"
"11900","14:42:55.201496","52","1","100.64.0.5","48192","28.120856000","0","468625","5000","28.177424000"
"11901","14:42:55.201504","52","1","100.64.0.5","48192","28.120864000","0","468673","5000","28.177432000"
"11902","14:42:55.201512","100","469825","172.26.191.172","5000","28.120872000","48","1","48192","28.177440000"
"11903","14:42:55.201513","100","469873","172.26.191.172","5000","28.120873000","48","1","48192","28.177441000"
"11904","14:42:55.231142","52","1","100.64.0.5","48192","28.150502000","0","468865","5000","28.207070000"
"11905","14:42:55.231181","100","469921","172.26.191.172","5000","28.150541000","48","1","48192","28.207109000"
"11906","14:42:55.231190","100","469969","172.26.191.172","5000","28.150550000","48","1","48192","28.207118000"
"11907","14:42:55.231200","100","470017","172.26.191.172","5000","28.150560000","48","1","48192","28.207128000"
"11908","14:42:55.231201","100","470065","172.26.191.172","5000","28.150561000","48","1","48192","28.207129000"
"11909","14:42:55.260775","52","1","100.64.0.5","48192","28.180135000","0","469153","5000","28.236703000"
"11910","14:42:55.260813","100","470113","172.26.191.172","5000","28.180173000","48","1","48192","28.236741000"
"11911","14:42:55.260822","100","470161","172.26.191.172","5000","28.180182000","48","1","48192","28.236750000"
"11912","14:42:55.260832","100","470209","172.26.191.172","5000","28.180192000","48","1","48192","28.236760000"
"11913","14:42:55.260834","100","470257","172.26.191.172","5000","28.180194000","48","1","48192","28.236762000"
"11914","14:42:55.260840","100","470305","172.26.191.172","5000","28.180200000","48","1","48192","28.236768000"
"11915","14:42:55.260841","100","470353","172.26.191.172","5000","28.180201000","48","1","48192","28.236769000"
"11916","14:42:55.292411","52","1","100.64.0.5","48192","28.211771000","0","469441","5000","28.268339000"
"11917","14:42:55.292458","100","470401","172.26.191.172","5000","28.211818000","48","1","48192","28.268386000"
"11918","14:42:55.292470","100","470449","172.26.191.172","5000","28.211830000","48","1","48192","28.268398000"
"11919","14:42:55.292485","100","470497","172.26.191.172","5000","28.211845000","48","1","48192","28.268413000"
"11920","14:42:55.292487","100","470545","172.26.191.172","5000","28.211847000","48","1","48192","28.268415000"
"11921","14:42:55.292497","100","470593","172.26.191.172","5000","28.211857000","48","1","48192","28.268425000"
"11922","14:42:55.292499","100","470641","172.26.191.172","5000","28.211859000","48","1","48192","28.268427000"
"11923","14:42:55.292517","52","1","100.64.0.5","48192","28.211877000","0","469585","5000","28.268445000"
"11924","14:42:55.292534","100","470689","172.26.191.172","5000","28.211894000","48","1","48192","28.268462000"
"11925","14:42:55.292536","100","470737","172.26.191.172","5000","28.211896000","48","1","48192","28.268464000"
"11926","14:42:55.292549","100","470785","172.26.191.172","5000","28.211909000","48","1","48192","28.268477000"
"11927","14:42:55.292551","100","470833","172.26.191.172","5000","28.211911000","48","1","48192","28.268479000"
"11928","14:42:55.292561","52","1","100.64.0.5","48192","28.211921000","0","469825","5000","28.268489000"
"11929","14:42:55.292580","100","470881","172.26.191.172","5000","28.211940000","48","1","48192","28.268508000"
"11930","14:42:55.292581","100","470929","172.26.191.172","5000","28.211941000","48","1","48192","28.268509000"
"11931","14:42:55.292592","100","470977","172.26.191.172","5000","28.211952000","48","1","48192","28.268520000"
"11932","14:42:55.292594","100","471025","172.26.191.172","5000","28.211954000","48","1","48192","28.268522000"
"11933","14:42:55.322193","52","1","100.64.0.5","48192","28.241553000","0","470113","5000","28.298121000"
"11934","14:42:55.322233","100","471073","172.26.191.172","5000","28.241593000","48","1","48192","28.298161000"
"11935","14:42:55.322242","100","471121","172.26.191.172","5000","28.241602000","48","1","48192","28.298170000"
"11936","14:42:55.322253","100","471169","172.26.191.172","5000","28.241613000","48","1","48192","28.298181000"
"11937","14:42:55.322254","100","471217","172.26.191.172","5000","28.241614000","48","1","48192","28.298182000"
"11938","14:42:55.322261","100","471265","172.26.191.172","5000","28.241621000","48","1","48192","28.298189000"
"11939","14:42:55.322262","100","471313","172.26.191.172","5000","28.241622000","48","1","48192","28.298190000"
"11940","14:42:55.352665","52","1","100.64.0.5","48192","28.272025000","0","470401","5000","28.328593000"
"11941","14:42:55.352708","100","471361","172.26.191.172","5000","28.272068000","48","1","48192","28.328636000"
"11942","14:42:55.352718","100","471409","172.26.191.172","5000","28.272078000","48","1","48192","28.328646000"
"11943","14:42:55.352731","100","471457","172.26.191.172","5000","28.272091000","48","1","48192","28.328659000"
"11944","14:42:55.352733","100","471505","172.26.191.172","5000","28.272093000","48","1","48192","28.328661000"
"11945","14:42:55.352740","100","471553","172.26.191.172","5000","28.272100000","48","1","48192","28.328668000"
"11946","14:42:55.352741","100","471601","172.26.191.172","5000","28.272101000","48","1","48192","28.328669000"
"11947","14:42:55.383431","52","1","100.64.0.5","48192","28.302791000","0","470689","5000","28.359359000"
"11948","14:42:55.383475","100","471649","172.26.191.172","5000","28.302835000","48","1","48192","28.359403000"
"11949","14:42:55.383485","100","471697","172.26.191.172","5000","28.302845000","48","1","48192","28.359413000"
"11950","14:42:55.383496","100","471745","172.26.191.172","5000","28.302856000","48","1","48192","28.359424000"
"11951","14:42:55.383498","100","471793","172.26.191.172","5000","28.302858000","48","1","48192","28.359426000"
"11952","14:42:55.383505","100","471841","172.26.191.172","5000","28.302865000","48","1","48192","28.359433000"
"11953","14:42:55.383507","100","471889","172.26.191.172","5000","28.302867000","48","1","48192","28.359435000"
"11954","14:42:55.383519","52","1","100.64.0.5","48192","28.302879000","0","470977","5000","28.359447000"
"11955","14:42:55.383531","100","471937","172.26.191.172","5000","28.302891000","48","1","48192","28.359459000"
"11956","14:42:55.383533","100","471985","172.26.191.172","5000","28.302893000","48","1","48192","28.359461000"
"11957","14:42:55.383541","100","472033","172.26.191.172","5000","28.302901000","48","1","48192","28.359469000"
"11958","14:42:55.383543","100","472081","172.26.191.172","5000","28.302903000","48","1","48192","28.359471000"
"11959","14:42:55.383550","100","472129","172.26.191.172","5000","28.302910000","48","1","48192","28.359478000"
"11960","14:42:55.383552","100","472177","172.26.191.172","5000","28.302912000","48","1","48192","28.359480000"
"11961","14:42:55.383558","100","472225","172.26.191.172","5000","28.302918000","48","1","48192","28.359486000"
"11962","14:42:55.383560","100","472273","172.26.191.172","5000","28.302920000","48","1","48192","28.359488000"
"11963","14:42:55.383567","52","1","100.64.0.5","48192","28.302927000","0","471073","5000","28.359495000"
"11964","14:42:55.383577","100","472321","172.26.191.172","5000","28.302937000","48","1","48192","28.359505000"
"11965","14:42:55.383578","100","472369","172.26.191.172","5000","28.302938000","48","1","48192","28.359506000"
"11966","14:42:55.412734","52","1","100.64.0.5","48192","28.332094000","0","471361","5000","28.388662000"
"11967","14:42:55.412774","100","472417","172.26.191.172","5000","28.332134000","48","1","48192","28.388702000"
"11968","14:42:55.412782","100","472465","172.26.191.172","5000","28.332142000","48","1","48192","28.388710000"
"11969","14:42:55.412793","100","472513","172.26.191.172","5000","28.332153000","48","1","48192","28.388721000"
"11970","14:42:55.412794","100","472561","172.26.191.172","5000","28.332154000","48","1","48192","28.388722000"
"11971","14:42:55.412802","100","472609","172.26.191.172","5000","28.332162000","48","1","48192","28.388730000"
"11972","14:42:55.412804","100","472657","172.26.191.172","5000","28.332164000","48","1","48192","28.388732000"
"11973","14:42:55.443188","52","1","100.64.0.5","48192","28.362548000","0","471649","5000","28.419116000"
"11974","14:42:55.443229","100","472705","172.26.191.172","5000","28.362589000","48","1","48192","28.419157000"
"11975","14:42:55.443237","100","472753","172.26.191.172","5000","28.362597000","48","1","48192","28.419165000"
"11976","14:42:55.443248","100","472801","172.26.191.172","5000","28.362608000","48","1","48192","28.419176000"
"11977","14:42:55.443250","100","472849","172.26.191.172","5000","28.362610000","48","1","48192","28.419178000"
"11978","14:42:55.443257","100","472897","172.26.191.172","5000","28.362617000","48","1","48192","28.419185000"
"11979","14:42:55.443259","100","472945","172.26.191.172","5000","28.362619000","48","1","48192","28.419187000"
"11980","14:42:55.474017","52","1","100.64.0.5","48192","28.393377000","0","471937","5000","28.449945000"
"11981","14:42:55.474062","100","472993","172.26.191.172","5000","28.393422000","48","1","48192","28.449990000"
"11982","14:42:55.474072","100","473041","172.26.191.172","5000","28.393432000","48","1","48192","28.450000000"
"11983","14:42:55.474084","100","473089","172.26.191.172","5000","28.393444000","48","1","48192","28.450012000"
"11984","14:42:55.474086","100","473137","172.26.191.172","5000","28.393446000","48","1","48192","28.450014000"
"11985","14:42:55.474093","100","473185","172.26.191.172","5000","28.393453000","48","1","48192","28.450021000"
"11986","14:42:55.474094","100","473233","172.26.191.172","5000","28.393454000","48","1","48192","28.450022000"
"11987","14:42:55.474107","52","1","100.64.0.5","48192","28.393467000","0","472033","5000","28.450035000"
"11988","14:42:55.474118","100","473281","172.26.191.172","5000","28.393478000","48","1","48192","28.450046000"
"11989","14:42:55.474120","100","473329","172.26.191.172","5000","28.393480000","48","1","48192","28.450048000"
"11990","14:42:55.474128","52","1","100.64.0.5","48192","28.393488000","0","472321","5000","28.450056000"
"11991","14:42:55.474140","100","473377","172.26.191.172","5000","28.393500000","48","1","48192","28.450068000"
"11992","14:42:55.474142","100","473425","172.26.191.172","5000","28.393502000","48","1","48192","28.450070000"
"11993","14:42:55.474151","100","473473","172.26.191.172","5000","28.393511000","48","1","48192","28.450079000"
"11994","14:42:55.474152","100","473521","172.26.191.172","5000","28.393512000","48","1","48192","28.450080000"
"11995","14:42:55.474159","100","473569","172.26.191.172","5000","28.393519000","48","1","48192","28.450087000"
"11996","14:42:55.474160","100","473617","172.26.191.172","5000","28.393520000","48","1","48192","28.450088000"
"11997","14:42:55.504211","52","1","100.64.0.5","48192","28.423571000","0","472609","5000","28.480139000"
"11998","14:42:55.504252","100","473665","172.26.191.172","5000","28.423612000","48","1","48192","28.480180000"
"11999","14:42:55.504261","100","473713","172.26.191.172","5000","28.423621000","48","1","48192","28.480189000"
"12000","14:42:55.504271","100","473761","172.26.191.172","5000","28.423631000","48","1","48192","28.480199000"
"12001","14:42:55.504273","100","473809","172.26.191.172","5000","28.423633000","48","1","48192","28.480201000"
"12002","14:42:55.504280","100","473857","172.26.191.172","5000","28.423640000","48","1","48192","28.480208000"
"12003","14:42:55.504281","100","473905","172.26.191.172","5000","28.423641000","48","1","48192","28.480209000"
"12004","14:42:55.504293","52","1","100.64.0.5","48192","28.423653000","0","472705","5000","28.480221000"
"12005","14:42:55.504304","100","473953","172.26.191.172","5000","28.423664000","48","1","48192","28.480232000"
"12006","14:42:55.504305","100","474001","172.26.191.172","5000","28.423665000","48","1","48192","28.480233000"
"12007","14:42:55.533866","52","1","100.64.0.5","48192","28.453226000","0","472993","5000","28.509794000"
"12008","14:42:55.533905","100","474049","172.26.191.172","5000","28.453265000","48","1","48192","28.509833000"
"12009","14:42:55.533914","100","474097","172.26.191.172","5000","28.453274000","48","1","48192","28.509842000"
"12010","14:42:55.533926","100","474145","172.26.191.172","5000","28.453286000","48","1","48192","28.509854000"
"12011","14:42:55.533927","100","474193","172.26.191.172","5000","28.453287000","48","1","48192","28.509855000"
"12012","14:42:55.533933","100","474241","172.26.191.172","5000","28.453293000","48","1","48192","28.509861000"
"12013","14:42:55.533934","100","474289","172.26.191.172","5000","28.453294000","48","1","48192","28.509862000"
"12014","14:42:55.563845","52","1","100.64.0.5","48192","28.483205000","0","473281","5000","28.539773000"
"12015","14:42:55.563889","100","474337","172.26.191.172","5000","28.483249000","48","1","48192","28.539817000"
"12016","14:42:55.563899","100","474385","172.26.191.172","5000","28.483259000","48","1","48192","28.539827000"
"12017","14:42:55.563912","100","474433","172.26.191.172","5000","28.483272000","48","1","48192","28.539840000"
"12018","14:42:55.563913","100","474481","172.26.191.172","5000","28.483273000","48","1","48192","28.539841000"
"12019","14:42:55.563920","100","474529","172.26.191.172","5000","28.483280000","48","1","48192","28.539848000"
"12020","14:42:55.563921","100","474577","172.26.191.172","5000","28.483281000","48","1","48192","28.539849000"
"12021","14:42:55.563935","52","1","100.64.0.5","48192","28.483295000","0","473425","5000","28.539863000"
"12022","14:42:55.563947","100","474625","172.26.191.172","5000","28.483307000","48","1","48192","28.539875000"
"12023","14:42:55.563948","100","474673","172.26.191.172","5000","28.483308000","48","1","48192","28.539876000"
"12024","14:42:55.563958","100","474721","172.26.191.172","5000","28.483318000","48","1","48192","28.539886000"
"12025","14:42:55.563959","100","474769","172.26.191.172","5000","28.483319000","48","1","48192","28.539887000"
"12026","14:42:55.563967","52","1","100.64.0.5","48192","28.483327000","0","473569","5000","28.539895000"
"12027","14:42:55.563979","100","474817","172.26.191.172","5000","28.483339000","48","1","48192","28.539907000"
"12028","14:42:55.563980","100","474865","172.26.191.172","5000","28.483340000","48","1","48192","28.539908000"
"12029","14:42:55.563988","100","474913","172.26.191.172","5000","28.483348000","48","1","48192","28.539916000"
"12030","14:42:55.563989","100","474961","172.26.191.172","5000","28.483349000","48","1","48192","28.539917000"
"12031","14:42:55.563996","52","1","100.64.0.5","48192","28.483356000","0","473665","5000","28.539924000"
"12032","14:42:55.564005","100","475009","172.26.191.172","5000","28.483365000","48","1","48192","28.539933000"
"12033","14:42:55.564007","100","475057","172.26.191.172","5000","28.483367000","48","1","48192","28.539935000"
"12034","14:42:55.595456","52","1","100.64.0.5","48192","28.514816000","0","473953","5000","28.571384000"
"12035","14:42:55.595496","100","475105","172.26.191.172","5000","28.514856000","48","1","48192","28.571424000"
"12036","14:42:55.595505","100","475153","172.26.191.172","5000","28.514865000","48","1","48192","28.571433000"
"12037","14:42:55.595517","100","475201","172.26.191.172","5000","28.514877000","48","1","48192","28.571445000"
"12038","14:42:55.595518","100","475249","172.26.191.172","5000","28.514878000","48","1","48192","28.571446000"
"12039","14:42:55.595524","100","475297","172.26.191.172","5000","28.514884000","48","1","48192","28.571452000"
"12040","14:42:55.595526","100","475345","172.26.191.172","5000","28.514886000","48","1","48192","28.571454000"
"12041","14:42:55.595537","52","1","100.64.0.5","48192","28.514897000","0","474049","5000","28.571465000"
"12042","14:42:55.595546","100","475393","172.26.191.172","5000","28.514906000","48","1","48192","28.571474000"
"12043","14:42:55.595548","100","475441","172.26.191.172","5000","28.514908000","48","1","48192","28.571476000"
"12044","14:42:55.624927","52","1","100.64.0.5","48192","28.544287000","0","474337","5000","28.600855000"
"12045","14:42:55.624966","100","475489","172.26.191.172","5000","28.544326000","48","1","48192","28.600894000"
"12046","14:42:55.624975","100","475537","172.26.191.172","5000","28.544335000","48","1","48192","28.600903000"
"12047","14:42:55.624986","100","475585","172.26.191.172","5000","28.544346000","48","1","48192","28.600914000"
"12048","14:42:55.624987","100","475633","172.26.191.172","5000","28.544347000","48","1","48192","28.600915000"
"12049","14:42:55.624994","100","475681","172.26.191.172","5000","28.544354000","48","1","48192","28.600922000"
"12050","14:42:55.624996","100","475729","172.26.191.172","5000","28.544356000","48","1","48192","28.600924000"
"12051","14:42:55.625007","52","1","100.64.0.5","48192","28.544367000","0","474385","5000","28.600935000"
"12052","14:42:55.655265","52","1","100.64.0.5","48192","28.574625000","0","474721","5000","28.631193000"
"12053","14:42:55.655304","100","475777","172.26.191.172","5000","28.574664000","48","1","48192","28.631232000"
"12054","14:42:55.655320","100","475825","172.26.191.172","5000","28.574680000","48","1","48192","28.631248000"
"12055","14:42:55.655331","100","475873","172.26.191.172","5000","28.574691000","48","1","48192","28.631259000"
"12056","14:42:55.655332","100","475921","172.26.191.172","5000","28.574692000","48","1","48192","28.631260000"
"12057","14:42:55.655339","100","475969","172.26.191.172","5000","28.574699000","48","1","48192","28.631267000"
"12058","14:42:55.655340","100","476017","172.26.191.172","5000","28.574700000","48","1","48192","28.631268000"
"12059","14:42:55.655346","100","476065","172.26.191.172","5000","28.574706000","48","1","48192","28.631274000"
"12060","14:42:55.655348","100","476113","172.26.191.172","5000","28.574708000","48","1","48192","28.631276000"
"12061","14:42:55.655359","52","1","100.64.0.5","48192","28.574719000","0","474817","5000","28.631287000"
"12062","14:42:55.655369","100","476161","172.26.191.172","5000","28.574729000","48","1","48192","28.631297000"
"12063","14:42:55.655371","100","476209","172.26.191.172","5000","28.574731000","48","1","48192","28.631299000"
"12064","14:42:55.655378","52","1","100.64.0.5","48192","28.574738000","0","475009","5000","28.631306000"
"12065","14:42:55.655389","100","476257","172.26.191.172","5000","28.574749000","48","1","48192","28.631317000"
"12066","14:42:55.655391","100","476305","172.26.191.172","5000","28.574751000","48","1","48192","28.631319000"
"12067","14:42:55.655397","100","476353","172.26.191.172","5000","28.574757000","48","1","48192","28.631325000"
"12068","14:42:55.655398","100","476401","172.26.191.172","5000","28.574758000","48","1","48192","28.631326000"
"12069","14:42:55.655404","52","1","100.64.0.5","48192","28.574764000","0","475057","5000","28.631332000"
"12070","14:42:55.655413","100","476449","172.26.191.172","5000","28.574773000","48","1","48192","28.631341000"
"12071","14:42:55.655414","100","476497","172.26.191.172","5000","28.574774000","48","1","48192","28.631342000"
"12072","14:42:55.685861","52","1","100.64.0.5","48192","28.605221000","0","475393","5000","28.661789000"
"12073","14:42:55.685880","100","476545","172.26.191.172","5000","28.605240000","48","1","48192","28.661808000"
"12074","14:42:55.685883","100","476593","172.26.191.172","5000","28.605243000","48","1","48192","28.661811000"
"12075","14:42:55.685888","100","476641","172.26.191.172","5000","28.605248000","48","1","48192","28.661816000"
"12076","14:42:55.685889","100","476689","172.26.191.172","5000","28.605249000","48","1","48192","28.661817000"
"12077","14:42:55.685892","100","476737","172.26.191.172","5000","28.605252000","48","1","48192","28.661820000"
"12078","14:42:55.685893","100","476785","172.26.191.172","5000","28.605253000","48","1","48192","28.661821000"
"12079","14:42:55.685897","52","1","100.64.0.5","48192","28.605257000","0","475489","5000","28.661825000"
"12080","14:42:55.685901","100","476833","172.26.191.172","5000","28.605261000","48","1","48192","28.661829000"
"12081","14:42:55.685902","100","476881","172.26.191.172","5000","28.605262000","48","1","48192","28.661830000"
"12082","14:42:55.715391","52","1","100.64.0.5","48192","28.634751000","0","475777","5000","28.691319000"
"12083","14:42:55.715424","100","476929","172.26.191.172","5000","28.634784000","48","1","48192","28.691352000"
"12084","14:42:55.715433","100","476977","172.26.191.172","5000","28.634793000","48","1","48192","28.691361000"
"12085","14:42:55.715443","100","477025","172.26.191.172","5000","28.634803000","48","1","48192","28.691371000"
"12086","14:42:55.715444","100","477073","172.26.191.172","5000","28.634804000","48","1","48192","28.691372000"
"12087","14:42:55.715450","100","477121","172.26.191.172","5000","28.634810000","48","1","48192","28.691378000"
"12088","14:42:55.715451","100","477169","172.26.191.172","5000","28.634811000","48","1","48192","28.691379000"
"12089","14:42:55.746385","52","1","100.64.0.5","48192","28.665745000","0","476065","5000","28.722313000"
"12090","14:42:55.746427","100","477217","172.26.191.172","5000","28.665787000","48","1","48192","28.722355000"
"12091","14:42:55.746436","100","477265","172.26.191.172","5000","28.665796000","48","1","48192","28.722364000"
"12092","14:42:55.746448","100","477313","172.26.191.172","5000","28.665808000","48","1","48192","28.722376000"
"12093","14:42:55.746449","100","477361","172.26.191.172","5000","28.665809000","48","1","48192","28.722377000"
"12094","14:42:55.746455","100","477409","172.26.191.172","5000","28.665815000","48","1","48192","28.722383000"
"12095","14:42:55.746457","100","477457","172.26.191.172","5000","28.665817000","48","1","48192","28.722385000"
"12096","14:42:55.746468","52","1","100.64.0.5","48192","28.665828000","0","476353","5000","28.722396000"
"12097","14:42:55.746479","100","477505","172.26.191.172","5000","28.665839000","48","1","48192","28.722407000"
"12098","14:42:55.746481","100","477553","172.26.191.172","5000","28.665841000","48","1","48192","28.722409000"
"12099","14:42:55.746488","100","477601","172.26.191.172","5000","28.665848000","48","1","48192","28.722416000"
"12100","14:42:55.746489","100","477649","172.26.191.172","5000","28.665849000","48","1","48192","28.722417000"
"12101","14:42:55.746495","100","477697","172.26.191.172","5000","28.665855000","48","1","48192","28.722423000"
"12102","14:42:55.746496","100","477745","172.26.191.172","5000","28.665856000","48","1","48192","28.722424000"
"12103","14:42:55.746502","52","1","100.64.0.5","48192","28.665862000","0","476449","5000","28.722430000"
"12104","14:42:55.746511","100","477793","172.26.191.172","5000","28.665871000","48","1","48192","28.722439000"
"12105","14:42:55.746512","100","477841","172.26.191.172","5000","28.665872000","48","1","48192","28.722440000"
"12106","14:42:55.746519","100","477889","172.26.191.172","5000","28.665879000","48","1","48192","28.722447000"
"12107","14:42:55.746520","100","477937","172.26.191.172","5000","28.665880000","48","1","48192","28.722448000"
"12108","14:42:55.777279","52","1","100.64.0.5","48192","28.696639000","0","476737","5000","28.753207000"
"12109","14:42:55.777319","100","477985","172.26.191.172","5000","28.696679000","48","1","48192","28.753247000"
"12110","14:42:55.777328","100","478033","172.26.191.172","5000","28.696688000","48","1","48192","28.753256000"
"12111","14:42:55.777338","100","478081","172.26.191.172","5000","28.696698000","48","1","48192","28.753266000"
"12112","14:42:55.777340","100","478129","172.26.191.172","5000","28.696700000","48","1","48192","28.753268000"
"12113","14:42:55.777346","100","478177","172.26.191.172","5000","28.696706000","48","1","48192","28.753274000"
"12114","14:42:55.777347","100","478225","172.26.191.172","5000","28.696707000","48","1","48192","28.753275000"
"12115","14:42:55.777359","52","1","100.64.0.5","48192","28.696719000","0","476929","5000","28.753287000"
"12116","14:42:55.777369","100","478273","172.26.191.172","5000","28.696729000","48","1","48192","28.753297000"
"12117","14:42:55.777371","100","478321","172.26.191.172","5000","28.696731000","48","1","48192","28.753299000"
"12118","14:42:55.777378","100","478369","172.26.191.172","5000","28.696738000","48","1","48192","28.753306000"
"12119","14:42:55.777379","100","478417","172.26.191.172","5000","28.696739000","48","1","48192","28.753307000"
"12120","14:42:55.806947","52","1","100.64.0.5","48192","28.726307000","0","477217","5000","28.782875000"
"12121","14:42:55.806987","100","478465","172.26.191.172","5000","28.726347000","48","1","48192","28.782915000"
"12122","14:42:55.806996","100","478513","172.26.191.172","5000","28.726356000","48","1","48192","28.782924000"
"12123","14:42:55.807007","100","478561","172.26.191.172","5000","28.726367000","48","1","48192","28.782935000"
"12124","14:42:55.807008","100","478609","172.26.191.172","5000","28.726368000","48","1","48192","28.782936000"
"12125","14:42:55.807015","100","478657","172.26.191.172","5000","28.726375000","48","1","48192","28.782943000"
"12126","14:42:55.807016","100","478705","172.26.191.172","5000","28.726376000","48","1","48192","28.782944000"
"12127","14:42:55.837466","52","1","100.64.0.5","48192","28.756826000","0","477505","5000","28.813394000"
"12128","14:42:55.837506","100","478753","172.26.191.172","5000","28.756866000","48","1","48192","28.813434000"
"12129","14:42:55.837514","100","478801","172.26.191.172","5000","28.756874000","48","1","48192","28.813442000"
"12130","14:42:55.837524","100","478849","172.26.191.172","5000","28.756884000","48","1","48192","28.813452000"
"12131","14:42:55.837526","100","478897","172.26.191.172","5000","28.756886000","48","1","48192","28.813454000"
"12132","14:42:55.837533","100","478945","172.26.191.172","5000","28.756893000","48","1","48192","28.813461000"
"12133","14:42:55.837535","100","478993","172.26.191.172","5000","28.756895000","48","1","48192","28.813463000"
"12134","14:42:55.837546","52","1","100.64.0.5","48192","28.756906000","0","477793","5000","28.813474000"
"12135","14:42:55.837557","100","479041","172.26.191.172","5000","28.756917000","48","1","48192","28.813485000"
"12136","14:42:55.837559","100","479089","172.26.191.172","5000","28.756919000","48","1","48192","28.813487000"
"12137","14:42:55.837566","100","479137","172.26.191.172","5000","28.756926000","48","1","48192","28.813494000"
"12138","14:42:55.837568","100","479185","172.26.191.172","5000","28.756928000","48","1","48192","28.813496000"
"12139","14:42:55.837575","100","479233","172.26.191.172","5000","28.756935000","48","1","48192","28.813503000"
"12140","14:42:55.837576","100","479281","172.26.191.172","5000","28.756936000","48","1","48192","28.813504000"
"12141","14:42:55.837582","52","1","100.64.0.5","48192","28.756942000","0","477889","5000","28.813510000"
"12142","14:42:55.837592","100","479329","172.26.191.172","5000","28.756952000","48","1","48192","28.813520000"
"12143","14:42:55.837593","100","479377","172.26.191.172","5000","28.756953000","48","1","48192","28.813521000"
"12144","14:42:55.867843","52","1","100.64.0.5","48192","28.787203000","0","478177","5000","28.843771000"
"12145","14:42:55.867881","100","479425","172.26.191.172","5000","28.787241000","48","1","48192","28.843809000"
"12146","14:42:55.867891","100","479473","172.26.191.172","5000","28.787251000","48","1","48192","28.843819000"
"12147","14:42:55.867902","100","479521","172.26.191.172","5000","28.787262000","48","1","48192","28.843830000"
"12148","14:42:55.867904","100","479569","172.26.191.172","5000","28.787264000","48","1","48192","28.843832000"
"12149","14:42:55.867911","100","479617","172.26.191.172","5000","28.787271000","48","1","48192","28.843839000"
"12150","14:42:55.867913","100","479665","172.26.191.172","5000","28.787273000","48","1","48192","28.843841000"
"12151","14:42:55.867924","52","1","100.64.0.5","48192","28.787284000","0","478465","5000","28.843852000"
"12152","14:42:55.867935","100","479713","172.26.191.172","5000","28.787295000","48","1","48192","28.843863000"
"12153","14:42:55.867937","100","479761","172.26.191.172","5000","28.787297000","48","1","48192","28.843865000"
"12154","14:42:55.867943","100","479809","172.26.191.172","5000","28.787303000","48","1","48192","28.843871000"
"12155","14:42:55.867945","100","479857","172.26.191.172","5000","28.787305000","48","1","48192","28.843873000"
"12156","14:42:55.867950","100","479905","172.26.191.172","5000","28.787310000","48","1","48192","28.843878000"
"12157","14:42:55.867952","100","479953","172.26.191.172","5000","28.787312000","48","1","48192","28.843880000"
"12158","14:42:55.897617","52","1","100.64.0.5","48192","28.816977000","0","478753","5000","28.873545000"
"12159","14:42:55.897656","100","480001","172.26.191.172","5000","28.817016000","48","1","48192","28.873584000"
"12160","14:42:55.897665","100","480049","172.26.191.172","5000","28.817025000","48","1","48192","28.873593000"
"12161","14:42:55.897676","100","480097","172.26.191.172","5000","28.817036000","48","1","48192","28.873604000"
"12162","14:42:55.897678","100","480145","172.26.191.172","5000","28.817038000","48","1","48192","28.873606000"
"12163","14:42:55.897684","100","480193","172.26.191.172","5000","28.817044000","48","1","48192","28.873612000"
"12164","14:42:55.897686","100","480241","172.26.191.172","5000","28.817046000","48","1","48192","28.873614000"
"12165","14:42:55.928033","52","1","100.64.0.5","48192","28.847393000","0","479041","5000","28.903961000"
"12166","14:42:55.928074","100","480289","172.26.191.172","5000","28.847434000","48","1","48192","28.904002000"
"12167","14:42:55.928086","100","480337","172.26.191.172","5000","28.847446000","48","1","48192","28.904014000"
"12168","14:42:55.928098","100","480385","172.26.191.172","5000","28.847458000","48","1","48192","28.904026000"
"12169","14:42:55.928099","100","480433","172.26.191.172","5000","28.847459000","48","1","48192","28.904027000"
"12170","14:42:55.928107","100","480481","172.26.191.172","5000","28.847467000","48","1","48192","28.904035000"
"12171","14:42:55.928108","100","480529","172.26.191.172","5000","28.847468000","48","1","48192","28.904036000"
"12172","14:42:55.928120","52","1","100.64.0.5","48192","28.847480000","0","479329","5000","28.904048000"
"12173","14:42:55.928131","100","480577","172.26.191.172","5000","28.847491000","48","1","48192","28.904059000"
"12174","14:42:55.928133","100","480625","172.26.191.172","5000","28.847493000","48","1","48192","28.904061000"
"12175","14:42:55.928140","100","480673","172.26.191.172","5000","28.847500000","48","1","48192","28.904068000"
"12176","14:42:55.928141","100","480721","172.26.191.172","5000","28.847501000","48","1","48192","28.904069000"
"12177","14:42:55.928146","100","480769","172.26.191.172","5000","28.847506000","48","1","48192","28.904074000"
"12178","14:42:55.928147","100","480817","172.26.191.172","5000","28.847507000","48","1","48192","28.904075000"
"12179","14:42:55.928154","52","1","100.64.0.5","48192","28.847514000","0","479425","5000","28.904082000"
"12180","14:42:55.928163","100","480865","172.26.191.172","5000","28.847523000","48","1","48192","28.904091000"
"12181","14:42:55.928164","100","480913","172.26.191.172","5000","28.847524000","48","1","48192","28.904092000"
"12182","14:42:55.957277","52","1","100.64.0.5","48192","28.876637000","0","479713","5000","28.933205000"
"12183","14:42:55.957318","100","480961","172.26.191.172","5000","28.876678000","48","1","48192","28.933246000"
"12184","14:42:55.957327","100","481009","172.26.191.172","5000","28.876687000","48","1","48192","28.933255000"
"12185","14:42:55.957337","100","481057","172.26.191.172","5000","28.876697000","48","1","48192","28.933265000"
"12186","14:42:55.957339","100","481105","172.26.191.172","5000","28.876699000","48","1","48192","28.933267000"
"12187","14:42:55.957345","100","481153","172.26.191.172","5000","28.876705000","48","1","48192","28.933273000"
"12188","14:42:55.957346","100","481201","172.26.191.172","5000","28.876706000","48","1","48192","28.933274000"
"12189","14:42:55.957352","100","481249","172.26.191.172","5000","28.876712000","48","1","48192","28.933280000"
"12190","14:42:55.957353","100","481297","172.26.191.172","5000","28.876713000","48","1","48192","28.933281000"
"12191","14:42:55.958526","52","1","100.64.0.5","48192","28.877886000","0","479857","5000","28.934454000"
"12192","14:42:55.958552","100","481345","172.26.191.172","5000","28.877912000","48","1","48192","28.934480000"
"12193","14:42:55.958559","100","481393","172.26.191.172","5000","28.877919000","48","1","48192","28.934487000"
"12194","14:42:55.958573","52","1","100.64.0.5","48192","28.877933000","0","480001","5000","28.934501000"
"12195","14:42:55.958585","100","481441","172.26.191.172","5000","28.877945000","48","1","48192","28.934513000"
"12196","14:42:55.958586","100","481489","172.26.191.172","5000","28.877946000","48","1","48192","28.934514000"
"12197","14:42:55.958593","100","481537","172.26.191.172","5000","28.877953000","48","1","48192","28.934521000"
"12198","14:42:55.958594","100","481585","172.26.191.172","5000","28.877954000","48","1","48192","28.934522000"
"12199","14:42:55.988663","52","1","100.64.0.5","48192","28.908023000","0","480289","5000","28.964591000"
"12200","14:42:55.988709","100","481633","172.26.191.172","5000","28.908069000","48","1","48192","28.964637000"
"12201","14:42:55.988722","100","481681","172.26.191.172","5000","28.908082000","48","1","48192","28.964650000"
"12202","14:42:55.988737","100","481729","172.26.191.172","5000","28.908097000","48","1","48192","28.964665000"
"12203","14:42:55.988740","100","481777","172.26.191.172","5000","28.908100000","48","1","48192","28.964668000"
"12204","14:42:55.988749","100","481825","172.26.191.172","5000","28.908109000","48","1","48192","28.964677000"
"12205","14:42:55.988751","100","481873","172.26.191.172","5000","28.908111000","48","1","48192","28.964679000"
"12206","14:42:56.019186","52","1","100.64.0.5","48192","28.938546000","0","480577","5000","28.995114000"
"12207","14:42:56.019227","100","481921","172.26.191.172","5000","28.938587000","48","1","48192","28.995155000"
"12208","14:42:56.019236","100","481969","172.26.191.172","5000","28.938596000","48","1","48192","28.995164000"
"12209","14:42:56.019248","100","482017","172.26.191.172","5000","28.938608000","48","1","48192","28.995176000"
"12210","14:42:56.019249","100","482065","172.26.191.172","5000","28.938609000","48","1","48192","28.995177000"
"12211","14:42:56.019255","100","482113","172.26.191.172","5000","28.938615000","48","1","48192","28.995183000"
"12212","14:42:56.019257","100","482161","172.26.191.172","5000","28.938617000","48","1","48192","28.995185000"
"12213","14:42:56.019268","52","1","100.64.0.5","48192","28.938628000","0","480865","5000","28.995196000"
"12214","14:42:56.019279","100","482209","172.26.191.172","5000","28.938639000","48","1","48192","28.995207000"
"12215","14:42:56.019281","100","482257","172.26.191.172","5000","28.938641000","48","1","48192","28.995209000"
"12216","14:42:56.019288","100","482305","172.26.191.172","5000","28.938648000","48","1","48192","28.995216000"
"12217","14:42:56.019290","100","482353","172.26.191.172","5000","28.938650000","48","1","48192","28.995218000"
"12218","14:42:56.019296","100","482401","172.26.191.172","5000","28.938656000","48","1","48192","28.995224000"
"12219","14:42:56.019298","100","482449","172.26.191.172","5000","28.938658000","48","1","48192","28.995226000"
"12220","14:42:56.019304","52","1","100.64.0.5","48192","28.938664000","0","480961","5000","28.995232000"
"12221","14:42:56.019312","100","482497","172.26.191.172","5000","28.938672000","48","1","48192","28.995240000"
"12222","14:42:56.019313","100","482545","172.26.191.172","5000","28.938673000","48","1","48192","28.995241000"
"12223","14:42:56.048649","52","1","100.64.0.5","48192","28.968009000","0","481249","5000","29.024577000"
"12224","14:42:56.048690","100","482593","172.26.191.172","5000","28.968050000","48","1","48192","29.024618000"
"12225","14:42:56.048700","100","482641","172.26.191.172","5000","28.968060000","48","1","48192","29.024628000"
"12226","14:42:56.048714","100","482689","172.26.191.172","5000","28.968074000","48","1","48192","29.024642000"
"12227","14:42:56.048716","100","482737","172.26.191.172","5000","28.968076000","48","1","48192","29.024644000"
"12228","14:42:56.048725","100","482785","172.26.191.172","5000","28.968085000","48","1","48192","29.024653000"
"12229","14:42:56.048727","100","482833","172.26.191.172","5000","28.968087000","48","1","48192","29.024655000"
"12230","14:42:56.048742","52","1","100.64.0.5","48192","28.968102000","0","481537","5000","29.024670000"
"12231","14:42:56.048760","100","482881","172.26.191.172","5000","28.968120000","48","1","48192","29.024688000"
"12232","14:42:56.048762","100","482929","172.26.191.172","5000","28.968122000","48","1","48192","29.024690000"
"12233","14:42:56.048772","100","482977","172.26.191.172","5000","28.968132000","48","1","48192","29.024700000"
"12234","14:42:56.048775","100","483025","172.26.191.172","5000","28.968135000","48","1","48192","29.024703000"
"12235","14:42:56.048784","100","483073","172.26.191.172","5000","28.968144000","48","1","48192","29.024712000"
"12236","14:42:56.048787","100","483121","172.26.191.172","5000","28.968147000","48","1","48192","29.024715000"
"12237","14:42:56.048797","52","1","100.64.0.5","48192","28.968157000","0","481633","5000","29.024725000"
"12238","14:42:56.048812","100","483169","172.26.191.172","5000","28.968172000","48","1","48192","29.024740000"
"12239","14:42:56.048813","100","483217","172.26.191.172","5000","28.968173000","48","1","48192","29.024741000"
"12240","14:42:56.080194","52","1","100.64.0.5","48192","28.999554000","0","481921","5000","29.056122000"
"12241","14:42:56.080231","100","483265","172.26.191.172","5000","28.999591000","48","1","48192","29.056159000"
"12242","14:42:56.080239","100","483313","172.26.191.172","5000","28.999599000","48","1","48192","29.056167000"
"12243","14:42:56.080252","100","483361","172.26.191.172","5000","28.999612000","48","1","48192","29.056180000"
"12244","14:42:56.080253","100","483409","172.26.191.172","5000","28.999613000","48","1","48192","29.056181000"
"12245","14:42:56.080260","100","483457","172.26.191.172","5000","28.999620000","48","1","48192","29.056188000"
"12246","14:42:56.080261","100","483505","172.26.191.172","5000","28.999621000","48","1","48192","29.056189000"
"12247","14:42:56.110544","52","1","100.64.0.5","48192","29.029904000","0","482209","5000","29.086472000"
"12248","14:42:56.110585","100","483553","172.26.191.172","5000","29.029945000","48","1","48192","29.086513000"
"12249","14:42:56.110594","100","483601","172.26.191.172","5000","29.029954000","48","1","48192","29.086522000"
"12250","14:42:56.110605","100","483649","172.26.191.172","5000","29.029965000","48","1","48192","29.086533000"
"12251","14:42:56.110606","100","483697","172.26.191.172","5000","29.029966000","48","1","48192","29.086534000"
"12252","14:42:56.110613","100","483745","172.26.191.172","5000","29.029973000","48","1","48192","29.086541000"
"12253","14:42:56.110614","100","483793","172.26.191.172","5000","29.029974000","48","1","48192","29.086542000"
"12254","14:42:56.110626","52","1","100.64.0.5","48192","29.029986000","0","482497","5000","29.086554000"
"12255","14:42:56.110636","100","483841","172.26.191.172","5000","29.029996000","48","1","48192","29.086564000"
"12256","14:42:56.110637","100","483889","172.26.191.172","5000","29.029997000","48","1","48192","29.086565000"
"12257","14:42:56.110644","100","483937","172.26.191.172","5000","29.030004000","48","1","48192","29.086572000"
"12258","14:42:56.110646","100","483985","172.26.191.172","5000","29.030006000","48","1","48192","29.086574000"
"12259","14:42:56.110652","100","484033","172.26.191.172","5000","29.030012000","48","1","48192","29.086580000"
"12260","14:42:56.110654","100","484081","172.26.191.172","5000","29.030014000","48","1","48192","29.086582000"
"12261","14:42:56.110660","52","1","100.64.0.5","48192","29.030020000","0","482593","5000","29.086588000"
"12262","14:42:56.110669","100","484129","172.26.191.172","5000","29.030029000","48","1","48192","29.086597000"
"12263","14:42:56.110670","100","484177","172.26.191.172","5000","29.030030000","48","1","48192","29.086598000"
"12264","14:42:56.140289","52","1","100.64.0.5","48192","29.059649000","0","482881","5000","29.116217000"
"12265","14:42:56.140329","100","484225","172.26.191.172","5000","29.059689000","48","1","48192","29.116257000"
"12266","14:42:56.140352","100","484273","172.26.191.172","5000","29.059712000","48","1","48192","29.116280000"
"12267","14:42:56.140363","100","484321","172.26.191.172","5000","29.059723000","48","1","48192","29.116291000"
"12268","14:42:56.140365","100","484369","172.26.191.172","5000","29.059725000","48","1","48192","29.116293000"
"12269","14:42:56.140371","100","484417","172.26.191.172","5000","29.059731000","48","1","48192","29.116299000"
"12270","14:42:56.140372","100","484465","172.26.191.172","5000","29.059732000","48","1","48192","29.116300000"
"12271","14:42:56.140378","100","484513","172.26.191.172","5000","29.059738000","48","1","48192","29.116306000"
"12272","14:42:56.140379","100","484561","172.26.191.172","5000","29.059739000","48","1","48192","29.116307000"
"12273","14:42:56.140402","52","1","100.64.0.5","48192","29.059762000","0","483169","5000","29.116330000"
"12274","14:42:56.140413","100","484609","172.26.191.172","5000","29.059773000","48","1","48192","29.116341000"
"12275","14:42:56.140415","100","484657","172.26.191.172","5000","29.059775000","48","1","48192","29.116343000"
"12276","14:42:56.140421","100","484705","172.26.191.172","5000","29.059781000","48","1","48192","29.116349000"
"12277","14:42:56.140422","100","484753","172.26.191.172","5000","29.059782000","48","1","48192","29.116350000"
"12278","14:42:56.140429","100","484801","172.26.191.172","5000","29.059789000","48","1","48192","29.116357000"
"12279","14:42:56.140430","100","484849","172.26.191.172","5000","29.059790000","48","1","48192","29.116358000"
"12280","14:42:56.140437","52","1","100.64.0.5","48192","29.059797000","0","483265","5000","29.116365000"
"12281","14:42:56.140446","100","484897","172.26.191.172","5000","29.059806000","48","1","48192","29.116374000"
"12282","14:42:56.140447","100","484945","172.26.191.172","5000","29.059807000","48","1","48192","29.116375000"
"12283","14:42:56.171022","52","1","100.64.0.5","48192","29.090382000","0","483553","5000","29.146950000"
"12284","14:42:56.171064","100","484993","172.26.191.172","5000","29.090424000","48","1","48192","29.146992000"
"12285","14:42:56.171073","100","485041","172.26.191.172","5000","29.090433000","48","1","48192","29.147001000"
"12286","14:42:56.171083","100","485089","172.26.191.172","5000","29.090443000","48","1","48192","29.147011000"
"12287","14:42:56.171085","100","485137","172.26.191.172","5000","29.090445000","48","1","48192","29.147013000"
"12288","14:42:56.171091","100","485185","172.26.191.172","5000","29.090451000","48","1","48192","29.147019000"
"12289","14:42:56.171092","100","485233","172.26.191.172","5000","29.090452000","48","1","48192","29.147020000"
"12290","14:42:56.200756","52","1","100.64.0.5","48192","29.120116000","0","483841","5000","29.176684000"
"12291","14:42:56.200794","100","485281","172.26.191.172","5000","29.120154000","48","1","48192","29.176722000"
"12292","14:42:56.200803","100","485329","172.26.191.172","5000","29.120163000","48","1","48192","29.176731000"
"12293","14:42:56.200814","100","485377","172.26.191.172","5000","29.120174000","48","1","48192","29.176742000"
"12294","14:42:56.200816","100","485425","172.26.191.172","5000","29.120176000","48","1","48192","29.176744000"
"12295","14:42:56.200822","100","485473","172.26.191.172","5000","29.120182000","48","1","48192","29.176750000"
"12296","14:42:56.200823","100","485521","172.26.191.172","5000","29.120183000","48","1","48192","29.176751000"
"12297","14:42:56.200835","52","1","100.64.0.5","48192","29.120195000","0","484129","5000","29.176763000"
"12298","14:42:56.200847","100","485569","172.26.191.172","5000","29.120207000","48","1","48192","29.176775000"
"12299","14:42:56.200848","100","485617","172.26.191.172","5000","29.120208000","48","1","48192","29.176776000"
"12300","14:42:56.200855","100","485665","172.26.191.172","5000","29.120215000","48","1","48192","29.176783000"
"12301","14:42:56.200856","100","485713","172.26.191.172","5000","29.120216000","48","1","48192","29.176784000"
"12302","14:42:56.200863","100","485761","172.26.191.172","5000","29.120223000","48","1","48192","29.176791000"
"12303","14:42:56.200864","100","485809","172.26.191.172","5000","29.120224000","48","1","48192","29.176792000"
"12304","14:42:56.200870","52","1","100.64.0.5","48192","29.120230000","0","484225","5000","29.176798000"
"12305","14:42:56.200878","100","485857","172.26.191.172","5000","29.120238000","48","1","48192","29.176806000"
"12306","14:42:56.200879","100","485905","172.26.191.172","5000","29.120239000","48","1","48192","29.176807000"
"12307","14:42:56.231205","52","1","100.64.0.5","48192","29.150565000","0","484513","5000","29.207133000"
"12308","14:42:56.231245","100","485953","172.26.191.172","5000","29.150605000","48","1","48192","29.207173000"
"12309","14:42:56.231254","100","486001","172.26.191.172","5000","29.150614000","48","1","48192","29.207182000"
"12310","14:42:56.231266","100","486049","172.26.191.172","5000","29.150626000","48","1","48192","29.207194000"
"12311","14:42:56.231267","100","486097","172.26.191.172","5000","29.150627000","48","1","48192","29.207195000"
"12312","14:42:56.231273","100","486145","172.26.191.172","5000","29.150633000","48","1","48192","29.207201000"
"12313","14:42:56.231275","100","486193","172.26.191.172","5000","29.150635000","48","1","48192","29.207203000"
"12314","14:42:56.231286","52","1","100.64.0.5","48192","29.150646000","0","484801","5000","29.207214000"
"12315","14:42:56.231297","100","486241","172.26.191.172","5000","29.150657000","48","1","48192","29.207225000"
"12316","14:42:56.231299","100","486289","172.26.191.172","5000","29.150659000","48","1","48192","29.207227000"
"12317","14:42:56.231306","100","486337","172.26.191.172","5000","29.150666000","48","1","48192","29.207234000"
"12318","14:42:56.231307","100","486385","172.26.191.172","5000","29.150667000","48","1","48192","29.207235000"
"12319","14:42:56.231313","100","486433","172.26.191.172","5000","29.150673000","48","1","48192","29.207241000"
"12320","14:42:56.231314","100","486481","172.26.191.172","5000","29.150674000","48","1","48192","29.207242000"
"12321","14:42:56.231321","52","1","100.64.0.5","48192","29.150681000","0","484897","5000","29.207249000"
"12322","14:42:56.231331","100","486529","172.26.191.172","5000","29.150691000","48","1","48192","29.207259000"
"12323","14:42:56.231332","100","486577","172.26.191.172","5000","29.150692000","48","1","48192","29.207260000"
"12324","14:42:56.260907","52","1","100.64.0.5","48192","29.180267000","0","485185","5000","29.236835000"
"12325","14:42:56.260947","100","486625","172.26.191.172","5000","29.180307000","48","1","48192","29.236875000"
"12326","14:42:56.260956","100","486673","172.26.191.172","5000","29.180316000","48","1","48192","29.236884000"
"12327","14:42:56.260969","100","486721","172.26.191.172","5000","29.180329000","48","1","48192","29.236897000"
"12328","14:42:56.260970","100","486769","172.26.191.172","5000","29.180330000","48","1","48192","29.236898000"
"12329","14:42:56.260976","100","486817","172.26.191.172","5000","29.180336000","48","1","48192","29.236904000"
"12330","14:42:56.260978","100","486865","172.26.191.172","5000","29.180338000","48","1","48192","29.236906000"
"12331","14:42:56.260990","52","1","100.64.0.5","48192","29.180350000","0","485281","5000","29.236918000"
"12332","14:42:56.261000","100","486913","172.26.191.172","5000","29.180360000","48","1","48192","29.236928000"
"12333","14:42:56.261002","100","486961","172.26.191.172","5000","29.180362000","48","1","48192","29.236930000"
"12334","14:42:56.291919","52","1","100.64.0.5","48192","29.211279000","0","485569","5000","29.267847000"
"12335","14:42:56.291959","100","487009","172.26.191.172","5000","29.211319000","48","1","48192","29.267887000"
"12336","14:42:56.291968","100","487057","172.26.191.172","5000","29.211328000","48","1","48192","29.267896000"
"12337","14:42:56.291979","100","487105","172.26.191.172","5000","29.211339000","48","1","48192","29.267907000"
"12338","14:42:56.291981","100","487153","172.26.191.172","5000","29.211341000","48","1","48192","29.267909000"
"12339","14:42:56.291987","100","487201","172.26.191.172","5000","29.211347000","48","1","48192","29.267915000"
"12340","14:42:56.291988","100","487249","172.26.191.172","5000","29.211348000","48","1","48192","29.267916000"
"12341","14:42:56.292000","52","1","100.64.0.5","48192","29.211360000","0","485857","5000","29.267928000"
"12342","14:42:56.292012","100","487297","172.26.191.172","5000","29.211372000","48","1","48192","29.267940000"
"12343","14:42:56.292013","100","487345","172.26.191.172","5000","29.211373000","48","1","48192","29.267941000"
"12344","14:42:56.292020","100","487393","172.26.191.172","5000","29.211380000","48","1","48192","29.267948000"
"12345","14:42:56.292022","100","487441","172.26.191.172","5000","29.211382000","48","1","48192","29.267950000"
"12346","14:42:56.292029","100","487489","172.26.191.172","5000","29.211389000","48","1","48192","29.267957000"
"12347","14:42:56.292030","100","487537","172.26.191.172","5000","29.211390000","48","1","48192","29.267958000"
"12348","14:42:56.292037","52","1","100.64.0.5","48192","29.211397000","0","485953","5000","29.267965000"
"12349","14:42:56.292045","100","487585","172.26.191.172","5000","29.211405000","48","1","48192","29.267973000"
"12350","14:42:56.292046","100","487633","172.26.191.172","5000","29.211406000","48","1","48192","29.267974000"
"12351","14:42:56.321786","52","1","100.64.0.5","48192","29.241146000","0","486241","5000","29.297714000"
"12352","14:42:56.321826","100","487681","172.26.191.172","5000","29.241186000","48","1","48192","29.297754000"
"12353","14:42:56.321835","100","487729","172.26.191.172","5000","29.241195000","48","1","48192","29.297763000"
"12354","14:42:56.321845","100","487777","172.26.191.172","5000","29.241205000","48","1","48192","29.297773000"
"12355","14:42:56.321847","100","487825","172.26.191.172","5000","29.241207000","48","1","48192","29.297775000"
"12356","14:42:56.321854","100","487873","172.26.191.172","5000","29.241214000","48","1","48192","29.297782000"
"12357","14:42:56.321856","100","487921","172.26.191.172","5000","29.241216000","48","1","48192","29.297784000"
"12358","14:42:56.321867","52","1","100.64.0.5","48192","29.241227000","0","486529","5000","29.297795000"
"12359","14:42:56.321878","100","487969","172.26.191.172","5000","29.241238000","48","1","48192","29.297806000"
"12360","14:42:56.321879","100","488017","172.26.191.172","5000","29.241239000","48","1","48192","29.297807000"
"12361","14:42:56.321887","100","488065","172.26.191.172","5000","29.241247000","48","1","48192","29.297815000"
"12362","14:42:56.321888","100","488113","172.26.191.172","5000","29.241248000","48","1","48192","29.297816000"
"12363","14:42:56.321894","100","488161","172.26.191.172","5000","29.241254000","48","1","48192","29.297822000"
"12364","14:42:56.321895","100","488209","172.26.191.172","5000","29.241255000","48","1","48192","29.297823000"
"12365","14:42:56.321900","100","488257","172.26.191.172","5000","29.241260000","48","1","48192","29.297828000"
"12366","14:42:56.321901","100","488305","172.26.191.172","5000","29.241261000","48","1","48192","29.297829000"
"12367","14:42:56.321908","52","1","100.64.0.5","48192","29.241268000","0","486625","5000","29.297836000"
"12368","14:42:56.321916","100","488353","172.26.191.172","5000","29.241276000","48","1","48192","29.297844000"
"12369","14:42:56.321917","100","488401","172.26.191.172","5000","29.241277000","48","1","48192","29.297845000"
"12370","14:42:56.351935","52","1","100.64.0.5","48192","29.271295000","0","486913","5000","29.327863000"
"12371","14:42:56.351975","100","488449","172.26.191.172","5000","29.271335000","48","1","48192","29.327903000"
"12372","14:42:56.351984","100","488497","172.26.191.172","5000","29.271344000","48","1","48192","29.327912000"
"12373","14:42:56.351995","100","488545","172.26.191.172","5000","29.271355000","48","1","48192","29.327923000"
"12374","14:42:56.351996","100","488593","172.26.191.172","5000","29.271356000","48","1","48192","29.327924000"
"12375","14:42:56.352003","100","488641","172.26.191.172","5000","29.271363000","48","1","48192","29.327931000"
"12376","14:42:56.352004","100","488689","172.26.191.172","5000","29.271364000","48","1","48192","29.327932000"
"12377","14:42:56.352015","52","1","100.64.0.5","48192","29.271375000","0","487009","5000","29.327943000"
"12378","14:42:56.352025","100","488737","172.26.191.172","5000","29.271385000","48","1","48192","29.327953000"
"12379","14:42:56.352026","100","488785","172.26.191.172","5000","29.271386000","48","1","48192","29.327954000"
"12380","14:42:56.382924","52","1","100.64.0.5","48192","29.302284000","0","487297","5000","29.358852000"
"12381","14:42:56.382963","100","488833","172.26.191.172","5000","29.302323000","48","1","48192","29.358891000"
"12382","14:42:56.382972","100","488881","172.26.191.172","5000","29.302332000","48","1","48192","29.358900000"
"12383","14:42:56.382983","100","488929","172.26.191.172","5000","29.302343000","48","1","48192","29.358911000"
"12384","14:42:56.382984","100","488977","172.26.191.172","5000","29.302344000","48","1","48192","29.358912000"
"12385","14:42:56.382990","100","489025","172.26.191.172","5000","29.302350000","48","1","48192","29.358918000"
"12386","14:42:56.382992","100","489073","172.26.191.172","5000","29.302352000","48","1","48192","29.358920000"
"12387","14:42:56.383003","52","1","100.64.0.5","48192","29.302363000","0","487393","5000","29.358931000"
"12388","14:42:56.383014","100","489121","172.26.191.172","5000","29.302374000","48","1","48192","29.358942000"
"12389","14:42:56.383015","100","489169","172.26.191.172","5000","29.302375000","48","1","48192","29.358943000"
"12390","14:42:56.383023","52","1","100.64.0.5","48192","29.302383000","0","487681","5000","29.358951000"
"12391","14:42:56.383034","100","489217","172.26.191.172","5000","29.302394000","48","1","48192","29.358962000"
"12392","14:42:56.383035","100","489265","172.26.191.172","5000","29.302395000","48","1","48192","29.358963000"
"12393","14:42:56.383041","100","489313","172.26.191.172","5000","29.302401000","48","1","48192","29.358969000"
"12394","14:42:56.383042","100","489361","172.26.191.172","5000","29.302402000","48","1","48192","29.358970000"
"12395","14:42:56.383048","100","489409","172.26.191.172","5000","29.302408000","48","1","48192","29.358976000"
"12396","14:42:56.383049","100","489457","172.26.191.172","5000","29.302409000","48","1","48192","29.358977000"
"12397","14:42:56.413513","52","1","100.64.0.5","48192","29.332873000","0","487969","5000","29.389441000"
"12398","14:42:56.413555","100","489505","172.26.191.172","5000","29.332915000","48","1","48192","29.389483000"
"12399","14:42:56.413565","100","489553","172.26.191.172","5000","29.332925000","48","1","48192","29.389493000"
"12400","14:42:56.413577","100","489601","172.26.191.172","5000","29.332937000","48","1","48192","29.389505000"
"12401","14:42:56.413579","100","489649","172.26.191.172","5000","29.332939000","48","1","48192","29.389507000"
"12402","14:42:56.413586","100","489697","172.26.191.172","5000","29.332946000","48","1","48192","29.389514000"
"12403","14:42:56.413587","100","489745","172.26.191.172","5000","29.332947000","48","1","48192","29.389515000"
"12404","14:42:56.413600","52","1","100.64.0.5","48192","29.332960000","0","488257","5000","29.389528000"
"12405","14:42:56.413613","100","489793","172.26.191.172","5000","29.332973000","48","1","48192","29.389541000"
"12406","14:42:56.413615","100","489841","172.26.191.172","5000","29.332975000","48","1","48192","29.389543000"
"12407","14:42:56.413622","100","489889","172.26.191.172","5000","29.332982000","48","1","48192","29.389550000"
"12408","14:42:56.413624","100","489937","172.26.191.172","5000","29.332984000","48","1","48192","29.389552000"
"12409","14:42:56.413632","100","489985","172.26.191.172","5000","29.332992000","48","1","48192","29.389560000"
"12410","14:42:56.413633","100","490033","172.26.191.172","5000","29.332993000","48","1","48192","29.389561000"
"12411","14:42:56.413640","52","1","100.64.0.5","48192","29.333000000","0","488353","5000","29.389568000"
"12412","14:42:56.413651","100","490081","172.26.191.172","5000","29.333011000","48","1","48192","29.389579000"
"12413","14:42:56.413653","100","490129","172.26.191.172","5000","29.333013000","48","1","48192","29.389581000"
"12414","14:42:56.442325","52","1","100.64.0.5","48192","29.361685000","0","488641","5000","29.418253000"
"12415","14:42:56.442365","100","490177","172.26.191.172","5000","29.361725000","48","1","48192","29.418293000"
"12416","14:42:56.442374","100","490225","172.26.191.172","5000","29.361734000","48","1","48192","29.418302000"
"12417","14:42:56.442385","100","490273","172.26.191.172","5000","29.361745000","48","1","48192","29.418313000"
"12418","14:42:56.442386","100","490321","172.26.191.172","5000","29.361746000","48","1","48192","29.418314000"
"12419","14:42:56.442392","100","490369","172.26.191.172","5000","29.361752000","48","1","48192","29.418320000"
"12420","14:42:56.442394","100","490417","172.26.191.172","5000","29.361754000","48","1","48192","29.418322000"
"12421","14:42:56.443685","52","1","100.64.0.5","48192","29.363045000","0","488833","5000","29.419613000"
"12422","14:42:56.443723","100","490465","172.26.191.172","5000","29.363083000","48","1","48192","29.419651000"
"12423","14:42:56.443731","100","490513","172.26.191.172","5000","29.363091000","48","1","48192","29.419659000"
"12424","14:42:56.443743","100","490561","172.26.191.172","5000","29.363103000","48","1","48192","29.419671000"
"12425","14:42:56.443744","100","490609","172.26.191.172","5000","29.363104000","48","1","48192","29.419672000"
"12426","14:42:56.474659","52","1","100.64.0.5","48192","29.394019000","0","488977","5000","29.450587000"
"12427","14:42:56.474698","100","490657","172.26.191.172","5000","29.394058000","48","1","48192","29.450626000"
"12428","14:42:56.474707","100","490705","172.26.191.172","5000","29.394067000","48","1","48192","29.450635000"
"12429","14:42:56.474718","100","490753","172.26.191.172","5000","29.394078000","48","1","48192","29.450646000"
"12430","14:42:56.474719","100","490801","172.26.191.172","5000","29.394079000","48","1","48192","29.450647000"
"12431","14:42:56.474731","52","1","100.64.0.5","48192","29.394091000","0","489313","5000","29.450659000"
"12432","14:42:56.474744","100","490849","172.26.191.172","5000","29.394104000","48","1","48192","29.450672000"
"12433","14:42:56.474745","100","490897","172.26.191.172","5000","29.394105000","48","1","48192","29.450673000"
"12434","14:42:56.474753","100","490945","172.26.191.172","5000","29.394113000","48","1","48192","29.450681000"
"12435","14:42:56.474754","100","490993","172.26.191.172","5000","29.394114000","48","1","48192","29.450682000"
"12436","14:42:56.474759","100","491041","172.26.191.172","5000","29.394119000","48","1","48192","29.450687000"
"12437","14:42:56.474761","100","491089","172.26.191.172","5000","29.394121000","48","1","48192","29.450689000"
"12438","14:42:56.474767","52","1","100.64.0.5","48192","29.394127000","0","489505","5000","29.450695000"
"12439","14:42:56.474778","100","491137","172.26.191.172","5000","29.394138000","48","1","48192","29.450706000"
"12440","14:42:56.474780","100","491185","172.26.191.172","5000","29.394140000","48","1","48192","29.450708000"
"12441","14:42:56.474785","100","491233","172.26.191.172","5000","29.394145000","48","1","48192","29.450713000"
"12442","14:42:56.474787","100","491281","172.26.191.172","5000","29.394147000","48","1","48192","29.450715000"
"12443","14:42:56.504449","52","1","100.64.0.5","48192","29.423809000","0","489793","5000","29.480377000"
"12444","14:42:56.504490","100","491329","172.26.191.172","5000","29.423850000","48","1","48192","29.480418000"
"12445","14:42:56.504498","100","491377","172.26.191.172","5000","29.423858000","48","1","48192","29.480426000"
"12446","14:42:56.504511","100","491425","172.26.191.172","5000","29.423871000","48","1","48192","29.480439000"
"12447","14:42:56.504512","100","491473","172.26.191.172","5000","29.423872000","48","1","48192","29.480440000"
"12448","14:42:56.504519","100","491521","172.26.191.172","5000","29.423879000","48","1","48192","29.480447000"
"12449","14:42:56.504520","100","491569","172.26.191.172","5000","29.423880000","48","1","48192","29.480448000"
"12450","14:42:56.504532","52","1","100.64.0.5","48192","29.423892000","0","490081","5000","29.480460000"
"12451","14:42:56.504543","100","491617","172.26.191.172","5000","29.423903000","48","1","48192","29.480471000"
"12452","14:42:56.504544","100","491665","172.26.191.172","5000","29.423904000","48","1","48192","29.480472000"
"12453","14:42:56.504551","100","491713","172.26.191.172","5000","29.423911000","48","1","48192","29.480479000"
"12454","14:42:56.504552","100","491761","172.26.191.172","5000","29.423912000","48","1","48192","29.480480000"
"12455","14:42:56.504559","100","491809","172.26.191.172","5000","29.423919000","48","1","48192","29.480487000"
"12456","14:42:56.504560","100","491857","172.26.191.172","5000","29.423920000","48","1","48192","29.480488000"
"12457","14:42:56.504566","100","491905","172.26.191.172","5000","29.423926000","48","1","48192","29.480494000"
"12458","14:42:56.504567","100","491953","172.26.191.172","5000","29.423927000","48","1","48192","29.480495000"
"12459","14:42:56.504573","52","1","100.64.0.5","48192","29.423933000","0","490177","5000","29.480501000"
"12460","14:42:56.504582","100","492001","172.26.191.172","5000","29.423942000","48","1","48192","29.480510000"
"12461","14:42:56.504583","100","492049","172.26.191.172","5000","29.423943000","48","1","48192","29.480511000"
"12462","14:42:56.534204","52","1","100.64.0.5","48192","29.453564000","0","490465","5000","29.510132000"
"12463","14:42:56.534249","100","492097","172.26.191.172","5000","29.453609000","48","1","48192","29.510177000"
"12464","14:42:56.534259","100","492145","172.26.191.172","5000","29.453619000","48","1","48192","29.510187000"
"12465","14:42:56.534270","100","492193","172.26.191.172","5000","29.453630000","48","1","48192","29.510198000"
"12466","14:42:56.534272","100","492241","172.26.191.172","5000","29.453632000","48","1","48192","29.510200000"
"12467","14:42:56.534279","100","492289","172.26.191.172","5000","29.453639000","48","1","48192","29.510207000"
"12468","14:42:56.534281","100","492337","172.26.191.172","5000","29.453641000","48","1","48192","29.510209000"
"12469","14:42:56.534294","52","1","100.64.0.5","48192","29.453654000","0","490657","5000","29.510222000"
"12470","14:42:56.534305","100","492385","172.26.191.172","5000","29.453665000","48","1","48192","29.510233000"
"12471","14:42:56.534307","100","492433","172.26.191.172","5000","29.453667000","48","1","48192","29.510235000"
"12472","14:42:56.534315","100","492481","172.26.191.172","5000","29.453675000","48","1","48192","29.510243000"
"12473","14:42:56.534316","100","492529","172.26.191.172","5000","29.453676000","48","1","48192","29.510244000"
"12474","14:42:56.563898","52","1","100.64.0.5","48192","29.483258000","0","490945","5000","29.539826000"
"12475","14:42:56.563941","100","492577","172.26.191.172","5000","29.483301000","48","1","48192","29.539869000"
"12476","14:42:56.563951","100","492625","172.26.191.172","5000","29.483311000","48","1","48192","29.539879000"
"12477","14:42:56.563964","100","492673","172.26.191.172","5000","29.483324000","48","1","48192","29.539892000"
"12478","14:42:56.563965","100","492721","172.26.191.172","5000","29.483325000","48","1","48192","29.539893000"
"12479","14:42:56.563972","100","492769","172.26.191.172","5000","29.483332000","48","1","48192","29.539900000"
"12480","14:42:56.563974","100","492817","172.26.191.172","5000","29.483334000","48","1","48192","29.539902000"
"12481","14:42:56.563986","52","1","100.64.0.5","48192","29.483346000","0","491233","5000","29.539914000"
"12482","14:42:56.563999","100","492865","172.26.191.172","5000","29.483359000","48","1","48192","29.539927000"
"12483","14:42:56.564001","100","492913","172.26.191.172","5000","29.483361000","48","1","48192","29.539929000"
"12484","14:42:56.564011","100","492961","172.26.191.172","5000","29.483371000","48","1","48192","29.539939000"
"12485","14:42:56.564012","100","493009","172.26.191.172","5000","29.483372000","48","1","48192","29.539940000"
"12486","14:42:56.564019","100","493057","172.26.191.172","5000","29.483379000","48","1","48192","29.539947000"
"12487","14:42:56.564020","100","493105","172.26.191.172","5000","29.483380000","48","1","48192","29.539948000"
"12488","14:42:56.564028","52","1","100.64.0.5","48192","29.483388000","0","491329","5000","29.539956000"
"12489","14:42:56.564036","100","493153","172.26.191.172","5000","29.483396000","48","1","48192","29.539964000"
"12490","14:42:56.564038","100","493201","172.26.191.172","5000","29.483398000","48","1","48192","29.539966000"
"12491","14:42:56.595696","52","1","100.64.0.5","48192","29.515056000","0","491617","5000","29.571624000"
"12492","14:42:56.595742","100","493249","172.26.191.172","5000","29.515102000","48","1","48192","29.571670000"
"12493","14:42:56.595752","100","493297","172.26.191.172","5000","29.515112000","48","1","48192","29.571680000"
"12494","14:42:56.595765","100","493345","172.26.191.172","5000","29.515125000","48","1","48192","29.571693000"
"12495","14:42:56.595766","100","493393","172.26.191.172","5000","29.515126000","48","1","48192","29.571694000"
"12496","14:42:56.595775","100","493441","172.26.191.172","5000","29.515135000","48","1","48192","29.571703000"
"12497","14:42:56.595777","100","493489","172.26.191.172","5000","29.515137000","48","1","48192","29.571705000"
"12498","14:42:56.595789","52","1","100.64.0.5","48192","29.515149000","0","491905","5000","29.571717000"
"12499","14:42:56.595802","100","493537","172.26.191.172","5000","29.515162000","48","1","48192","29.571730000"
"12500","14:42:56.595804","100","493585","172.26.191.172","5000","29.515164000","48","1","48192","29.571732000"
"12501","14:42:56.595811","100","493633","172.26.191.172","5000","29.515171000","48","1","48192","29.571739000"
"12502","14:42:56.595812","100","493681","172.26.191.172","5000","29.515172000","48","1","48192","29.571740000"
"12503","14:42:56.595818","100","493729","172.26.191.172","5000","29.515178000","48","1","48192","29.571746000"
"12504","14:42:56.595819","100","493777","172.26.191.172","5000","29.515179000","48","1","48192","29.571747000"
"12505","14:42:56.595826","52","1","100.64.0.5","48192","29.515186000","0","492001","5000","29.571754000"
"12506","14:42:56.595836","100","493825","172.26.191.172","5000","29.515196000","48","1","48192","29.571764000"
"12507","14:42:56.595837","100","493873","172.26.191.172","5000","29.515197000","48","1","48192","29.571765000"
"12508","14:42:56.625491","52","1","100.64.0.5","48192","29.544851000","0","492289","5000","29.601419000"
"12509","14:42:56.625531","100","493921","172.26.191.172","5000","29.544891000","48","1","48192","29.601459000"
"12510","14:42:56.625539","100","493969","172.26.191.172","5000","29.544899000","48","1","48192","29.601467000"
"12511","14:42:56.625551","100","494017","172.26.191.172","5000","29.544911000","48","1","48192","29.601479000"
"12512","14:42:56.625552","100","494065","172.26.191.172","5000","29.544912000","48","1","48192","29.601480000"
"12513","14:42:56.625558","100","494113","172.26.191.172","5000","29.544918000","48","1","48192","29.601486000"
"12514","14:42:56.625559","100","494161","172.26.191.172","5000","29.544919000","48","1","48192","29.601487000"
"12515","14:42:56.625571","52","1","100.64.0.5","48192","29.544931000","0","492577","5000","29.601499000"
"12516","14:42:56.625581","100","494209","172.26.191.172","5000","29.544941000","48","1","48192","29.601509000"
"12517","14:42:56.625583","100","494257","172.26.191.172","5000","29.544943000","48","1","48192","29.601511000"
"12518","14:42:56.625591","100","494305","172.26.191.172","5000","29.544951000","48","1","48192","29.601519000"
"12519","14:42:56.625593","100","494353","172.26.191.172","5000","29.544953000","48","1","48192","29.601521000"
"12520","14:42:56.625599","100","494401","172.26.191.172","5000","29.544959000","48","1","48192","29.601527000"
"12521","14:42:56.625600","100","494449","172.26.191.172","5000","29.544960000","48","1","48192","29.601528000"
"12522","14:42:56.655230","52","1","100.64.0.5","48192","29.574590000","0","492865","5000","29.631158000"
"12523","14:42:56.655270","100","494497","172.26.191.172","5000","29.574630000","48","1","48192","29.631198000"
"12524","14:42:56.655281","100","494545","172.26.191.172","5000","29.574641000","48","1","48192","29.631209000"
"12525","14:42:56.655293","100","494593","172.26.191.172","5000","29.574653000","48","1","48192","29.631221000"
"12526","14:42:56.655295","100","494641","172.26.191.172","5000","29.574655000","48","1","48192","29.631223000"
"12527","14:42:56.655301","100","494689","172.26.191.172","5000","29.574661000","48","1","48192","29.631229000"
"12528","14:42:56.655303","100","494737","172.26.191.172","5000","29.574663000","48","1","48192","29.631231000"
"12529","14:42:56.655315","52","1","100.64.0.5","48192","29.574675000","0","493153","5000","29.631243000"
"12530","14:42:56.655326","100","494785","172.26.191.172","5000","29.574686000","48","1","48192","29.631254000"
"12531","14:42:56.655328","100","494833","172.26.191.172","5000","29.574688000","48","1","48192","29.631256000"
"12532","14:42:56.655334","100","494881","172.26.191.172","5000","29.574694000","48","1","48192","29.631262000"
"12533","14:42:56.655336","100","494929","172.26.191.172","5000","29.574696000","48","1","48192","29.631264000"
"12534","14:42:56.655341","100","494977","172.26.191.172","5000","29.574701000","48","1","48192","29.631269000"
"12535","14:42:56.655342","100","495025","172.26.191.172","5000","29.574702000","48","1","48192","29.631270000"
"12536","14:42:56.655349","52","1","100.64.0.5","48192","29.574709000","0","493249","5000","29.631277000"
"12537","14:42:56.655359","100","495073","172.26.191.172","5000","29.574719000","48","1","48192","29.631287000"
"12538","14:42:56.655360","100","495121","172.26.191.172","5000","29.574720000","48","1","48192","29.631288000"
"12539","14:42:56.686412","52","1","100.64.0.5","48192","29.605772000","0","493537","5000","29.662340000"
"12540","14:42:56.686452","100","495169","172.26.191.172","5000","29.605812000","48","1","48192","29.662380000"
"12541","14:42:56.686460","100","495217","172.26.191.172","5000","29.605820000","48","1","48192","29.662388000"
"12542","14:42:56.686471","100","495265","172.26.191.172","5000","29.605831000","48","1","48192","29.662399000"
"12543","14:42:56.686472","100","495313","172.26.191.172","5000","29.605832000","48","1","48192","29.662400000"
"12544","14:42:56.686478","100","495361","172.26.191.172","5000","29.605838000","48","1","48192","29.662406000"
"12545","14:42:56.686480","100","495409","172.26.191.172","5000","29.605840000","48","1","48192","29.662408000"
"12546","14:42:56.686492","52","1","100.64.0.5","48192","29.605852000","0","493729","5000","29.662420000"
"12547","14:42:56.686504","100","495457","172.26.191.172","5000","29.605864000","48","1","48192","29.662432000"
"12548","14:42:56.686505","100","495505","172.26.191.172","5000","29.605865000","48","1","48192","29.662433000"
"12549","14:42:56.686512","100","495553","172.26.191.172","5000","29.605872000","48","1","48192","29.662440000"
"12550","14:42:56.686513","100","495601","172.26.191.172","5000","29.605873000","48","1","48192","29.662441000"
"12551","14:42:56.686520","52","1","100.64.0.5","48192","29.605880000","0","493921","5000","29.662448000"
"12552","14:42:56.686529","100","495649","172.26.191.172","5000","29.605889000","48","1","48192","29.662457000"
"12553","14:42:56.686531","100","495697","172.26.191.172","5000","29.605891000","48","1","48192","29.662459000"
"12554","14:42:56.686538","100","495745","172.26.191.172","5000","29.605898000","48","1","48192","29.662466000"
"12555","14:42:56.686539","100","495793","172.26.191.172","5000","29.605899000","48","1","48192","29.662467000"
"12556","14:42:56.686545","100","495841","172.26.191.172","5000","29.605905000","48","1","48192","29.662473000"
"12557","14:42:56.686546","100","495889","172.26.191.172","5000","29.605906000","48","1","48192","29.662474000"
"12558","14:42:56.716268","52","1","100.64.0.5","48192","29.635628000","0","494209","5000","29.692196000"
"12559","14:42:56.716308","100","495937","172.26.191.172","5000","29.635668000","48","1","48192","29.692236000"
"12560","14:42:56.716319","100","495985","172.26.191.172","5000","29.635679000","48","1","48192","29.692247000"
"12561","14:42:56.716330","100","496033","172.26.191.172","5000","29.635690000","48","1","48192","29.692258000"
"12562","14:42:56.716332","100","496081","172.26.191.172","5000","29.635692000","48","1","48192","29.692260000"
"12563","14:42:56.716360","100","496129","172.26.191.172","5000","29.635720000","48","1","48192","29.692288000"
"12564","14:42:56.716362","100","496177","172.26.191.172","5000","29.635722000","48","1","48192","29.692290000"
"12565","14:42:56.716384","52","1","100.64.0.5","48192","29.635744000","0","494497","5000","29.692312000"
"12566","14:42:56.716402","100","496225","172.26.191.172","5000","29.635762000","48","1","48192","29.692330000"
"12567","14:42:56.716404","100","496273","172.26.191.172","5000","29.635764000","48","1","48192","29.692332000"
"12568","14:42:56.716411","100","496321","172.26.191.172","5000","29.635771000","48","1","48192","29.692339000"
"12569","14:42:56.716412","100","496369","172.26.191.172","5000","29.635772000","48","1","48192","29.692340000"
"12570","14:42:56.716417","100","496417","172.26.191.172","5000","29.635777000","48","1","48192","29.692345000"
"12571","14:42:56.716419","100","496465","172.26.191.172","5000","29.635779000","48","1","48192","29.692347000"
"12572","14:42:56.746147","52","1","100.64.0.5","48192","29.665507000","0","494785","5000","29.722075000"
"12573","14:42:56.746186","100","496513","172.26.191.172","5000","29.665546000","48","1","48192","29.722114000"
"12574","14:42:56.746196","100","496561","172.26.191.172","5000","29.665556000","48","1","48192","29.722124000"
"12575","14:42:56.746207","100","496609","172.26.191.172","5000","29.665567000","48","1","48192","29.722135000"
"12576","14:42:56.746208","100","496657","172.26.191.172","5000","29.665568000","48","1","48192","29.722136000"
"12577","14:42:56.746215","100","496705","172.26.191.172","5000","29.665575000","48","1","48192","29.722143000"
"12578","14:42:56.746216","100","496753","172.26.191.172","5000","29.665576000","48","1","48192","29.722144000"
"12579","14:42:56.746227","52","1","100.64.0.5","48192","29.665587000","0","495073","5000","29.722155000"
"12580","14:42:56.746238","100","496801","172.26.191.172","5000","29.665598000","48","1","48192","29.722166000"
"12581","14:42:56.746240","100","496849","172.26.191.172","5000","29.665600000","48","1","48192","29.722168000"
"12582","14:42:56.746248","100","496897","172.26.191.172","5000","29.665608000","48","1","48192","29.722176000"
"12583","14:42:56.746249","100","496945","172.26.191.172","5000","29.665609000","48","1","48192","29.722177000"
"12584","14:42:56.746254","100","496993","172.26.191.172","5000","29.665614000","48","1","48192","29.722182000"
"12585","14:42:56.746256","100","497041","172.26.191.172","5000","29.665616000","48","1","48192","29.722184000"
"12586","14:42:56.746262","52","1","100.64.0.5","48192","29.665622000","0","495169","5000","29.722190000"
"12587","14:42:56.746271","100","497089","172.26.191.172","5000","29.665631000","48","1","48192","29.722199000"
"12588","14:42:56.746272","100","497137","172.26.191.172","5000","29.665632000","48","1","48192","29.722200000"
"12589","14:42:56.777133","52","1","100.64.0.5","48192","29.696493000","0","495457","5000","29.753061000"
"12590","14:42:56.777173","100","497185","172.26.191.172","5000","29.696533000","48","1","48192","29.753101000"
"12591","14:42:56.777182","100","497233","172.26.191.172","5000","29.696542000","48","1","48192","29.753110000"
"12592","14:42:56.777193","100","497281","172.26.191.172","5000","29.696553000","48","1","48192","29.753121000"
"12593","14:42:56.777194","100","497329","172.26.191.172","5000","29.696554000","48","1","48192","29.753122000"
"12594","14:42:56.777200","100","497377","172.26.191.172","5000","29.696560000","48","1","48192","29.753128000"
"12595","14:42:56.777202","100","497425","172.26.191.172","5000","29.696562000","48","1","48192","29.753130000"
"12596","14:42:56.777213","52","1","100.64.0.5","48192","29.696573000","0","495745","5000","29.753141000"
"12597","14:42:56.777225","100","497473","172.26.191.172","5000","29.696585000","48","1","48192","29.753153000"
"12598","14:42:56.777227","100","497521","172.26.191.172","5000","29.696587000","48","1","48192","29.753155000"
"12599","14:42:56.777234","100","497569","172.26.191.172","5000","29.696594000","48","1","48192","29.753162000"
"12600","14:42:56.777235","100","497617","172.26.191.172","5000","29.696595000","48","1","48192","29.753163000"
"12601","14:42:56.777242","100","497665","172.26.191.172","5000","29.696602000","48","1","48192","29.753170000"
"12602","14:42:56.777243","100","497713","172.26.191.172","5000","29.696603000","48","1","48192","29.753171000"
"12603","14:42:56.777249","52","1","100.64.0.5","48192","29.696609000","0","495841","5000","29.753177000"
"12604","14:42:56.777257","100","497761","172.26.191.172","5000","29.696617000","48","1","48192","29.753185000"
"12605","14:42:56.777258","100","497809","172.26.191.172","5000","29.696618000","48","1","48192","29.753186000"
"12606","14:42:56.807475","52","1","100.64.0.5","48192","29.726835000","0","496129","5000","29.783403000"
"12607","14:42:56.807515","100","497857","172.26.191.172","5000","29.726875000","48","1","48192","29.783443000"
"12608","14:42:56.807524","100","497905","172.26.191.172","5000","29.726884000","48","1","48192","29.783452000"
"12609","14:42:56.807534","100","497953","172.26.191.172","5000","29.726894000","48","1","48192","29.783462000"
"12610","14:42:56.807536","100","498001","172.26.191.172","5000","29.726896000","48","1","48192","29.783464000"
"12611","14:42:56.807542","100","498049","172.26.191.172","5000","29.726902000","48","1","48192","29.783470000"
"12612","14:42:56.807544","100","498097","172.26.191.172","5000","29.726904000","48","1","48192","29.783472000"
"12613","14:42:56.807555","52","1","100.64.0.5","48192","29.726915000","0","496417","5000","29.783483000"
"12614","14:42:56.807568","100","498145","172.26.191.172","5000","29.726928000","48","1","48192","29.783496000"
"12615","14:42:56.807569","100","498193","172.26.191.172","5000","29.726929000","48","1","48192","29.783497000"
"12616","14:42:56.807576","100","498241","172.26.191.172","5000","29.726936000","48","1","48192","29.783504000"
"12617","14:42:56.807578","100","498289","172.26.191.172","5000","29.726938000","48","1","48192","29.783506000"
"12618","14:42:56.807583","100","498337","172.26.191.172","5000","29.726943000","48","1","48192","29.783511000"
"12619","14:42:56.807585","100","498385","172.26.191.172","5000","29.726945000","48","1","48192","29.783513000"
"12620","14:42:56.807591","52","1","100.64.0.5","48192","29.726951000","0","496513","5000","29.783519000"
"12621","14:42:56.807599","100","498433","172.26.191.172","5000","29.726959000","48","1","48192","29.783527000"
"12622","14:42:56.807600","100","498481","172.26.191.172","5000","29.726960000","48","1","48192","29.783528000"
"12623","14:42:56.837163","52","1","100.64.0.5","48192","29.756523000","0","496801","5000","29.813091000"
"12624","14:42:56.837202","100","498529","172.26.191.172","5000","29.756562000","48","1","48192","29.813130000"
"12625","14:42:56.837211","100","498577","172.26.191.172","5000","29.756571000","48","1","48192","29.813139000"
"12626","14:42:56.837222","100","498625","172.26.191.172","5000","29.756582000","48","1","48192","29.813150000"
"12627","14:42:56.837224","100","498673","172.26.191.172","5000","29.756584000","48","1","48192","29.813152000"
"12628","14:42:56.837230","100","498721","172.26.191.172","5000","29.756590000","48","1","48192","29.813158000"
"12629","14:42:56.837231","100","498769","172.26.191.172","5000","29.756591000","48","1","48192","29.813159000"
"12630","14:42:56.837243","52","1","100.64.0.5","48192","29.756603000","0","497089","5000","29.813171000"
"12631","14:42:56.837253","100","498817","172.26.191.172","5000","29.756613000","48","1","48192","29.813181000"
"12632","14:42:56.837255","100","498865","172.26.191.172","5000","29.756615000","48","1","48192","29.813183000"
"12633","14:42:56.837261","100","498913","172.26.191.172","5000","29.756621000","48","1","48192","29.813189000"
"12634","14:42:56.837263","100","498961","172.26.191.172","5000","29.756623000","48","1","48192","29.813191000"
"12635","14:42:56.837270","100","499009","172.26.191.172","5000","29.756630000","48","1","48192","29.813198000"
"12636","14:42:56.837272","100","499057","172.26.191.172","5000","29.756632000","48","1","48192","29.813200000"
"12637","14:42:56.837278","52","1","100.64.0.5","48192","29.756638000","0","497185","5000","29.813206000"
"12638","14:42:56.837287","100","499105","172.26.191.172","5000","29.756647000","48","1","48192","29.813215000"
"12639","14:42:56.837288","100","499153","172.26.191.172","5000","29.756648000","48","1","48192","29.813216000"
"12640","14:42:56.868252","52","1","100.64.0.5","48192","29.787612000","0","497473","5000","29.844180000"
"12641","14:42:56.868292","100","499201","172.26.191.172","5000","29.787652000","48","1","48192","29.844220000"
"12642","14:42:56.868301","100","499249","172.26.191.172","5000","29.787661000","48","1","48192","29.844229000"
"12643","14:42:56.868311","100","499297","172.26.191.172","5000","29.787671000","48","1","48192","29.844239000"
"12644","14:42:56.868313","100","499345","172.26.191.172","5000","29.787673000","48","1","48192","29.844241000"
"12645","14:42:56.868320","100","499393","172.26.191.172","5000","29.787680000","48","1","48192","29.844248000"
"12646","14:42:56.868321","100","499441","172.26.191.172","5000","29.787681000","48","1","48192","29.844249000"
"12647","14:42:56.868347","52","1","100.64.0.5","48192","29.787707000","0","497761","5000","29.844275000"
"12648","14:42:56.868366","100","499489","172.26.191.172","5000","29.787726000","48","1","48192","29.844294000"
"12649","14:42:56.868368","100","499537","172.26.191.172","5000","29.787728000","48","1","48192","29.844296000"
"12650","14:42:56.868378","100","499585","172.26.191.172","5000","29.787738000","48","1","48192","29.844306000"
"12651","14:42:56.868379","100","499633","172.26.191.172","5000","29.787739000","48","1","48192","29.844307000"
"12652","14:42:56.868385","100","499681","172.26.191.172","5000","29.787745000","48","1","48192","29.844313000"
"12653","14:42:56.868386","100","499729","172.26.191.172","5000","29.787746000","48","1","48192","29.844314000"
"12654","14:42:56.868402","52","1","100.64.0.5","48192","29.787762000","0","497809","5000","29.844330000"
"12655","14:42:56.868411","100","499777","172.26.191.172","5000","29.787771000","48","1","48192","29.844339000"
"12656","14:42:56.868413","100","499825","172.26.191.172","5000","29.787773000","48","1","48192","29.844341000"
"12657","14:42:56.868420","52","1","100.64.0.5","48192","29.787780000","0","497857","5000","29.844348000"
"12658","14:42:56.897876","52","1","100.64.0.5","48192","29.817236000","0","498145","5000","29.873804000"
"12659","14:42:56.897917","100","499873","172.26.191.172","5000","29.817277000","48","1","48192","29.873845000"
"12660","14:42:56.897925","100","499921","172.26.191.172","5000","29.817285000","48","1","48192","29.873853000"
"12661","14:42:56.897936","100","499969","172.26.191.172","5000","29.817296000","48","1","48192","29.873864000"
"12662","14:42:56.897938","100","500017","172.26.191.172","5000","29.817298000","48","1","48192","29.873866000"
"12663","14:42:56.897944","100","500065","172.26.191.172","5000","29.817304000","48","1","48192","29.873872000"
"12664","14:42:56.897946","100","500113","172.26.191.172","5000","29.817306000","48","1","48192","29.873874000"
"12665","14:42:56.897952","100","500161","172.26.191.172","5000","29.817312000","48","1","48192","29.873880000"
"12666","14:42:56.897953","100","500209","172.26.191.172","5000","29.817313000","48","1","48192","29.873881000"
"12667","14:42:56.897964","52","1","100.64.0.5","48192","29.817324000","0","498433","5000","29.873892000"
"12668","14:42:56.897976","100","500257","172.26.191.172","5000","29.817336000","48","1","48192","29.873904000"
"12669","14:42:56.897978","100","500305","172.26.191.172","5000","29.817338000","48","1","48192","29.873906000"
"12670","14:42:56.897985","100","500353","172.26.191.172","5000","29.817345000","48","1","48192","29.873913000"
"12671","14:42:56.897987","100","500401","172.26.191.172","5000","29.817347000","48","1","48192","29.873915000"
"12672","14:42:56.897992","100","500449","172.26.191.172","5000","29.817352000","48","1","48192","29.873920000"
"12673","14:42:56.897993","100","500497","172.26.191.172","5000","29.817353000","48","1","48192","29.873921000"
"12674","14:42:56.898000","52","1","100.64.0.5","48192","29.817360000","0","498529","5000","29.873928000"
"12675","14:42:56.898008","100","500545","172.26.191.172","5000","29.817368000","48","1","48192","29.873936000"
"12676","14:42:56.898009","100","500593","172.26.191.172","5000","29.817369000","48","1","48192","29.873937000"
"12677","14:42:56.927992","52","1","100.64.0.5","48192","29.847352000","0","498817","5000","29.903920000"
"12678","14:42:56.928032","100","500641","172.26.191.172","5000","29.847392000","48","1","48192","29.903960000"
"12679","14:42:56.928041","100","500689","172.26.191.172","5000","29.847401000","48","1","48192","29.903969000"
"12680","14:42:56.928052","100","500737","172.26.191.172","5000","29.847412000","48","1","48192","29.903980000"
"12681","14:42:56.928053","100","500785","172.26.191.172","5000","29.847413000","48","1","48192","29.903981000"
"12682","14:42:56.928059","100","500833","172.26.191.172","5000","29.847419000","48","1","48192","29.903987000"
"12683","14:42:56.928061","100","500881","172.26.191.172","5000","29.847421000","48","1","48192","29.903989000"
"12684","14:42:56.928072","52","1","100.64.0.5","48192","29.847432000","0","499105","5000","29.904000000"
"12685","14:42:56.928083","100","500929","172.26.191.172","5000","29.847443000","48","1","48192","29.904011000"
"12686","14:42:56.928085","100","500977","172.26.191.172","5000","29.847445000","48","1","48192","29.904013000"
"12687","14:42:56.928092","100","501025","172.26.191.172","5000","29.847452000","48","1","48192","29.904020000"
"12688","14:42:56.928093","100","501073","172.26.191.172","5000","29.847453000","48","1","48192","29.904021000"
"12689","14:42:56.928100","100","501121","172.26.191.172","5000","29.847460000","48","1","48192","29.904028000"
"12690","14:42:56.928102","100","501169","172.26.191.172","5000","29.847462000","48","1","48192","29.904030000"
"12691","14:42:56.928108","52","1","100.64.0.5","48192","29.847468000","0","499201","5000","29.904036000"
"12692","14:42:56.928116","100","501217","172.26.191.172","5000","29.847476000","48","1","48192","29.904044000"
"12693","14:42:56.928117","100","501265","172.26.191.172","5000","29.847477000","48","1","48192","29.904045000"
"12694","14:42:56.958345","52","1","100.64.0.5","48192","29.877705000","0","499489","5000","29.934273000"
"12695","14:42:56.958385","100","501313","172.26.191.172","5000","29.877745000","48","1","48192","29.934313000"
"12696","14:42:56.958395","100","501361","172.26.191.172","5000","29.877755000","48","1","48192","29.934323000"
"12697","14:42:56.958405","100","501409","172.26.191.172","5000","29.877765000","48","1","48192","29.934333000"
"12698","14:42:56.958407","100","501457","172.26.191.172","5000","29.877767000","48","1","48192","29.934335000"
"12699","14:42:56.958413","100","501505","172.26.191.172","5000","29.877773000","48","1","48192","29.934341000"
"12700","14:42:56.958414","100","501553","172.26.191.172","5000","29.877774000","48","1","48192","29.934342000"
"12701","14:42:56.958426","52","1","100.64.0.5","48192","29.877786000","0","499585","5000","29.934354000"
"12702","14:42:56.958434","100","501601","172.26.191.172","5000","29.877794000","48","1","48192","29.934362000"
"12703","14:42:56.958436","100","501649","172.26.191.172","5000","29.877796000","48","1","48192","29.934364000"
"12704","14:42:56.958443","52","1","100.64.0.5","48192","29.877803000","0","499873","5000","29.934371000"
"12705","14:42:56.958455","100","501697","172.26.191.172","5000","29.877815000","48","1","48192","29.934383000"
"12706","14:42:56.958456","100","501745","172.26.191.172","5000","29.877816000","48","1","48192","29.934384000"
"12707","14:42:56.958462","100","501793","172.26.191.172","5000","29.877822000","48","1","48192","29.934390000"
"12708","14:42:56.958463","100","501841","172.26.191.172","5000","29.877823000","48","1","48192","29.934391000"
"12709","14:42:56.958469","100","501889","172.26.191.172","5000","29.877829000","48","1","48192","29.934397000"
"12710","14:42:56.958470","100","501937","172.26.191.172","5000","29.877830000","48","1","48192","29.934398000"
"12711","14:42:56.989160","52","1","100.64.0.5","48192","29.908520000","0","500161","5000","29.965088000"
"12712","14:42:56.989200","100","501985","172.26.191.172","5000","29.908560000","48","1","48192","29.965128000"
"12713","14:42:56.989209","100","502033","172.26.191.172","5000","29.908569000","48","1","48192","29.965137000"
"12714","14:42:56.989220","100","502081","172.26.191.172","5000","29.908580000","48","1","48192","29.965148000"
"12715","14:42:56.989221","100","502129","172.26.191.172","5000","29.908581000","48","1","48192","29.965149000"
"12716","14:42:56.989227","100","502177","172.26.191.172","5000","29.908587000","48","1","48192","29.965155000"
"12717","14:42:56.989228","100","502225","172.26.191.172","5000","29.908588000","48","1","48192","29.965156000"
"12718","14:42:56.989240","52","1","100.64.0.5","48192","29.908600000","0","500449","5000","29.965168000"
"12719","14:42:56.989251","100","502273","172.26.191.172","5000","29.908611000","48","1","48192","29.965179000"
"12720","14:42:56.989253","100","502321","172.26.191.172","5000","29.908613000","48","1","48192","29.965181000"
"12721","14:42:56.989260","100","502369","172.26.191.172","5000","29.908620000","48","1","48192","29.965188000"
"12722","14:42:56.989261","100","502417","172.26.191.172","5000","29.908621000","48","1","48192","29.965189000"
"12723","14:42:56.989269","100","502465","172.26.191.172","5000","29.908629000","48","1","48192","29.965197000"
"12724","14:42:56.989270","100","502513","172.26.191.172","5000","29.908630000","48","1","48192","29.965198000"
"12725","14:42:56.989276","52","1","100.64.0.5","48192","29.908636000","0","500545","5000","29.965204000"
"12726","14:42:56.989285","100","502561","172.26.191.172","5000","29.908645000","48","1","48192","29.965213000"
"12727","14:42:56.989286","100","502609","172.26.191.172","5000","29.908646000","48","1","48192","29.965214000"
"12728","14:42:57.019234","52","1","100.64.0.5","48192","29.938594000","0","500785","5000","29.995162000"
"12729","14:42:57.019273","100","502657","172.26.191.172","5000","29.938633000","48","1","48192","29.995201000"
"12730","14:42:57.019282","100","502705","172.26.191.172","5000","29.938642000","48","1","48192","29.995210000"
"12731","14:42:57.019294","100","502753","172.26.191.172","5000","29.938654000","48","1","48192","29.995222000"
"12732","14:42:57.019295","100","502801","172.26.191.172","5000","29.938655000","48","1","48192","29.995223000"
"12733","14:42:57.019303","100","502849","172.26.191.172","5000","29.938663000","48","1","48192","29.995231000"
"12734","14:42:57.019304","100","502897","172.26.191.172","5000","29.938664000","48","1","48192","29.995232000"
"12735","14:42:57.019316","52","1","100.64.0.5","48192","29.938676000","0","501121","5000","29.995244000"
"12736","14:42:57.019328","100","502945","172.26.191.172","5000","29.938688000","48","1","48192","29.995256000"
"12737","14:42:57.019330","100","502993","172.26.191.172","5000","29.938690000","48","1","48192","29.995258000"
"12738","14:42:57.019337","100","503041","172.26.191.172","5000","29.938697000","48","1","48192","29.995265000"
"12739","14:42:57.019338","100","503089","172.26.191.172","5000","29.938698000","48","1","48192","29.995266000"
"12740","14:42:57.019344","100","503137","172.26.191.172","5000","29.938704000","48","1","48192","29.995272000"
"12741","14:42:57.019345","100","503185","172.26.191.172","5000","29.938705000","48","1","48192","29.995273000"
"12742","14:42:57.019352","52","1","100.64.0.5","48192","29.938712000","0","501217","5000","29.995280000"
"12743","14:42:57.019361","100","503233","172.26.191.172","5000","29.938721000","48","1","48192","29.995289000"
"12744","14:42:57.019362","100","503281","172.26.191.172","5000","29.938722000","48","1","48192","29.995290000"
"12745","14:42:57.049448","52","1","100.64.0.5","48192","29.968808000","0","501505","5000","30.025376000"
"12746","14:42:57.049487","100","503329","172.26.191.172","5000","29.968847000","48","1","48192","30.025415000"
"12747","14:42:57.049496","100","503377","172.26.191.172","5000","29.968856000","48","1","48192","30.025424000"
"12748","14:42:57.049506","100","503425","172.26.191.172","5000","29.968866000","48","1","48192","30.025434000"
"12749","14:42:57.049508","100","503473","172.26.191.172","5000","29.968868000","48","1","48192","30.025436000"
"12750","14:42:57.049514","100","503521","172.26.191.172","5000","29.968874000","48","1","48192","30.025442000"
"12751","14:42:57.049516","100","503569","172.26.191.172","5000","29.968876000","48","1","48192","30.025444000"
"12752","14:42:57.049527","52","1","100.64.0.5","48192","29.968887000","0","501793","5000","30.025455000"
"12753","14:42:57.049539","100","503617","172.26.191.172","5000","29.968899000","48","1","48192","30.025467000"
"12754","14:42:57.049540","100","503665","172.26.191.172","5000","29.968900000","48","1","48192","30.025468000"
"12755","14:42:57.049548","100","503713","172.26.191.172","5000","29.968908000","48","1","48192","30.025476000"
"12756","14:42:57.049550","100","503761","172.26.191.172","5000","29.968910000","48","1","48192","30.025478000"
"12757","14:42:57.049555","100","503809","172.26.191.172","5000","29.968915000","48","1","48192","30.025483000"
"12758","14:42:57.049557","100","503857","172.26.191.172","5000","29.968917000","48","1","48192","30.025485000"
"12759","14:42:57.049563","52","1","100.64.0.5","48192","29.968923000","0","501937","5000","30.025491000"
"12760","14:42:57.049573","100","503905","172.26.191.172","5000","29.968933000","48","1","48192","30.025501000"
"12761","14:42:57.049574","100","503953","172.26.191.172","5000","29.968934000","48","1","48192","30.025502000"
"12762","14:42:57.049580","100","504001","172.26.191.172","5000","29.968940000","48","1","48192","30.025508000"
"12763","14:42:57.049581","100","504049","172.26.191.172","5000","29.968941000","48","1","48192","30.025509000"
"12764","14:42:57.080428","52","1","100.64.0.5","48192","29.999788000","0","502273","5000","30.056356000"
"12765","14:42:57.080468","100","504097","172.26.191.172","5000","29.999828000","48","1","48192","30.056396000"
"12766","14:42:57.080478","100","504145","172.26.191.172","5000","29.999838000","48","1","48192","30.056406000"
"12767","14:42:57.080489","100","504193","172.26.191.172","5000","29.999849000","48","1","48192","30.056417000"
"12768","14:42:57.080490","100","504241","172.26.191.172","5000","29.999850000","48","1","48192","30.056418000"
"12769","14:42:57.080496","100","504289","172.26.191.172","5000","29.999856000","48","1","48192","30.056424000"
"12770","14:42:57.080498","100","504337","172.26.191.172","5000","29.999858000","48","1","48192","30.056426000"
"12771","14:42:57.080503","100","504385","172.26.191.172","5000","29.999863000","48","1","48192","30.056431000"
"12772","14:42:57.080505","100","504433","172.26.191.172","5000","29.999865000","48","1","48192","30.056433000"
"12773","14:42:57.080516","52","1","100.64.0.5","48192","29.999876000","0","502561","5000","30.056444000"
"12774","14:42:57.080527","100","504481","172.26.191.172","5000","29.999887000","48","1","48192","30.056455000"
"12775","14:42:57.080528","100","504529","172.26.191.172","5000","29.999888000","48","1","48192","30.056456000"
"12776","14:42:57.080536","100","504577","172.26.191.172","5000","29.999896000","48","1","48192","30.056464000"
"12777","14:42:57.080537","100","504625","172.26.191.172","5000","29.999897000","48","1","48192","30.056465000"
"12778","14:42:57.080544","100","504673","172.26.191.172","5000","29.999904000","48","1","48192","30.056472000"
"12779","14:42:57.080545","100","504721","172.26.191.172","5000","29.999905000","48","1","48192","30.056473000"
"12780","14:42:57.080551","52","1","100.64.0.5","48192","29.999911000","0","502609","5000","30.056479000"
"12781","14:42:57.110108","52","1","100.64.0.5","48192","30.029468000","0","502897","5000","30.086036000"
"12782","14:42:57.110149","100","504769","172.26.191.172","5000","30.029509000","48","1","48192","30.086077000"
"12783","14:42:57.110157","100","504817","172.26.191.172","5000","30.029517000","48","1","48192","30.086085000"
"12784","14:42:57.110168","100","504865","172.26.191.172","5000","30.029528000","48","1","48192","30.086096000"
"12785","14:42:57.110170","100","504913","172.26.191.172","5000","30.029530000","48","1","48192","30.086098000"
"12786","14:42:57.110176","100","504961","172.26.191.172","5000","30.029536000","48","1","48192","30.086104000"
"12787","14:42:57.110177","100","505009","172.26.191.172","5000","30.029537000","48","1","48192","30.086105000"
"12788","14:42:57.110189","52","1","100.64.0.5","48192","30.029549000","0","503041","5000","30.086117000"
"12789","14:42:57.110198","100","505057","172.26.191.172","5000","30.029558000","48","1","48192","30.086126000"
"12790","14:42:57.110200","100","505105","172.26.191.172","5000","30.029560000","48","1","48192","30.086128000"
"12791","14:42:57.110207","100","505153","172.26.191.172","5000","30.029567000","48","1","48192","30.086135000"
"12792","14:42:57.110208","100","505201","172.26.191.172","5000","30.029568000","48","1","48192","30.086136000"
"12793","14:42:57.110215","52","1","100.64.0.5","48192","30.029575000","0","503329","5000","30.086143000"
"12794","14:42:57.110228","100","505249","172.26.191.172","5000","30.029588000","48","1","48192","30.086156000"
"12795","14:42:57.110229","100","505297","172.26.191.172","5000","30.029589000","48","1","48192","30.086157000"
"12796","14:42:57.110237","100","505345","172.26.191.172","5000","30.029597000","48","1","48192","30.086165000"
"12797","14:42:57.110239","100","505393","172.26.191.172","5000","30.029599000","48","1","48192","30.086167000"
"12798","14:42:57.110244","100","505441","172.26.191.172","5000","30.029604000","48","1","48192","30.086172000"
"12799","14:42:57.110245","100","505489","172.26.191.172","5000","30.029605000","48","1","48192","30.086173000"
"12800","14:42:57.139735","52","1","100.64.0.5","48192","30.059095000","0","503617","5000","30.115663000"
"12801","14:42:57.139775","100","505537","172.26.191.172","5000","30.059135000","48","1","48192","30.115703000"
"12802","14:42:57.139784","100","505585","172.26.191.172","5000","30.059144000","48","1","48192","30.115712000"
"12803","14:42:57.139794","100","505633","172.26.191.172","5000","30.059154000","48","1","48192","30.115722000"
"12804","14:42:57.139796","100","505681","172.26.191.172","5000","30.059156000","48","1","48192","30.115724000"
"12805","14:42:57.139802","100","505729","172.26.191.172","5000","30.059162000","48","1","48192","30.115730000"
"12806","14:42:57.139803","100","505777","172.26.191.172","5000","30.059163000","48","1","48192","30.115731000"
"12807","14:42:57.139815","52","1","100.64.0.5","48192","30.059175000","0","503905","5000","30.115743000"
"12808","14:42:57.139828","100","505825","172.26.191.172","5000","30.059188000","48","1","48192","30.115756000"
"12809","14:42:57.139829","100","505873","172.26.191.172","5000","30.059189000","48","1","48192","30.115757000"
"12810","14:42:57.139837","100","505921","172.26.191.172","5000","30.059197000","48","1","48192","30.115765000"
"12811","14:42:57.139838","100","505969","172.26.191.172","5000","30.059198000","48","1","48192","30.115766000"
"12812","14:42:57.139844","100","506017","172.26.191.172","5000","30.059204000","48","1","48192","30.115772000"
"12813","14:42:57.139845","100","506065","172.26.191.172","5000","30.059205000","48","1","48192","30.115773000"
"12814","14:42:57.139852","52","1","100.64.0.5","48192","30.059212000","0","504001","5000","30.115780000"
"12815","14:42:57.139861","100","506113","172.26.191.172","5000","30.059221000","48","1","48192","30.115789000"
"12816","14:42:57.139863","100","506161","172.26.191.172","5000","30.059223000","48","1","48192","30.115791000"
"12817","14:42:57.171465","52","1","100.64.0.5","48192","30.090825000","0","504289","5000","30.147393000"
"12818","14:42:57.171506","100","506209","172.26.191.172","5000","30.090866000","48","1","48192","30.147434000"
"12819","14:42:57.171515","100","506257","172.26.191.172","5000","30.090875000","48","1","48192","30.147443000"
"12820","14:42:57.171527","100","506305","172.26.191.172","5000","30.090887000","48","1","48192","30.147455000"
"12821","14:42:57.171529","100","506353","172.26.191.172","5000","30.090889000","48","1","48192","30.147457000"
"12822","14:42:57.171534","100","506401","172.26.191.172","5000","30.090894000","48","1","48192","30.147462000"
"12823","14:42:57.171536","100","506449","172.26.191.172","5000","30.090896000","48","1","48192","30.147464000"
"12824","14:42:57.171547","52","1","100.64.0.5","48192","30.090907000","0","504577","5000","30.147475000"
"12825","14:42:57.171558","100","506497","172.26.191.172","5000","30.090918000","48","1","48192","30.147486000"
"12826","14:42:57.171560","100","506545","172.26.191.172","5000","30.090920000","48","1","48192","30.147488000"
"12827","14:42:57.171569","100","506593","172.26.191.172","5000","30.090929000","48","1","48192","30.147497000"
"12828","14:42:57.171570","100","506641","172.26.191.172","5000","30.090930000","48","1","48192","30.147498000"
"12829","14:42:57.171576","100","506689","172.26.191.172","5000","30.090936000","48","1","48192","30.147504000"
"12830","14:42:57.171577","100","506737","172.26.191.172","5000","30.090937000","48","1","48192","30.147505000"
"12831","14:42:57.171583","52","1","100.64.0.5","48192","30.090943000","0","504673","5000","30.147511000"
"12832","14:42:57.171591","100","506785","172.26.191.172","5000","30.090951000","48","1","48192","30.147519000"
"12833","14:42:57.171593","100","506833","172.26.191.172","5000","30.090953000","48","1","48192","30.147521000"
"12834","14:42:57.201301","52","1","100.64.0.5","48192","30.120661000","0","504961","5000","30.177229000"
"12835","14:42:57.201342","100","506881","172.26.191.172","5000","30.120702000","48","1","48192","30.177270000"
"12836","14:42:57.201351","100","506929","172.26.191.172","5000","30.120711000","48","1","48192","30.177279000"
"12837","14:42:57.201362","100","506977","172.26.191.172","5000","30.120722000","48","1","48192","30.177290000"
"12838","14:42:57.201364","100","507025","172.26.191.172","5000","30.120724000","48","1","48192","30.177292000"
"12839","14:42:57.201370","100","507073","172.26.191.172","5000","30.120730000","48","1","48192","30.177298000"
"12840","14:42:57.201372","100","507121","172.26.191.172","5000","30.120732000","48","1","48192","30.177300000"
"12841","14:42:57.201383","52","1","100.64.0.5","48192","30.120743000","0","505249","5000","30.177311000"
"12842","14:42:57.201394","100","507169","172.26.191.172","5000","30.120754000","48","1","48192","30.177322000"
"12843","14:42:57.201396","100","507217","172.26.191.172","5000","30.120756000","48","1","48192","30.177324000"
"12844","14:42:57.201403","100","507265","172.26.191.172","5000","30.120763000","48","1","48192","30.177331000"
"12845","14:42:57.201404","100","507313","172.26.191.172","5000","30.120764000","48","1","48192","30.177332000"
"12846","14:42:57.201411","100","507361","172.26.191.172","5000","30.120771000","48","1","48192","30.177339000"
"12847","14:42:57.201412","100","507409","172.26.191.172","5000","30.120772000","48","1","48192","30.177340000"
"12848","14:42:57.201418","52","1","100.64.0.5","48192","30.120778000","0","505393","5000","30.177346000"
"12849","14:42:57.201429","100","507457","172.26.191.172","5000","30.120789000","48","1","48192","30.177357000"
"12850","14:42:57.201430","100","507505","172.26.191.172","5000","30.120790000","48","1","48192","30.177358000"
"12851","14:42:57.201435","100","507553","172.26.191.172","5000","30.120795000","48","1","48192","30.177363000"
"12852","14:42:57.201437","100","507601","172.26.191.172","5000","30.120797000","48","1","48192","30.177365000"
"12853","14:42:57.230981","52","1","100.64.0.5","48192","30.150341000","0","505681","5000","30.206909000"
"12854","14:42:57.231011","100","507649","172.26.191.172","5000","30.150371000","48","1","48192","30.206939000"
"12855","14:42:57.231018","100","507697","172.26.191.172","5000","30.150378000","48","1","48192","30.206946000"
"12856","14:42:57.231025","100","507745","172.26.191.172","5000","30.150385000","48","1","48192","30.206953000"
"12857","14:42:57.231026","100","507793","172.26.191.172","5000","30.150386000","48","1","48192","30.206954000"
"12858","14:42:57.231030","100","507841","172.26.191.172","5000","30.150390000","48","1","48192","30.206958000"
"12859","14:42:57.231031","100","507889","172.26.191.172","5000","30.150391000","48","1","48192","30.206959000"
"12860","14:42:57.231039","52","1","100.64.0.5","48192","30.150399000","0","505777","5000","30.206967000"
"12861","14:42:57.231046","100","507937","172.26.191.172","5000","30.150406000","48","1","48192","30.206974000"
"12862","14:42:57.231047","100","507985","172.26.191.172","5000","30.150407000","48","1","48192","30.206975000"
"12863","14:42:57.231051","52","1","100.64.0.5","48192","30.150411000","0","506065","5000","30.206979000"
"12864","14:42:57.231058","100","508033","172.26.191.172","5000","30.150418000","48","1","48192","30.206986000"
"12865","14:42:57.231059","100","508081","172.26.191.172","5000","30.150419000","48","1","48192","30.206987000"
"12866","14:42:57.231063","100","508129","172.26.191.172","5000","30.150423000","48","1","48192","30.206991000"
"12867","14:42:57.231064","100","508177","172.26.191.172","5000","30.150424000","48","1","48192","30.206992000"
"12868","14:42:57.231067","100","508225","172.26.191.172","5000","30.150427000","48","1","48192","30.206995000"
"12869","14:42:57.231068","100","508273","172.26.191.172","5000","30.150428000","48","1","48192","30.206996000"
"12870","14:42:57.261277","52","1","100.64.0.5","48192","30.180637000","0","506401","5000","30.237205000"
"12871","14:42:57.261328","100","508321","172.26.191.172","5000","30.180688000","48","1","48192","30.237256000"
"12872","14:42:57.261341","100","508369","172.26.191.172","5000","30.180701000","48","1","48192","30.237269000"
"12873","14:42:57.261357","100","508417","172.26.191.172","5000","30.180717000","48","1","48192","30.237285000"
"12874","14:42:57.261359","100","508465","172.26.191.172","5000","30.180719000","48","1","48192","30.237287000"
"12875","14:42:57.261367","100","508513","172.26.191.172","5000","30.180727000","48","1","48192","30.237295000"
"12876","14:42:57.261369","100","508561","172.26.191.172","5000","30.180729000","48","1","48192","30.237297000"
"12877","14:42:57.261386","52","1","100.64.0.5","48192","30.180746000","0","506689","5000","30.237314000"
"12878","14:42:57.261406","100","508609","172.26.191.172","5000","30.180766000","48","1","48192","30.237334000"
"12879","14:42:57.261408","100","508657","172.26.191.172","5000","30.180768000","48","1","48192","30.237336000"
"12880","14:42:57.261419","100","508705","172.26.191.172","5000","30.180779000","48","1","48192","30.237347000"
"12881","14:42:57.261421","100","508753","172.26.191.172","5000","30.180781000","48","1","48192","30.237349000"
"12882","14:42:57.261428","100","508801","172.26.191.172","5000","30.180788000","48","1","48192","30.237356000"
"12883","14:42:57.261430","100","508849","172.26.191.172","5000","30.180790000","48","1","48192","30.237358000"
"12884","14:42:57.261442","52","1","100.64.0.5","48192","30.180802000","0","506785","5000","30.237370000"
"12885","14:42:57.261457","100","508897","172.26.191.172","5000","30.180817000","48","1","48192","30.237385000"
"12886","14:42:57.261459","100","508945","172.26.191.172","5000","30.180819000","48","1","48192","30.237387000"
"12887","14:42:57.261469","100","508993","172.26.191.172","5000","30.180829000","48","1","48192","30.237397000"
"12888","14:42:57.261471","100","509041","172.26.191.172","5000","30.180831000","48","1","48192","30.237399000"
"12889","14:42:57.292227","52","1","100.64.0.5","48192","30.211587000","0","507073","5000","30.268155000"
"12890","14:42:57.292267","100","509089","172.26.191.172","5000","30.211627000","48","1","48192","30.268195000"
"12891","14:42:57.292276","100","509137","172.26.191.172","5000","30.211636000","48","1","48192","30.268204000"
"12892","14:42:57.292287","100","509185","172.26.191.172","5000","30.211647000","48","1","48192","30.268215000"
"12893","14:42:57.292288","100","509233","172.26.191.172","5000","30.211648000","48","1","48192","30.268216000"
"12894","14:42:57.292294","100","509281","172.26.191.172","5000","30.211654000","48","1","48192","30.268222000"
"12895","14:42:57.292296","100","509329","172.26.191.172","5000","30.211656000","48","1","48192","30.268224000"
"12896","14:42:57.292308","52","1","100.64.0.5","48192","30.211668000","0","507265","5000","30.268236000"
"12897","14:42:57.292317","100","509377","172.26.191.172","5000","30.211677000","48","1","48192","30.268245000"
"12898","14:42:57.292319","100","509425","172.26.191.172","5000","30.211679000","48","1","48192","30.268247000"
"12899","14:42:57.292327","100","509473","172.26.191.172","5000","30.211687000","48","1","48192","30.268255000"
"12900","14:42:57.292328","100","509521","172.26.191.172","5000","30.211688000","48","1","48192","30.268256000"
"12901","14:42:57.292358","52","1","100.64.0.5","48192","30.211718000","0","507457","5000","30.268286000"
"12902","14:42:57.292376","100","509569","172.26.191.172","5000","30.211736000","48","1","48192","30.268304000"
"12903","14:42:57.292377","100","509617","172.26.191.172","5000","30.211737000","48","1","48192","30.268305000"
"12904","14:42:57.292385","100","509665","172.26.191.172","5000","30.211745000","48","1","48192","30.268313000"
"12905","14:42:57.292386","100","509713","172.26.191.172","5000","30.211746000","48","1","48192","30.268314000"
"12906","14:42:57.321876","52","1","100.64.0.5","48192","30.241236000","0","507745","5000","30.297804000"
"12907","14:42:57.321917","100","509761","172.26.191.172","5000","30.241277000","48","1","48192","30.297845000"
"12908","14:42:57.321926","100","509809","172.26.191.172","5000","30.241286000","48","1","48192","30.297854000"
"12909","14:42:57.321937","100","509857","172.26.191.172","5000","30.241297000","48","1","48192","30.297865000"
"12910","14:42:57.321939","100","509905","172.26.191.172","5000","30.241299000","48","1","48192","30.297867000"
"12911","14:42:57.321945","100","509953","172.26.191.172","5000","30.241305000","48","1","48192","30.297873000"
"12912","14:42:57.321946","100","510001","172.26.191.172","5000","30.241306000","48","1","48192","30.297874000"
"12913","14:42:57.321957","52","1","100.64.0.5","48192","30.241317000","0","508033","5000","30.297885000"
"12914","14:42:57.321968","100","510049","172.26.191.172","5000","30.241328000","48","1","48192","30.297896000"
"12915","14:42:57.321969","100","510097","172.26.191.172","5000","30.241329000","48","1","48192","30.297897000"
"12916","14:42:57.321976","100","510145","172.26.191.172","5000","30.241336000","48","1","48192","30.297904000"
"12917","14:42:57.321978","100","510193","172.26.191.172","5000","30.241338000","48","1","48192","30.297906000"
"12918","14:42:57.321986","100","510241","172.26.191.172","5000","30.241346000","48","1","48192","30.297914000"
"12919","14:42:57.321987","100","510289","172.26.191.172","5000","30.241347000","48","1","48192","30.297915000"
"12920","14:42:57.321994","52","1","100.64.0.5","48192","30.241354000","0","508177","5000","30.297922000"
"12921","14:42:57.322003","100","510337","172.26.191.172","5000","30.241363000","48","1","48192","30.297931000"
"12922","14:42:57.322004","100","510385","172.26.191.172","5000","30.241364000","48","1","48192","30.297932000"
"12923","14:42:57.352538","52","1","100.64.0.5","48192","30.271898000","0","508513","5000","30.328466000"
"12924","14:42:57.352579","100","510433","172.26.191.172","5000","30.271939000","48","1","48192","30.328507000"
"12925","14:42:57.352587","100","510481","172.26.191.172","5000","30.271947000","48","1","48192","30.328515000"
"12926","14:42:57.352598","100","510529","172.26.191.172","5000","30.271958000","48","1","48192","30.328526000"
"12927","14:42:57.352600","100","510577","172.26.191.172","5000","30.271960000","48","1","48192","30.328528000"
"12928","14:42:57.352606","100","510625","172.26.191.172","5000","30.271966000","48","1","48192","30.328534000"
"12929","14:42:57.352607","100","510673","172.26.191.172","5000","30.271967000","48","1","48192","30.328535000"
"12930","14:42:57.352613","100","510721","172.26.191.172","5000","30.271973000","48","1","48192","30.328541000"
"12931","14:42:57.352615","100","510769","172.26.191.172","5000","30.271975000","48","1","48192","30.328543000"
"12932","14:42:57.352626","52","1","100.64.0.5","48192","30.271986000","0","508801","5000","30.328554000"
"12933","14:42:57.352637","100","510817","172.26.191.172","5000","30.271997000","48","1","48192","30.328565000"
"12934","14:42:57.352639","100","510865","172.26.191.172","5000","30.271999000","48","1","48192","30.328567000"
"12935","14:42:57.352647","100","510913","172.26.191.172","5000","30.272007000","48","1","48192","30.328575000"
"12936","14:42:57.352649","100","510961","172.26.191.172","5000","30.272009000","48","1","48192","30.328577000"
"12937","14:42:57.352655","100","511009","172.26.191.172","5000","30.272015000","48","1","48192","30.328583000"
"12938","14:42:57.352656","100","511057","172.26.191.172","5000","30.272016000","48","1","48192","30.328584000"
"12939","14:42:57.352662","52","1","100.64.0.5","48192","30.272022000","0","508849","5000","30.328590000"
"12940","14:42:57.383568","52","1","100.64.0.5","48192","30.302928000","0","509185","5000","30.359496000"
"12941","14:42:57.383609","100","511105","172.26.191.172","5000","30.302969000","48","1","48192","30.359537000"
"12942","14:42:57.383618","100","511153","172.26.191.172","5000","30.302978000","48","1","48192","30.359546000"
"12943","14:42:57.383630","100","511201","172.26.191.172","5000","30.302990000","48","1","48192","30.359558000"
"12944","14:42:57.383632","100","511249","172.26.191.172","5000","30.302992000","48","1","48192","30.359560000"
"12945","14:42:57.383638","100","511297","172.26.191.172","5000","30.302998000","48","1","48192","30.359566000"
"12946","14:42:57.383639","100","511345","172.26.191.172","5000","30.302999000","48","1","48192","30.359567000"
"12947","14:42:57.383645","100","511393","172.26.191.172","5000","30.303005000","48","1","48192","30.359573000"
"12948","14:42:57.383646","100","511441","172.26.191.172","5000","30.303006000","48","1","48192","30.359574000"
"12949","14:42:57.383657","52","1","100.64.0.5","48192","30.303017000","0","509281","5000","30.359585000"
"12950","14:42:57.383667","100","511489","172.26.191.172","5000","30.303027000","48","1","48192","30.359595000"
"12951","14:42:57.383669","100","511537","172.26.191.172","5000","30.303029000","48","1","48192","30.359597000"
"12952","14:42:57.383676","52","1","100.64.0.5","48192","30.303036000","0","509569","5000","30.359604000"
"12953","14:42:57.383687","100","511585","172.26.191.172","5000","30.303047000","48","1","48192","30.359615000"
"12954","14:42:57.383688","100","511633","172.26.191.172","5000","30.303048000","48","1","48192","30.359616000"
"12955","14:42:57.383696","100","511681","172.26.191.172","5000","30.303056000","48","1","48192","30.359624000"
"12956","14:42:57.383697","100","511729","172.26.191.172","5000","30.303057000","48","1","48192","30.359625000"
"12957","14:42:57.383702","100","511777","172.26.191.172","5000","30.303062000","48","1","48192","30.359630000"
"12958","14:42:57.383704","100","511825","172.26.191.172","5000","30.303064000","48","1","48192","30.359632000"
"12959","14:42:57.413681","52","1","100.64.0.5","48192","30.333041000","0","509665","5000","30.389609000"
"12960","14:42:57.413719","100","511873","172.26.191.172","5000","30.333079000","48","1","48192","30.389647000"
"12961","14:42:57.413728","100","511921","172.26.191.172","5000","30.333088000","48","1","48192","30.389656000"
"12962","14:42:57.413743","52","1","100.64.0.5","48192","30.333103000","0","509953","5000","30.389671000"
"12963","14:42:57.413756","100","511969","172.26.191.172","5000","30.333116000","48","1","48192","30.389684000"
"12964","14:42:57.413758","100","512017","172.26.191.172","5000","30.333118000","48","1","48192","30.389686000"
"12965","14:42:57.413765","100","512065","172.26.191.172","5000","30.333125000","48","1","48192","30.389693000"
"12966","14:42:57.413766","100","512113","172.26.191.172","5000","30.333126000","48","1","48192","30.389694000"
"12967","14:42:57.413772","100","512161","172.26.191.172","5000","30.333132000","48","1","48192","30.389700000"
"12968","14:42:57.413773","100","512209","172.26.191.172","5000","30.333133000","48","1","48192","30.389701000"
"12969","14:42:57.413779","52","1","100.64.0.5","48192","30.333139000","0","510241","5000","30.389707000"
"12970","14:42:57.413789","100","512257","172.26.191.172","5000","30.333149000","48","1","48192","30.389717000"
"12971","14:42:57.413791","100","512305","172.26.191.172","5000","30.333151000","48","1","48192","30.389719000"
"12972","14:42:57.413797","100","512353","172.26.191.172","5000","30.333157000","48","1","48192","30.389725000"
"12973","14:42:57.413798","100","512401","172.26.191.172","5000","30.333158000","48","1","48192","30.389726000"
"12974","14:42:57.413804","100","512449","172.26.191.172","5000","30.333164000","48","1","48192","30.389732000"
"12975","14:42:57.413805","100","512497","172.26.191.172","5000","30.333165000","48","1","48192","30.389733000"
"12976","14:42:57.443539","52","1","100.64.0.5","48192","30.362899000","0","510529","5000","30.419467000"
"12977","14:42:57.443580","100","512545","172.26.191.172","5000","30.362940000","48","1","48192","30.419508000"
"12978","14:42:57.443589","100","512593","172.26.191.172","5000","30.362949000","48","1","48192","30.419517000"
"12979","14:42:57.443599","100","512641","172.26.191.172","5000","30.362959000","48","1","48192","30.419527000"
"12980","14:42:57.443601","100","512689","172.26.191.172","5000","30.362961000","48","1","48192","30.419529000"
"12981","14:42:57.443607","100","512737","172.26.191.172","5000","30.362967000","48","1","48192","30.419535000"
"12982","14:42:57.443608","100","512785","172.26.191.172","5000","30.362968000","48","1","48192","30.419536000"
"12983","14:42:57.443620","52","1","100.64.0.5","48192","30.362980000","0","510721","5000","30.419548000"
"12984","14:42:57.443630","100","512833","172.26.191.172","5000","30.362990000","48","1","48192","30.419558000"
"12985","14:42:57.443632","100","512881","172.26.191.172","5000","30.362992000","48","1","48192","30.419560000"
"12986","14:42:57.443639","100","512929","172.26.191.172","5000","30.362999000","48","1","48192","30.419567000"
"12987","14:42:57.443641","100","512977","172.26.191.172","5000","30.363001000","48","1","48192","30.419569000"
"12988","14:42:57.443648","52","1","100.64.0.5","48192","30.363008000","0","510961","5000","30.419576000"
"12989","14:42:57.443659","100","513025","172.26.191.172","5000","30.363019000","48","1","48192","30.419587000"
"12990","14:42:57.443660","100","513073","172.26.191.172","5000","30.363020000","48","1","48192","30.419588000"
"12991","14:42:57.443667","100","513121","172.26.191.172","5000","30.363027000","48","1","48192","30.419595000"
"12992","14:42:57.443668","100","513169","172.26.191.172","5000","30.363028000","48","1","48192","30.419596000"
"12993","14:42:57.443674","100","513217","172.26.191.172","5000","30.363034000","48","1","48192","30.419602000"
"12994","14:42:57.443675","100","513265","172.26.191.172","5000","30.363035000","48","1","48192","30.419603000"
"12995","14:42:57.474015","52","1","100.64.0.5","48192","30.393375000","0","511249","5000","30.449943000"
"12996","14:42:57.474057","100","513313","172.26.191.172","5000","30.393417000","48","1","48192","30.449985000"
"12997","14:42:57.474065","100","513361","172.26.191.172","5000","30.393425000","48","1","48192","30.449993000"
"12998","14:42:57.474076","100","513409","172.26.191.172","5000","30.393436000","48","1","48192","30.450004000"
"12999","14:42:57.474077","100","513457","172.26.191.172","5000","30.393437000","48","1","48192","30.450005000"
"13000","14:42:57.474083","100","513505","172.26.191.172","5000","30.393443000","48","1","48192","30.450011000"
"13001","14:42:57.474085","100","513553","172.26.191.172","5000","30.393445000","48","1","48192","30.450013000"
"13002","14:42:57.474096","52","1","100.64.0.5","48192","30.393456000","0","511489","5000","30.450024000"
"13003","14:42:57.474107","100","513601","172.26.191.172","5000","30.393467000","48","1","48192","30.450035000"
"13004","14:42:57.474108","100","513649","172.26.191.172","5000","30.393468000","48","1","48192","30.450036000"
"13005","14:42:57.474115","100","513697","172.26.191.172","5000","30.393475000","48","1","48192","30.450043000"
"13006","14:42:57.474117","100","513745","172.26.191.172","5000","30.393477000","48","1","48192","30.450045000"
"13007","14:42:57.474123","100","513793","172.26.191.172","5000","30.393483000","48","1","48192","30.450051000"
"13008","14:42:57.474125","100","513841","172.26.191.172","5000","30.393485000","48","1","48192","30.450053000"
"13009","14:42:57.474131","52","1","100.64.0.5","48192","30.393491000","0","511633","5000","30.450059000"
"13010","14:42:57.474144","100","513889","172.26.191.172","5000","30.393504000","48","1","48192","30.450072000"
"13011","14:42:57.474145","100","513937","172.26.191.172","5000","30.393505000","48","1","48192","30.450073000"
"13012","14:42:57.503980","52","1","100.64.0.5","48192","30.423340000","0","511969","5000","30.479908000"
"13013","14:42:57.504021","100","513985","172.26.191.172","5000","30.423381000","48","1","48192","30.479949000"
"13014","14:42:57.504031","100","514033","172.26.191.172","5000","30.423391000","48","1","48192","30.479959000"
"13015","14:42:57.504042","100","514081","172.26.191.172","5000","30.423402000","48","1","48192","30.479970000"
"13016","14:42:57.504043","100","514129","172.26.191.172","5000","30.423403000","48","1","48192","30.479971000"
"13017","14:42:57.504051","100","514177","172.26.191.172","5000","30.423411000","48","1","48192","30.479979000"
"13018","14:42:57.504052","100","514225","172.26.191.172","5000","30.423412000","48","1","48192","30.479980000"
"13019","14:42:57.504059","100","514273","172.26.191.172","5000","30.423419000","48","1","48192","30.479987000"
"13020","14:42:57.504060","100","514321","172.26.191.172","5000","30.423420000","48","1","48192","30.479988000"
"13021","14:42:57.504071","52","1","100.64.0.5","48192","30.423431000","0","512257","5000","30.479999000"
"13022","14:42:57.504082","100","514369","172.26.191.172","5000","30.423442000","48","1","48192","30.480010000"
"13023","14:42:57.504084","100","514417","172.26.191.172","5000","30.423444000","48","1","48192","30.480012000"
"13024","14:42:57.504091","100","514465","172.26.191.172","5000","30.423451000","48","1","48192","30.480019000"
"13025","14:42:57.504092","100","514513","172.26.191.172","5000","30.423452000","48","1","48192","30.480020000"
"13026","14:42:57.504097","100","514561","172.26.191.172","5000","30.423457000","48","1","48192","30.480025000"
"13027","14:42:57.504098","100","514609","172.26.191.172","5000","30.423458000","48","1","48192","30.480026000"
"13028","14:42:57.504105","52","1","100.64.0.5","48192","30.423465000","0","512353","5000","30.480033000"
"13029","14:42:57.504113","100","514657","172.26.191.172","5000","30.423473000","48","1","48192","30.480041000"
"13030","14:42:57.504114","100","514705","172.26.191.172","5000","30.423474000","48","1","48192","30.480042000"
"13031","14:42:57.533904","52","1","100.64.0.5","48192","30.453264000","0","512641","5000","30.509832000"
"13032","14:42:57.533944","100","514753","172.26.191.172","5000","30.453304000","48","1","48192","30.509872000"
"13033","14:42:57.533953","100","514801","172.26.191.172","5000","30.453313000","48","1","48192","30.509881000"
"13034","14:42:57.533964","100","514849","172.26.191.172","5000","30.453324000","48","1","48192","30.509892000"
"13035","14:42:57.533966","100","514897","172.26.191.172","5000","30.453326000","48","1","48192","30.509894000"
"13036","14:42:57.533972","100","514945","172.26.191.172","5000","30.453332000","48","1","48192","30.509900000"
"13037","14:42:57.533973","100","514993","172.26.191.172","5000","30.453333000","48","1","48192","30.509901000"
"13038","14:42:57.533985","52","1","100.64.0.5","48192","30.453345000","0","512929","5000","30.509913000"
"13039","14:42:57.533996","100","515041","172.26.191.172","5000","30.453356000","48","1","48192","30.509924000"
"13040","14:42:57.533998","100","515089","172.26.191.172","5000","30.453358000","48","1","48192","30.509926000"
"13041","14:42:57.534007","100","515137","172.26.191.172","5000","30.453367000","48","1","48192","30.509935000"
"13042","14:42:57.534008","100","515185","172.26.191.172","5000","30.453368000","48","1","48192","30.509936000"
"13043","14:42:57.534015","100","515233","172.26.191.172","5000","30.453375000","48","1","48192","30.509943000"
"13044","14:42:57.534016","100","515281","172.26.191.172","5000","30.453376000","48","1","48192","30.509944000"
"13045","14:42:57.534023","52","1","100.64.0.5","48192","30.453383000","0","513025","5000","30.509951000"
"13046","14:42:57.534031","100","515329","172.26.191.172","5000","30.453391000","48","1","48192","30.509959000"
"13047","14:42:57.534032","100","515377","172.26.191.172","5000","30.453392000","48","1","48192","30.509960000"
"13048","14:42:57.563937","64","1","100.64.0.5","48192","30.483297000","0","513265","5000","30.539865000"
"13049","14:42:57.563986","100","515425","172.26.191.172","5000","30.483346000","48","1","48192","30.539914000"
"13050","14:42:57.563997","100","515473","172.26.191.172","5000","30.483357000","48","1","48192","30.539925000"
"13051","14:42:57.564008","100","515521","172.26.191.172","5000","30.483368000","48","1","48192","30.539936000"
"13052","14:42:57.564009","100","515569","172.26.191.172","5000","30.483369000","48","1","48192","30.539937000"
"13053","14:42:57.564016","100","515617","172.26.191.172","5000","30.483376000","48","1","48192","30.539944000"
"13054","14:42:57.564018","100","515665","172.26.191.172","5000","30.483378000","48","1","48192","30.539946000"
"13055","14:42:57.564031","64","1","100.64.0.5","48192","30.483391000","0","513265","5000","30.539959000"
"13056","14:42:57.564047","100","513265","172.26.191.172","5000","30.483407000","48","1","48192","30.539975000"
"13057","14:42:57.564056","64","1","100.64.0.5","48192","30.483416000","0","513265","5000","30.539984000"
"13058","14:42:57.564065","100","515713","172.26.191.172","5000","30.483425000","48","1","48192","30.539993000"
"13059","14:42:57.564072","64","1","100.64.0.5","48192","30.483432000","0","513265","5000","30.540000000"
"13060","14:42:57.564085","100","515761","172.26.191.172","5000","30.483445000","48","1","48192","30.540013000"
"13061","14:42:57.564087","100","515809","172.26.191.172","5000","30.483447000","48","1","48192","30.540015000"
"13062","14:42:57.594892","64","1","100.64.0.5","48192","30.514252000","0","513265","5000","30.570820000"
"13063","14:42:57.594945","100","515857","172.26.191.172","5000","30.514305000","48","1","48192","30.570873000"
"13064","14:42:57.594954","100","515905","172.26.191.172","5000","30.514314000","48","1","48192","30.570882000"
"13065","14:42:57.594964","100","515953","172.26.191.172","5000","30.514324000","48","1","48192","30.570892000"
"13066","14:42:57.594965","100","516001","172.26.191.172","5000","30.514325000","48","1","48192","30.570893000"
"13067","14:42:57.594972","100","516049","172.26.191.172","5000","30.514332000","48","1","48192","30.570900000"
"13068","14:42:57.594973","100","516097","172.26.191.172","5000","30.514333000","48","1","48192","30.570901000"
"13069","14:42:57.594978","100","516145","172.26.191.172","5000","30.514338000","48","1","48192","30.570906000"
"13070","14:42:57.624770","72","1","100.64.0.5","48192","30.544130000","0","513265","5000","30.600698000"
"13071","14:42:57.624787","100","514705","172.26.191.172","5000","30.544147000","48","1","48192","30.600715000"
"13072","14:42:57.624797","100","516193","172.26.191.172","5000","30.544157000","48","1","48192","30.600725000"
"13073","14:42:57.624798","100","516241","172.26.191.172","5000","30.544158000","48","1","48192","30.600726000"
"13074","14:42:57.654678","64","1","100.64.0.5","48192","30.574038000","0","514705","5000","30.630606000"
"13075","14:42:57.654699","100","516289","172.26.191.172","5000","30.574059000","48","1","48192","30.630627000"
"13076","14:42:57.654702","100","516337","172.26.191.172","5000","30.574062000","48","1","48192","30.630630000"
"13077","14:42:57.654706","100","516385","172.26.191.172","5000","30.574066000","48","1","48192","30.630634000"
"13078","14:42:57.654706","100","516433","172.26.191.172","5000","30.574066000","48","1","48192","30.630634000"
"13079","14:42:57.654708","100","516481","172.26.191.172","5000","30.574068000","48","1","48192","30.630636000"
"13080","14:42:57.654709","100","516529","172.26.191.172","5000","30.574069000","48","1","48192","30.630637000"
"13081","14:42:57.654711","100","516577","172.26.191.172","5000","30.574071000","48","1","48192","30.630639000"
"13082","14:42:57.654712","100","516625","172.26.191.172","5000","30.574072000","48","1","48192","30.630640000"
"13083","14:42:57.654714","100","516673","172.26.191.172","5000","30.574074000","48","1","48192","30.630642000"
"13084","14:42:57.654714","100","516721","172.26.191.172","5000","30.574074000","48","1","48192","30.630642000"
"13085","14:42:57.654716","100","516769","172.26.191.172","5000","30.574076000","48","1","48192","30.630644000"
"13086","14:42:57.654716","100","516817","172.26.191.172","5000","30.574076000","48","1","48192","30.630644000"
"13087","14:42:57.654720","64","1","100.64.0.5","48192","30.574080000","0","514705","5000","30.630648000"
"13088","14:42:57.654724","100","516865","172.26.191.172","5000","30.574084000","48","1","48192","30.630652000"
"13089","14:42:57.654725","100","516913","172.26.191.172","5000","30.574085000","48","1","48192","30.630653000"
"13090","14:42:57.654726","100","516961","172.26.191.172","5000","30.574086000","48","1","48192","30.630654000"
"13091","14:42:57.685644","64","1","100.64.0.5","48192","30.605004000","0","514705","5000","30.661572000"
"13092","14:42:57.685663","100","517009","172.26.191.172","5000","30.605023000","48","1","48192","30.661591000"
"13093","14:42:57.685667","100","517057","172.26.191.172","5000","30.605027000","48","1","48192","30.661595000"
"13094","14:42:57.685672","64","1","100.64.0.5","48192","30.605032000","0","514705","5000","30.661600000"
"13095","14:42:57.685675","100","517105","172.26.191.172","5000","30.605035000","48","1","48192","30.661603000"
"13096","14:42:57.685676","100","517153","172.26.191.172","5000","30.605036000","48","1","48192","30.661604000"
"13097","14:42:57.685678","64","1","100.64.0.5","48192","30.605038000","0","514705","5000","30.661606000"
"13098","14:42:57.685681","100","517201","172.26.191.172","5000","30.605041000","48","1","48192","30.661609000"
"13099","14:42:57.685682","100","517249","172.26.191.172","5000","30.605042000","48","1","48192","30.661610000"
"13100","14:42:57.685683","100","517297","172.26.191.172","5000","30.605043000","48","1","48192","30.661611000"
"13101","14:42:57.716316","52","1","100.64.0.5","48192","30.635676000","0","516193","5000","30.692244000"
"13102","14:42:57.716341","100","517345","172.26.191.172","5000","30.635701000","48","1","48192","30.692269000"
"13103","14:42:57.716356","52","1","100.64.0.5","48192","30.635716000","0","516481","5000","30.692284000"
"13104","14:42:57.716363","100","517393","172.26.191.172","5000","30.635723000","48","1","48192","30.692291000"
"13105","14:42:57.716364","100","517441","172.26.191.172","5000","30.635724000","48","1","48192","30.692292000"
"13106","14:42:57.716366","100","517489","172.26.191.172","5000","30.635726000","48","1","48192","30.692294000"
"13107","14:42:57.716367","100","517537","172.26.191.172","5000","30.635727000","48","1","48192","30.692295000"
"13108","14:42:57.716370","100","517585","172.26.191.172","5000","30.635730000","48","1","48192","30.692298000"
"13109","14:42:57.716370","100","517633","172.26.191.172","5000","30.635730000","48","1","48192","30.692298000"
"13110","14:42:57.716373","52","1","100.64.0.5","48192","30.635733000","0","516577","5000","30.692301000"
"13111","14:42:57.716376","100","517681","172.26.191.172","5000","30.635736000","48","1","48192","30.692304000"
"13112","14:42:57.716377","100","517729","172.26.191.172","5000","30.635737000","48","1","48192","30.692305000"
"13113","14:42:57.716379","52","1","100.64.0.5","48192","30.635739000","0","516817","5000","30.692307000"
"13114","14:42:57.716384","100","517777","172.26.191.172","5000","30.635744000","48","1","48192","30.692312000"
"13115","14:42:57.716384","100","517825","172.26.191.172","5000","30.635744000","48","1","48192","30.692312000"
"13116","14:42:57.716388","100","517873","172.26.191.172","5000","30.635748000","48","1","48192","30.692316000"
"13117","14:42:57.716388","100","517921","172.26.191.172","5000","30.635748000","48","1","48192","30.692316000"
"13118","14:42:57.746318","52","1","100.64.0.5","48192","30.665678000","0","517009","5000","30.722246000"
"13119","14:42:57.746353","100","517969","172.26.191.172","5000","30.665713000","48","1","48192","30.722281000"
"13120","14:42:57.746361","100","518017","172.26.191.172","5000","30.665721000","48","1","48192","30.722289000"
"13121","14:42:57.746371","100","518065","172.26.191.172","5000","30.665731000","48","1","48192","30.722299000"
"13122","14:42:57.746373","100","518113","172.26.191.172","5000","30.665733000","48","1","48192","30.722301000"
"13123","14:42:57.776515","52","1","100.64.0.5","48192","30.695875000","0","517297","5000","30.752443000"
"13124","14:42:57.776537","100","518161","172.26.191.172","5000","30.695897000","48","1","48192","30.752465000"
"13125","14:42:57.776541","100","518209","172.26.191.172","5000","30.695901000","48","1","48192","30.752469000"
"13126","14:42:57.776546","100","518257","172.26.191.172","5000","30.695906000","48","1","48192","30.752474000"
"13127","14:42:57.776547","100","518305","172.26.191.172","5000","30.695907000","48","1","48192","30.752475000"
"13128","14:42:57.776549","100","518353","172.26.191.172","5000","30.695909000","48","1","48192","30.752477000"
"13129","14:42:57.776550","100","518401","172.26.191.172","5000","30.695910000","48","1","48192","30.752478000"
"13130","14:42:57.776555","52","1","100.64.0.5","48192","30.695915000","0","517345","5000","30.752483000"
"13131","14:42:57.776559","100","518449","172.26.191.172","5000","30.695919000","48","1","48192","30.752487000"
"13132","14:42:57.776559","100","518497","172.26.191.172","5000","30.695919000","48","1","48192","30.752487000"
"13133","14:42:57.807105","52","1","100.64.0.5","48192","30.726465000","0","517681","5000","30.783033000"
"13134","14:42:57.807133","100","518545","172.26.191.172","5000","30.726493000","48","1","48192","30.783061000"
"13135","14:42:57.807139","100","518593","172.26.191.172","5000","30.726499000","48","1","48192","30.783067000"
"13136","14:42:57.807146","100","518641","172.26.191.172","5000","30.726506000","48","1","48192","30.783074000"
"13137","14:42:57.807147","100","518689","172.26.191.172","5000","30.726507000","48","1","48192","30.783075000"
"13138","14:42:57.807150","100","518737","172.26.191.172","5000","30.726510000","48","1","48192","30.783078000"
"13139","14:42:57.807151","100","518785","172.26.191.172","5000","30.726511000","48","1","48192","30.783079000"
"13140","14:42:57.807155","100","518833","172.26.191.172","5000","30.726515000","48","1","48192","30.783083000"
"13141","14:42:57.807155","100","518881","172.26.191.172","5000","30.726515000","48","1","48192","30.783083000"
"13142","14:42:57.807162","52","1","100.64.0.5","48192","30.726522000","0","517969","5000","30.783090000"
"13143","14:42:57.807168","100","518929","172.26.191.172","5000","30.726528000","48","1","48192","30.783096000"
"13144","14:42:57.807169","100","518977","172.26.191.172","5000","30.726529000","48","1","48192","30.783097000"
"13145","14:42:57.807174","100","519025","172.26.191.172","5000","30.726534000","48","1","48192","30.783102000"
"13146","14:42:57.807175","100","519073","172.26.191.172","5000","30.726535000","48","1","48192","30.783103000"
"13147","14:42:57.807178","100","519121","172.26.191.172","5000","30.726538000","48","1","48192","30.783106000"
"13148","14:42:57.807179","100","519169","172.26.191.172","5000","30.726539000","48","1","48192","30.783107000"
"13149","14:42:57.836712","52","1","100.64.0.5","48192","30.756072000","0","518161","5000","30.812640000"
"13150","14:42:57.836751","100","519217","172.26.191.172","5000","30.756111000","48","1","48192","30.812679000"
"13151","14:42:57.836760","100","519265","172.26.191.172","5000","30.756120000","48","1","48192","30.812688000"
"13152","14:42:57.836771","100","519313","172.26.191.172","5000","30.756131000","48","1","48192","30.812699000"
"13153","14:42:57.836772","100","519361","172.26.191.172","5000","30.756132000","48","1","48192","30.812700000"
"13154","14:42:57.868128","52","1","100.64.0.5","48192","30.787488000","0","518449","5000","30.844056000"
"13155","14:42:57.868168","100","519409","172.26.191.172","5000","30.787528000","48","1","48192","30.844096000"
"13156","14:42:57.868176","100","519457","172.26.191.172","5000","30.787536000","48","1","48192","30.844104000"
"13157","14:42:57.868187","100","519505","172.26.191.172","5000","30.787547000","48","1","48192","30.844115000"
"13158","14:42:57.868188","100","519553","172.26.191.172","5000","30.787548000","48","1","48192","30.844116000"
"13159","14:42:57.868194","100","519601","172.26.191.172","5000","30.787554000","48","1","48192","30.844122000"
"13160","14:42:57.868195","100","519649","172.26.191.172","5000","30.787555000","48","1","48192","30.844123000"
"13161","14:42:57.868207","52","1","100.64.0.5","48192","30.787567000","0","518545","5000","30.844135000"
"13162","14:42:57.868217","100","519697","172.26.191.172","5000","30.787577000","48","1","48192","30.844145000"
"13163","14:42:57.868218","100","519745","172.26.191.172","5000","30.787578000","48","1","48192","30.844146000"
"13164","14:42:57.898492","52","1","100.64.0.5","48192","30.817852000","0","518833","5000","30.874420000"
"13165","14:42:57.898531","100","519793","172.26.191.172","5000","30.817891000","48","1","48192","30.874459000"
"13166","14:42:57.898540","100","519841","172.26.191.172","5000","30.817900000","48","1","48192","30.874468000"
"13167","14:42:57.898550","100","519889","172.26.191.172","5000","30.817910000","48","1","48192","30.874478000"
"13168","14:42:57.898552","100","519937","172.26.191.172","5000","30.817912000","48","1","48192","30.874480000"
"13169","14:42:57.898558","100","519985","172.26.191.172","5000","30.817918000","48","1","48192","30.874486000"
"13170","14:42:57.898560","100","520033","172.26.191.172","5000","30.817920000","48","1","48192","30.874488000"
"13171","14:42:57.898571","52","1","100.64.0.5","48192","30.817931000","0","518881","5000","30.874499000"
"13172","14:42:57.898581","100","520081","172.26.191.172","5000","30.817941000","48","1","48192","30.874509000"
"13173","14:42:57.898582","100","520129","172.26.191.172","5000","30.817942000","48","1","48192","30.874510000"
"13174","14:42:57.898589","52","1","100.64.0.5","48192","30.817949000","0","519217","5000","30.874517000"
"13175","14:42:57.898601","100","520177","172.26.191.172","5000","30.817961000","48","1","48192","30.874529000"
"13176","14:42:57.898603","100","520225","172.26.191.172","5000","30.817963000","48","1","48192","30.874531000"
"13177","14:42:57.898611","100","520273","172.26.191.172","5000","30.817971000","48","1","48192","30.874539000"
"13178","14:42:57.898613","100","520321","172.26.191.172","5000","30.817973000","48","1","48192","30.874541000"
"13179","14:42:57.898618","100","520369","172.26.191.172","5000","30.817978000","48","1","48192","30.874546000"
"13180","14:42:57.898619","100","520417","172.26.191.172","5000","30.817979000","48","1","48192","30.874547000"
"13181","14:42:57.928415","52","1","100.64.0.5","48192","30.847775000","0","519265","5000","30.904343000"
"13182","14:42:57.928453","100","520465","172.26.191.172","5000","30.847813000","48","1","48192","30.904381000"
"13183","14:42:57.928462","100","520513","172.26.191.172","5000","30.847822000","48","1","48192","30.904390000"
"13184","14:42:57.928477","52","1","100.64.0.5","48192","30.847837000","0","519409","5000","30.904405000"
"13185","14:42:57.928490","100","520561","172.26.191.172","5000","30.847850000","48","1","48192","30.904418000"
"13186","14:42:57.928491","100","520609","172.26.191.172","5000","30.847851000","48","1","48192","30.904419000"
"13187","14:42:57.958142","52","1","100.64.0.5","48192","30.877502000","0","519697","5000","30.934070000"
"13188","14:42:57.958185","100","520657","172.26.191.172","5000","30.877545000","48","1","48192","30.934113000"
"13189","14:42:57.958195","100","520705","172.26.191.172","5000","30.877555000","48","1","48192","30.934123000"
"13190","14:42:57.958207","100","520753","172.26.191.172","5000","30.877567000","48","1","48192","30.934135000"
"13191","14:42:57.958209","100","520801","172.26.191.172","5000","30.877569000","48","1","48192","30.934137000"
"13192","14:42:57.958215","100","520849","172.26.191.172","5000","30.877575000","48","1","48192","30.934143000"
"13193","14:42:57.958217","100","520897","172.26.191.172","5000","30.877577000","48","1","48192","30.934145000"
"13194","14:42:57.958230","52","1","100.64.0.5","48192","30.877590000","0","519793","5000","30.934158000"
"13195","14:42:57.958241","100","520945","172.26.191.172","5000","30.877601000","48","1","48192","30.934169000"
"13196","14:42:57.958243","100","520993","172.26.191.172","5000","30.877603000","48","1","48192","30.934171000"
"13197","14:42:57.989584","52","1","100.64.0.5","48192","30.908944000","0","520081","5000","30.965512000"
"13198","14:42:57.989628","100","521041","172.26.191.172","5000","30.908988000","48","1","48192","30.965556000"
"13199","14:42:57.989638","100","521089","172.26.191.172","5000","30.908998000","48","1","48192","30.965566000"
"13200","14:42:57.989650","100","521137","172.26.191.172","5000","30.909010000","48","1","48192","30.965578000"
"13201","14:42:57.989652","100","521185","172.26.191.172","5000","30.909012000","48","1","48192","30.965580000"
"13202","14:42:57.989659","100","521233","172.26.191.172","5000","30.909019000","48","1","48192","30.965587000"
"13203","14:42:57.989661","100","521281","172.26.191.172","5000","30.909021000","48","1","48192","30.965589000"
"13204","14:42:57.989667","100","521329","172.26.191.172","5000","30.909027000","48","1","48192","30.965595000"
"13205","14:42:57.989669","100","521377","172.26.191.172","5000","30.909029000","48","1","48192","30.965597000"
"13206","14:42:57.989682","52","1","100.64.0.5","48192","30.909042000","0","520369","5000","30.965610000"
"13207","14:42:57.989695","100","521425","172.26.191.172","5000","30.909055000","48","1","48192","30.965623000"
"13208","14:42:57.989696","100","521473","172.26.191.172","5000","30.909056000","48","1","48192","30.965624000"
"13209","14:42:57.989703","100","521521","172.26.191.172","5000","30.909063000","48","1","48192","30.965631000"
"13210","14:42:57.989704","100","521569","172.26.191.172","5000","30.909064000","48","1","48192","30.965632000"
"13211","14:42:57.989711","100","521617","172.26.191.172","5000","30.909071000","48","1","48192","30.965639000"
"13212","14:42:57.989712","100","521665","172.26.191.172","5000","30.909072000","48","1","48192","30.965640000"
"13213","14:42:57.989719","52","1","100.64.0.5","48192","30.909079000","0","520465","5000","30.965647000"
"13214","14:42:57.989729","100","521713","172.26.191.172","5000","30.909089000","48","1","48192","30.965657000"
"13215","14:42:57.989730","100","521761","172.26.191.172","5000","30.909090000","48","1","48192","30.965658000"
"13216","14:42:58.018810","52","1","100.64.0.5","48192","30.938170000","0","520657","5000","30.994738000"
"13217","14:42:58.018850","100","521809","172.26.191.172","5000","30.938210000","48","1","48192","30.994778000"
"13218","14:42:58.018859","100","521857","172.26.191.172","5000","30.938219000","48","1","48192","30.994787000"
"13219","14:42:58.018870","100","521905","172.26.191.172","5000","30.938230000","48","1","48192","30.994798000"
"13220","14:42:58.018871","100","521953","172.26.191.172","5000","30.938231000","48","1","48192","30.994799000"
"13221","14:42:58.049307","52","1","100.64.0.5","48192","30.968667000","0","520945","5000","31.025235000"
"13222","14:42:58.049347","100","522001","172.26.191.172","5000","30.968707000","48","1","48192","31.025275000"
"13223","14:42:58.049355","100","522049","172.26.191.172","5000","30.968715000","48","1","48192","31.025283000"
"13224","14:42:58.049367","100","522097","172.26.191.172","5000","30.968727000","48","1","48192","31.025295000"
"13225","14:42:58.049368","100","522145","172.26.191.172","5000","30.968728000","48","1","48192","31.025296000"
"13226","14:42:58.049376","100","522193","172.26.191.172","5000","30.968736000","48","1","48192","31.025304000"
"13227","14:42:58.049378","100","522241","172.26.191.172","5000","30.968738000","48","1","48192","31.025306000"
"13228","14:42:58.049389","52","1","100.64.0.5","48192","30.968749000","0","521041","5000","31.025317000"
"13229","14:42:58.049399","100","522289","172.26.191.172","5000","30.968759000","48","1","48192","31.025327000"
"13230","14:42:58.049400","100","522337","172.26.191.172","5000","30.968760000","48","1","48192","31.025328000"
"13231","14:42:58.079874","52","1","100.64.0.5","48192","30.999234000","0","521329","5000","31.055802000"
"13232","14:42:58.079914","100","522385","172.26.191.172","5000","30.999274000","48","1","48192","31.055842000"
"13233","14:42:58.079923","100","522433","172.26.191.172","5000","30.999283000","48","1","48192","31.055851000"
"13234","14:42:58.079936","100","522481","172.26.191.172","5000","30.999296000","48","1","48192","31.055864000"
"13235","14:42:58.079937","100","522529","172.26.191.172","5000","30.999297000","48","1","48192","31.055865000"
"13236","14:42:58.079943","100","522577","172.26.191.172","5000","30.999303000","48","1","48192","31.055871000"
"13237","14:42:58.079945","100","522625","172.26.191.172","5000","30.999305000","48","1","48192","31.055873000"
"13238","14:42:58.079956","52","1","100.64.0.5","48192","30.999316000","0","521425","5000","31.055884000"
"13239","14:42:58.079965","100","522673","172.26.191.172","5000","30.999325000","48","1","48192","31.055893000"
"13240","14:42:58.079967","100","522721","172.26.191.172","5000","30.999327000","48","1","48192","31.055895000"
"13241","14:42:58.079974","52","1","100.64.0.5","48192","30.999334000","0","521713","5000","31.055902000"
"13242","14:42:58.079985","100","522769","172.26.191.172","5000","30.999345000","48","1","48192","31.055913000"
"13243","14:42:58.079987","100","522817","172.26.191.172","5000","30.999347000","48","1","48192","31.055915000"
"13244","14:42:58.079992","100","522865","172.26.191.172","5000","30.999352000","48","1","48192","31.055920000"
"13245","14:42:58.079994","100","522913","172.26.191.172","5000","30.999354000","48","1","48192","31.055922000"
"13246","14:42:58.080000","100","522961","172.26.191.172","5000","30.999360000","48","1","48192","31.055928000"
"13247","14:42:58.080001","100","523009","172.26.191.172","5000","30.999361000","48","1","48192","31.055929000"
"13248","14:42:58.110531","52","1","100.64.0.5","48192","31.029891000","0","522001","5000","31.086459000"
"13249","14:42:58.110575","100","523057","172.26.191.172","5000","31.029935000","48","1","48192","31.086503000"
"13250","14:42:58.110585","100","523105","172.26.191.172","5000","31.029945000","48","1","48192","31.086513000"
"13251","14:42:58.110597","100","523153","172.26.191.172","5000","31.029957000","48","1","48192","31.086525000"
"13252","14:42:58.110599","100","523201","172.26.191.172","5000","31.029959000","48","1","48192","31.086527000"
"13253","14:42:58.110608","100","523249","172.26.191.172","5000","31.029968000","48","1","48192","31.086536000"
"13254","14:42:58.110609","100","523297","172.26.191.172","5000","31.029969000","48","1","48192","31.086537000"
"13255","14:42:58.140211","52","1","100.64.0.5","48192","31.059571000","0","522289","5000","31.116139000"
"13256","14:42:58.140252","100","523345","172.26.191.172","5000","31.059612000","48","1","48192","31.116180000"
"13257","14:42:58.140261","100","523393","172.26.191.172","5000","31.059621000","48","1","48192","31.116189000"
"13258","14:42:58.140272","100","523441","172.26.191.172","5000","31.059632000","48","1","48192","31.116200000"
"13259","14:42:58.140273","100","523489","172.26.191.172","5000","31.059633000","48","1","48192","31.116201000"
"13260","14:42:58.140280","100","523537","172.26.191.172","5000","31.059640000","48","1","48192","31.116208000"
"13261","14:42:58.140281","100","523585","172.26.191.172","5000","31.059641000","48","1","48192","31.116209000"
"13262","14:42:58.140292","52","1","100.64.0.5","48192","31.059652000","0","522385","5000","31.116220000"
"13263","14:42:58.140303","100","523633","172.26.191.172","5000","31.059663000","48","1","48192","31.116231000"
"13264","14:42:58.140305","100","523681","172.26.191.172","5000","31.059665000","48","1","48192","31.116233000"
"13265","14:42:58.170948","52","1","100.64.0.5","48192","31.090308000","0","522673","5000","31.146876000"
"13266","14:42:58.170992","100","523729","172.26.191.172","5000","31.090352000","48","1","48192","31.146920000"
"13267","14:42:58.171002","100","523777","172.26.191.172","5000","31.090362000","48","1","48192","31.146930000"
"13268","14:42:58.171016","100","523825","172.26.191.172","5000","31.090376000","48","1","48192","31.146944000"
"13269","14:42:58.171018","100","523873","172.26.191.172","5000","31.090378000","48","1","48192","31.146946000"
"13270","14:42:58.171025","100","523921","172.26.191.172","5000","31.090385000","48","1","48192","31.146953000"
"13271","14:42:58.171027","100","523969","172.26.191.172","5000","31.090387000","48","1","48192","31.146955000"
"13272","14:42:58.171033","100","524017","172.26.191.172","5000","31.090393000","48","1","48192","31.146961000"
"13273","14:42:58.171034","100","524065","172.26.191.172","5000","31.090394000","48","1","48192","31.146962000"
"13274","14:42:58.171047","52","1","100.64.0.5","48192","31.090407000","0","522961","5000","31.146975000"
"13275","14:42:58.171060","100","524113","172.26.191.172","5000","31.090420000","48","1","48192","31.146988000"
"13276","14:42:58.171061","100","524161","172.26.191.172","5000","31.090421000","48","1","48192","31.146989000"
"13277","14:42:58.171069","100","524209","172.26.191.172","5000","31.090429000","48","1","48192","31.146997000"
"13278","14:42:58.171070","100","524257","172.26.191.172","5000","31.090430000","48","1","48192","31.146998000"
"13279","14:42:58.171077","100","524305","172.26.191.172","5000","31.090437000","48","1","48192","31.147005000"
"13280","14:42:58.171078","100","524353","172.26.191.172","5000","31.090438000","48","1","48192","31.147006000"
"13281","14:42:58.171085","52","1","100.64.0.5","48192","31.090445000","0","523057","5000","31.147013000"
"13282","14:42:58.171094","100","524401","172.26.191.172","5000","31.090454000","48","1","48192","31.147022000"
"13283","14:42:58.171095","100","524449","172.26.191.172","5000","31.090455000","48","1","48192","31.147023000"
"13284","14:42:58.201362","52","1","100.64.0.5","48192","31.120722000","0","523345","5000","31.177290000"
"13285","14:42:58.201407","100","524497","172.26.191.172","5000","31.120767000","48","1","48192","31.177335000"
"13286","14:42:58.201417","100","524545","172.26.191.172","5000","31.120777000","48","1","48192","31.177345000"
"13287","14:42:58.201429","100","524593","172.26.191.172","5000","31.120789000","48","1","48192","31.177357000"
"13288","14:42:58.201431","100","524641","172.26.191.172","5000","31.120791000","48","1","48192","31.177359000"
"13289","14:42:58.201437","100","524689","172.26.191.172","5000","31.120797000","48","1","48192","31.177365000"
"13290","14:42:58.201439","100","524737","172.26.191.172","5000","31.120799000","48","1","48192","31.177367000"
"13291","14:42:58.231056","52","1","100.64.0.5","48192","31.150416000","0","523633","5000","31.206984000"
"13292","14:42:58.231089","100","524785","172.26.191.172","5000","31.150449000","48","1","48192","31.207017000"
"13293","14:42:58.231099","100","524833","172.26.191.172","5000","31.150459000","48","1","48192","31.207027000"
"13294","14:42:58.231109","100","524881","172.26.191.172","5000","31.150469000","48","1","48192","31.207037000"
"13295","14:42:58.231111","100","524929","172.26.191.172","5000","31.150471000","48","1","48192","31.207039000"
"13296","14:42:58.231117","100","524977","172.26.191.172","5000","31.150477000","48","1","48192","31.207045000"
"13297","14:42:58.231119","100","525025","172.26.191.172","5000","31.150479000","48","1","48192","31.207047000"
"13298","14:42:58.231131","52","1","100.64.0.5","48192","31.150491000","0","523729","5000","31.207059000"
"13299","14:42:58.231141","100","525073","172.26.191.172","5000","31.150501000","48","1","48192","31.207069000"
"13300","14:42:58.231142","100","525121","172.26.191.172","5000","31.150502000","48","1","48192","31.207070000"
"13301","14:42:58.261418","52","1","100.64.0.5","48192","31.180778000","0","524017","5000","31.237346000"
"13302","14:42:58.261457","100","525169","172.26.191.172","5000","31.180817000","48","1","48192","31.237385000"
"13303","14:42:58.261466","100","525217","172.26.191.172","5000","31.180826000","48","1","48192","31.237394000"
"13304","14:42:58.261477","100","525265","172.26.191.172","5000","31.180837000","48","1","48192","31.237405000"
"13305","14:42:58.261478","100","525313","172.26.191.172","5000","31.180838000","48","1","48192","31.237406000"
"13306","14:42:58.261486","100","525361","172.26.191.172","5000","31.180846000","48","1","48192","31.237414000"
"13307","14:42:58.261487","100","525409","172.26.191.172","5000","31.180847000","48","1","48192","31.237415000"
"13308","14:42:58.261498","52","1","100.64.0.5","48192","31.180858000","0","524305","5000","31.237426000"
"13309","14:42:58.261512","100","525457","172.26.191.172","5000","31.180872000","48","1","48192","31.237440000"
"13310","14:42:58.261514","100","525505","172.26.191.172","5000","31.180874000","48","1","48192","31.237442000"
"13311","14:42:58.261520","100","525553","172.26.191.172","5000","31.180880000","48","1","48192","31.237448000"
"13312","14:42:58.261522","100","525601","172.26.191.172","5000","31.180882000","48","1","48192","31.237450000"
"13313","14:42:58.261527","100","525649","172.26.191.172","5000","31.180887000","48","1","48192","31.237455000"
"13314","14:42:58.261528","100","525697","172.26.191.172","5000","31.180888000","48","1","48192","31.237456000"
"13315","14:42:58.261535","52","1","100.64.0.5","48192","31.180895000","0","524401","5000","31.237463000"
"13316","14:42:58.261544","100","525745","172.26.191.172","5000","31.180904000","48","1","48192","31.237472000"
"13317","14:42:58.261546","100","525793","172.26.191.172","5000","31.180906000","48","1","48192","31.237474000"
"13318","14:42:58.291906","52","1","100.64.0.5","48192","31.211266000","0","524689","5000","31.267834000"
"13319","14:42:58.291945","100","525841","172.26.191.172","5000","31.211305000","48","1","48192","31.267873000"
"13320","14:42:58.291954","100","525889","172.26.191.172","5000","31.211314000","48","1","48192","31.267882000"
"13321","14:42:58.291965","100","525937","172.26.191.172","5000","31.211325000","48","1","48192","31.267893000"
"13322","14:42:58.291966","100","525985","172.26.191.172","5000","31.211326000","48","1","48192","31.267894000"
"13323","14:42:58.291974","100","526033","172.26.191.172","5000","31.211334000","48","1","48192","31.267902000"
"13324","14:42:58.291976","100","526081","172.26.191.172","5000","31.211336000","48","1","48192","31.267904000"
"13325","14:42:58.291987","52","1","100.64.0.5","48192","31.211347000","0","524785","5000","31.267915000"
"13326","14:42:58.291997","100","526129","172.26.191.172","5000","31.211357000","48","1","48192","31.267925000"
"13327","14:42:58.291998","100","526177","172.26.191.172","5000","31.211358000","48","1","48192","31.267926000"
"13328","14:42:58.321793","52","1","100.64.0.5","48192","31.241153000","0","525073","5000","31.297721000"
"13329","14:42:58.321830","100","526225","172.26.191.172","5000","31.241190000","48","1","48192","31.297758000"
"13330","14:42:58.321840","100","526273","172.26.191.172","5000","31.241200000","48","1","48192","31.297768000"
"13331","14:42:58.321851","100","526321","172.26.191.172","5000","31.241211000","48","1","48192","31.297779000"
"13332","14:42:58.321852","100","526369","172.26.191.172","5000","31.241212000","48","1","48192","31.297780000"
"13333","14:42:58.321858","100","526417","172.26.191.172","5000","31.241218000","48","1","48192","31.297786000"
"13334","14:42:58.321860","100","526465","172.26.191.172","5000","31.241220000","48","1","48192","31.297788000"
"13335","14:42:58.321872","52","1","100.64.0.5","48192","31.241232000","0","525169","5000","31.297800000"
"13336","14:42:58.321881","100","526513","172.26.191.172","5000","31.241241000","48","1","48192","31.297809000"
"13337","14:42:58.321883","100","526561","172.26.191.172","5000","31.241243000","48","1","48192","31.297811000"
"13338","14:42:58.352098","52","1","100.64.0.5","48192","31.271458000","0","525457","5000","31.328026000"
"13339","14:42:58.352133","100","526609","172.26.191.172","5000","31.271493000","48","1","48192","31.328061000"
"13340","14:42:58.352141","100","526657","172.26.191.172","5000","31.271501000","48","1","48192","31.328069000"
"13341","14:42:58.352152","100","526705","172.26.191.172","5000","31.271512000","48","1","48192","31.328080000"
"13342","14:42:58.352153","100","526753","172.26.191.172","5000","31.271513000","48","1","48192","31.328081000"
"13343","14:42:58.352159","100","526801","172.26.191.172","5000","31.271519000","48","1","48192","31.328087000"
"13344","14:42:58.352160","100","526849","172.26.191.172","5000","31.271520000","48","1","48192","31.328088000"
"13345","14:42:58.352172","52","1","100.64.0.5","48192","31.271532000","0","525745","5000","31.328100000"
"13346","14:42:58.352183","100","526897","172.26.191.172","5000","31.271543000","48","1","48192","31.328111000"
"13347","14:42:58.352184","100","526945","172.26.191.172","5000","31.271544000","48","1","48192","31.328112000"
"13348","14:42:58.352193","100","526993","172.26.191.172","5000","31.271553000","48","1","48192","31.328121000"
"13349","14:42:58.352194","100","527041","172.26.191.172","5000","31.271554000","48","1","48192","31.328122000"
"13350","14:42:58.352199","100","527089","172.26.191.172","5000","31.271559000","48","1","48192","31.328127000"
"13351","14:42:58.352200","100","527137","172.26.191.172","5000","31.271560000","48","1","48192","31.328128000"
"13352","14:42:58.352206","100","527185","172.26.191.172","5000","31.271566000","48","1","48192","31.328134000"
"13353","14:42:58.352207","100","527233","172.26.191.172","5000","31.271567000","48","1","48192","31.328135000"
"13354","14:42:58.352213","52","1","100.64.0.5","48192","31.271573000","0","525841","5000","31.328141000"
"13355","14:42:58.352221","100","527281","172.26.191.172","5000","31.271581000","48","1","48192","31.328149000"
"13356","14:42:58.352223","100","527329","172.26.191.172","5000","31.271583000","48","1","48192","31.328151000"
"13357","14:42:58.372130","48",,,,,,,,"31.348058000"
"13358","14:42:58.382419","52","1","100.64.0.5","48192","31.301779000","0","526129","5000","31.358347000"
"13359","14:42:58.382458","100","527377","172.26.191.172","5000","31.301818000","48","1","48192","31.358386000"
"13360","14:42:58.382467","100","527425","172.26.191.172","5000","31.301827000","48","1","48192","31.358395000"
"13361","14:42:58.382478","100","527473","172.26.191.172","5000","31.301838000","48","1","48192","31.358406000"
"13362","14:42:58.382479","100","527521","172.26.191.172","5000","31.301839000","48","1","48192","31.358407000"
"13363","14:42:58.382486","100","527569","172.26.191.172","5000","31.301846000","48","1","48192","31.358414000"
"13364","14:42:58.382487","100","527617","172.26.191.172","5000","31.301847000","48","1","48192","31.358415000"
"13365","14:42:58.382499","52","1","100.64.0.5","48192","31.301859000","0","526225","5000","31.358427000"
"13366","14:42:58.382508","100","527665","172.26.191.172","5000","31.301868000","48","1","48192","31.358436000"
"13367","14:42:58.382509","100","527713","172.26.191.172","5000","31.301869000","48","1","48192","31.358437000"
"13368","14:42:58.413499","52","1","100.64.0.5","48192","31.332859000","0","526513","5000","31.389427000"
"13369","14:42:58.413539","100","527761","172.26.191.172","5000","31.332899000","48","1","48192","31.389467000"
"13370","14:42:58.413548","100","527809","172.26.191.172","5000","31.332908000","48","1","48192","31.389476000"
"13371","14:42:58.413558","100","527857","172.26.191.172","5000","31.332918000","48","1","48192","31.389486000"
"13372","14:42:58.413560","100","527905","172.26.191.172","5000","31.332920000","48","1","48192","31.389488000"
"13373","14:42:58.413566","100","527953","172.26.191.172","5000","31.332926000","48","1","48192","31.389494000"
"13374","14:42:58.413567","100","528001","172.26.191.172","5000","31.332927000","48","1","48192","31.389495000"
"13375","14:42:58.413578","52","1","100.64.0.5","48192","31.332938000","0","526609","5000","31.389506000"
"13376","14:42:58.413590","100","528049","172.26.191.172","5000","31.332950000","48","1","48192","31.389518000"
"13377","14:42:58.413592","100","528097","172.26.191.172","5000","31.332952000","48","1","48192","31.389520000"
"13378","14:42:58.443084","52","1","100.64.0.5","48192","31.362444000","0","526897","5000","31.419012000"
"13379","14:42:58.443124","100","528145","172.26.191.172","5000","31.362484000","48","1","48192","31.419052000"
"13380","14:42:58.443133","100","528193","172.26.191.172","5000","31.362493000","48","1","48192","31.419061000"
"13381","14:42:58.443144","100","528241","172.26.191.172","5000","31.362504000","48","1","48192","31.419072000"
"13382","14:42:58.443146","100","528289","172.26.191.172","5000","31.362506000","48","1","48192","31.419074000"
"13383","14:42:58.443152","100","528337","172.26.191.172","5000","31.362512000","48","1","48192","31.419080000"
"13384","14:42:58.443153","100","528385","172.26.191.172","5000","31.362513000","48","1","48192","31.419081000"
"13385","14:42:58.443165","52","1","100.64.0.5","48192","31.362525000","0","527185","5000","31.419093000"
"13386","14:42:58.443175","100","528433","172.26.191.172","5000","31.362535000","48","1","48192","31.419103000"
"13387","14:42:58.443177","100","528481","172.26.191.172","5000","31.362537000","48","1","48192","31.419105000"
"13388","14:42:58.443184","100","528529","172.26.191.172","5000","31.362544000","48","1","48192","31.419112000"
"13389","14:42:58.443185","100","528577","172.26.191.172","5000","31.362545000","48","1","48192","31.419113000"
"13390","14:42:58.443191","100","528625","172.26.191.172","5000","31.362551000","48","1","48192","31.419119000"
"13391","14:42:58.443192","100","528673","172.26.191.172","5000","31.362552000","48","1","48192","31.419120000"
"13392","14:42:58.443199","52","1","100.64.0.5","48192","31.362559000","0","527281","5000","31.419127000"
"13393","14:42:58.443207","100","528721","172.26.191.172","5000","31.362567000","48","1","48192","31.419135000"
"13394","14:42:58.443208","100","528769","172.26.191.172","5000","31.362568000","48","1","48192","31.419136000"
"13395","14:42:58.474659","52","1","100.64.0.5","48192","31.394019000","0","527569","5000","31.450587000"
"13396","14:42:58.474703","100","528817","172.26.191.172","5000","31.394063000","48","1","48192","31.450631000"
"13397","14:42:58.474713","100","528865","172.26.191.172","5000","31.394073000","48","1","48192","31.450641000"
"13398","14:42:58.474725","100","528913","172.26.191.172","5000","31.394085000","48","1","48192","31.450653000"
"13399","14:42:58.474727","100","528961","172.26.191.172","5000","31.394087000","48","1","48192","31.450655000"
"13400","14:42:58.474733","100","529009","172.26.191.172","5000","31.394093000","48","1","48192","31.450661000"
"13401","14:42:58.474735","100","529057","172.26.191.172","5000","31.394095000","48","1","48192","31.450663000"
"13402","14:42:58.474748","52","1","100.64.0.5","48192","31.394108000","0","527761","5000","31.450676000"
"13403","14:42:58.474759","100","529105","172.26.191.172","5000","31.394119000","48","1","48192","31.450687000"
"13404","14:42:58.474760","100","529153","172.26.191.172","5000","31.394120000","48","1","48192","31.450688000"
"13405","14:42:58.474770","100","529201","172.26.191.172","5000","31.394130000","48","1","48192","31.450698000"
"13406","14:42:58.474772","100","529249","172.26.191.172","5000","31.394132000","48","1","48192","31.450700000"
"13407","14:42:58.503873","52","1","100.64.0.5","48192","31.423233000","0","528049","5000","31.479801000"
"13408","14:42:58.503912","100","529297","172.26.191.172","5000","31.423272000","48","1","48192","31.479840000"
"13409","14:42:58.503921","100","529345","172.26.191.172","5000","31.423281000","48","1","48192","31.479849000"
"13410","14:42:58.503933","100","529393","172.26.191.172","5000","31.423293000","48","1","48192","31.479861000"
"13411","14:42:58.503934","100","529441","172.26.191.172","5000","31.423294000","48","1","48192","31.479862000"
"13412","14:42:58.503942","100","529489","172.26.191.172","5000","31.423302000","48","1","48192","31.479870000"
"13413","14:42:58.503943","100","529537","172.26.191.172","5000","31.423303000","48","1","48192","31.479871000"
"13414","14:42:58.503955","52","1","100.64.0.5","48192","31.423315000","0","528145","5000","31.479883000"
"13415","14:42:58.503964","100","529585","172.26.191.172","5000","31.423324000","48","1","48192","31.479892000"
"13416","14:42:58.503966","100","529633","172.26.191.172","5000","31.423326000","48","1","48192","31.479894000"
"13417","14:42:58.534545","52","1","100.64.0.5","48192","31.453905000","0","528433","5000","31.510473000"
"13418","14:42:58.534585","100","529681","172.26.191.172","5000","31.453945000","48","1","48192","31.510513000"
"13419","14:42:58.534594","100","529729","172.26.191.172","5000","31.453954000","48","1","48192","31.510522000"
"13420","14:42:58.534604","100","529777","172.26.191.172","5000","31.453964000","48","1","48192","31.510532000"
"13421","14:42:58.534606","100","529825","172.26.191.172","5000","31.453966000","48","1","48192","31.510534000"
"13422","14:42:58.534612","100","529873","172.26.191.172","5000","31.453972000","48","1","48192","31.510540000"
"13423","14:42:58.534613","100","529921","172.26.191.172","5000","31.453973000","48","1","48192","31.510541000"
"13424","14:42:58.534625","52","1","100.64.0.5","48192","31.453985000","0","528625","5000","31.510553000"
"13425","14:42:58.534635","100","529969","172.26.191.172","5000","31.453995000","48","1","48192","31.510563000"
"13426","14:42:58.534637","100","530017","172.26.191.172","5000","31.453997000","48","1","48192","31.510565000"
"13427","14:42:58.534643","100","530065","172.26.191.172","5000","31.454003000","48","1","48192","31.510571000"
"13428","14:42:58.534644","100","530113","172.26.191.172","5000","31.454004000","48","1","48192","31.510572000"
"13429","14:42:58.534651","52","1","100.64.0.5","48192","31.454011000","0","528817","5000","31.510579000"
"13430","14:42:58.534660","100","530161","172.26.191.172","5000","31.454020000","48","1","48192","31.510588000"
"13431","14:42:58.534661","100","530209","172.26.191.172","5000","31.454021000","48","1","48192","31.510589000"
"13432","14:42:58.534669","100","530257","172.26.191.172","5000","31.454029000","48","1","48192","31.510597000"
"13433","14:42:58.534670","100","530305","172.26.191.172","5000","31.454030000","48","1","48192","31.510598000"
"13434","14:42:58.534676","100","530353","172.26.191.172","5000","31.454036000","48","1","48192","31.510604000"
"13435","14:42:58.534677","100","530401","172.26.191.172","5000","31.454037000","48","1","48192","31.510605000"
"13436","14:42:58.563850","52","1","100.64.0.5","48192","31.483210000","0","529105","5000","31.539778000"
"13437","14:42:58.563889","100","530449","172.26.191.172","5000","31.483249000","48","1","48192","31.539817000"
"13438","14:42:58.563898","100","530497","172.26.191.172","5000","31.483258000","48","1","48192","31.539826000"
"13439","14:42:58.563909","100","530545","172.26.191.172","5000","31.483269000","48","1","48192","31.539837000"
"13440","14:42:58.563911","100","530593","172.26.191.172","5000","31.483271000","48","1","48192","31.539839000"
"13441","14:42:58.563917","100","530641","172.26.191.172","5000","31.483277000","48","1","48192","31.539845000"
"13442","14:42:58.563918","100","530689","172.26.191.172","5000","31.483278000","48","1","48192","31.539846000"
"13443","14:42:58.563929","52","1","100.64.0.5","48192","31.483289000","0","529297","5000","31.539857000"
"13444","14:42:58.563939","100","530737","172.26.191.172","5000","31.483299000","48","1","48192","31.539867000"
"13445","14:42:58.563941","100","530785","172.26.191.172","5000","31.483301000","48","1","48192","31.539869000"
"13446","14:42:58.563948","100","530833","172.26.191.172","5000","31.483308000","48","1","48192","31.539876000"
"13447","14:42:58.563949","100","530881","172.26.191.172","5000","31.483309000","48","1","48192","31.539877000"
"13448","14:42:58.595208","52","1","100.64.0.5","48192","31.514568000","0","529585","5000","31.571136000"
"13449","14:42:58.595248","100","530929","172.26.191.172","5000","31.514608000","48","1","48192","31.571176000"
"13450","14:42:58.595257","100","530977","172.26.191.172","5000","31.514617000","48","1","48192","31.571185000"
"13451","14:42:58.595267","100","531025","172.26.191.172","5000","31.514627000","48","1","48192","31.571195000"
"13452","14:42:58.595269","100","531073","172.26.191.172","5000","31.514629000","48","1","48192","31.571197000"
"13453","14:42:58.595275","100","531121","172.26.191.172","5000","31.514635000","48","1","48192","31.571203000"
"13454","14:42:58.595276","100","531169","172.26.191.172","5000","31.514636000","48","1","48192","31.571204000"
"13455","14:42:58.595287","52","1","100.64.0.5","48192","31.514647000","0","529681","5000","31.571215000"
"13456","14:42:58.595297","100","531217","172.26.191.172","5000","31.514657000","48","1","48192","31.571225000"
"13457","14:42:58.595298","100","531265","172.26.191.172","5000","31.514658000","48","1","48192","31.571226000"
"13458","14:42:58.624942","52","1","100.64.0.5","48192","31.544302000","0","529969","5000","31.600870000"
"13459","14:42:58.624983","100","531313","172.26.191.172","5000","31.544343000","48","1","48192","31.600911000"
"13460","14:42:58.624992","100","531361","172.26.191.172","5000","31.544352000","48","1","48192","31.600920000"
"13461","14:42:58.625002","100","531409","172.26.191.172","5000","31.544362000","48","1","48192","31.600930000"
"13462","14:42:58.625004","100","531457","172.26.191.172","5000","31.544364000","48","1","48192","31.600932000"
"13463","14:42:58.625010","100","531505","172.26.191.172","5000","31.544370000","48","1","48192","31.600938000"
"13464","14:42:58.625011","100","531553","172.26.191.172","5000","31.544371000","48","1","48192","31.600939000"
"13465","14:42:58.625023","52","1","100.64.0.5","48192","31.544383000","0","530257","5000","31.600951000"
"13466","14:42:58.625034","100","531601","172.26.191.172","5000","31.544394000","48","1","48192","31.600962000"
"13467","14:42:58.625036","100","531649","172.26.191.172","5000","31.544396000","48","1","48192","31.600964000"
"13468","14:42:58.625043","100","531697","172.26.191.172","5000","31.544403000","48","1","48192","31.600971000"
"13469","14:42:58.625044","100","531745","172.26.191.172","5000","31.544404000","48","1","48192","31.600972000"
"13470","14:42:58.625051","100","531793","172.26.191.172","5000","31.544411000","48","1","48192","31.600979000"
"13471","14:42:58.625052","100","531841","172.26.191.172","5000","31.544412000","48","1","48192","31.600980000"
"13472","14:42:58.625058","52","1","100.64.0.5","48192","31.544418000","0","530353","5000","31.600986000"
"13473","14:42:58.625067","100","531889","172.26.191.172","5000","31.544427000","48","1","48192","31.600995000"
"13474","14:42:58.625069","100","531937","172.26.191.172","5000","31.544429000","48","1","48192","31.600997000"
"13475","14:42:58.655386","52","1","100.64.0.5","48192","31.574746000","0","530641","5000","31.631314000"
"13476","14:42:58.655427","100","531985","172.26.191.172","5000","31.574787000","48","1","48192","31.631355000"
"13477","14:42:58.655435","100","532033","172.26.191.172","5000","31.574795000","48","1","48192","31.631363000"
"13478","14:42:58.655446","100","532081","172.26.191.172","5000","31.574806000","48","1","48192","31.631374000"
"13479","14:42:58.655448","100","532129","172.26.191.172","5000","31.574808000","48","1","48192","31.631376000"
"13480","14:42:58.655454","100","532177","172.26.191.172","5000","31.574814000","48","1","48192","31.631382000"
"13481","14:42:58.655455","100","532225","172.26.191.172","5000","31.574815000","48","1","48192","31.631383000"
"13482","14:42:58.655467","52","1","100.64.0.5","48192","31.574827000","0","530929","5000","31.631395000"
"13483","14:42:58.655478","100","532273","172.26.191.172","5000","31.574838000","48","1","48192","31.631406000"
"13484","14:42:58.655479","100","532321","172.26.191.172","5000","31.574839000","48","1","48192","31.631407000"
"13485","14:42:58.655486","100","532369","172.26.191.172","5000","31.574846000","48","1","48192","31.631414000"
"13486","14:42:58.655487","100","532417","172.26.191.172","5000","31.574847000","48","1","48192","31.631415000"
"13487","14:42:58.655496","100","532465","172.26.191.172","5000","31.574856000","48","1","48192","31.631424000"
"13488","14:42:58.655497","100","532513","172.26.191.172","5000","31.574857000","48","1","48192","31.631425000"
"13489","14:42:58.686107","52","1","100.64.0.5","48192","31.605467000","0","531217","5000","31.662035000"
"13490","14:42:58.686152","100","532561","172.26.191.172","5000","31.605512000","48","1","48192","31.662080000"
"13491","14:42:58.686162","100","532609","172.26.191.172","5000","31.605522000","48","1","48192","31.662090000"
"13492","14:42:58.686175","100","532657","172.26.191.172","5000","31.605535000","48","1","48192","31.662103000"
"13493","14:42:58.686177","100","532705","172.26.191.172","5000","31.605537000","48","1","48192","31.662105000"
"13494","14:42:58.686184","100","532753","172.26.191.172","5000","31.605544000","48","1","48192","31.662112000"
"13495","14:42:58.686186","100","532801","172.26.191.172","5000","31.605546000","48","1","48192","31.662114000"
"13496","14:42:58.686199","52","1","100.64.0.5","48192","31.605559000","0","531313","5000","31.662127000"
"13497","14:42:58.686211","100","532849","172.26.191.172","5000","31.605571000","48","1","48192","31.662139000"
"13498","14:42:58.686212","100","532897","172.26.191.172","5000","31.605572000","48","1","48192","31.662140000"
"13499","14:42:58.716331","52","1","100.64.0.5","48192","31.635691000","0","531409","5000","31.692259000"
"13500","14:42:58.716392","100","532945","172.26.191.172","5000","31.635752000","48","1","48192","31.692320000"
"13501","14:42:58.716403","100","532993","172.26.191.172","5000","31.635763000","48","1","48192","31.692331000"
"13502","14:42:58.716430","52","1","100.64.0.5","48192","31.635790000","0","531697","5000","31.692358000"
"13503","14:42:58.716445","100","533041","172.26.191.172","5000","31.635805000","48","1","48192","31.692373000"
"13504","14:42:58.716447","100","533089","172.26.191.172","5000","31.635807000","48","1","48192","31.692375000"
"13505","14:42:58.716456","100","533137","172.26.191.172","5000","31.635816000","48","1","48192","31.692384000"
"13506","14:42:58.716457","100","533185","172.26.191.172","5000","31.635817000","48","1","48192","31.692385000"
"13507","14:42:58.716463","100","533233","172.26.191.172","5000","31.635823000","48","1","48192","31.692391000"
"13508","14:42:58.716465","100","533281","172.26.191.172","5000","31.635825000","48","1","48192","31.692393000"
"13509","14:42:58.716474","52","1","100.64.0.5","48192","31.635834000","0","531985","5000","31.692402000"
"13510","14:42:58.716486","100","533329","172.26.191.172","5000","31.635846000","48","1","48192","31.692414000"
"13511","14:42:58.716487","100","533377","172.26.191.172","5000","31.635847000","48","1","48192","31.692415000"
"13512","14:42:58.716497","100","533425","172.26.191.172","5000","31.635857000","48","1","48192","31.692425000"
"13513","14:42:58.716498","100","533473","172.26.191.172","5000","31.635858000","48","1","48192","31.692426000"
"13514","14:42:58.716507","100","533521","172.26.191.172","5000","31.635867000","48","1","48192","31.692435000"
"13515","14:42:58.716509","100","533569","172.26.191.172","5000","31.635869000","48","1","48192","31.692437000"
"13516","14:42:58.716515","100","533617","172.26.191.172","5000","31.635875000","48","1","48192","31.692443000"
"13517","14:42:58.716516","100","533665","172.26.191.172","5000","31.635876000","48","1","48192","31.692444000"
